task_index,permutation,family,target,selected_model,n_total,n_train_validation,n_test,n_features,split_seed,permutation_seed,model_random_state,r2,mae,rmse
3,1,mlp,target_interaction_energy_kcal_mol,mlp_128_64_32_a1e-3,2582,2194,388,19,42,42,42,-0.007107969868385577,4.093562385115841,4.843193316814018
3,2,mlp,target_interaction_energy_kcal_mol,mlp_128_64_32_a1e-3,2582,2194,388,19,42,42,42,-0.01239238452069813,4.319628193766448,5.115686685359372
3,3,mlp,target_interaction_energy_kcal_mol,mlp_128_64_32_a1e-3,2582,2194,388,19,42,42,42,-0.01795380142476266,4.216769081651679,4.9580472890537814
3,4,mlp,target_interaction_energy_kcal_mol,mlp_128_64_32_a1e-3,2582,2194,388,19,42,42,42,-0.007865315904813208,4.191635549047342,4.967990157980036
3,5,mlp,target_interaction_energy_kcal_mol,mlp_128_64_32_a1e-3,2582,2194,388,19,42,42,42,-0.009560987478233862,3.990458842666438,4.804253565890677
3,6,mlp,target_interaction_energy_kcal_mol,mlp_128_64_32_a1e-3,2582,2194,388,19,42,42,42,-0.014301378143895427,4.360878390399386,5.1063145127278435
3,7,mlp,target_interaction_energy_kcal_mol,mlp_128_64_32_a1e-3,2582,2194,388,19,42,42,42,-0.0063425762352906645,4.150631558664969,4.9031260015500475
3,8,mlp,target_interaction_energy_kcal_mol,mlp_128_64_32_a1e-3,2582,2194,388,19,42,42,42,-0.03496124811000523,4.303653166935036,5.02881525038789
3,9,mlp,target_interaction_energy_kcal_mol,mlp_128_64_32_a1e-3,2582,2194,388,19,42,42,42,-0.008315071357844372,4.254589911130067,5.1059900228034945
3,10,mlp,target_interaction_energy_kcal_mol,mlp_128_64_32_a1e-3,2582,2194,388,19,42,42,42,-0.018173262494531883,4.100195089602443,4.853401662413312
3,11,mlp,target_interaction_energy_kcal_mol,mlp_128_64_32_a1e-3,2582,2194,388,19,42,42,42,-0.0058758702660819395,4.111120537024043,4.866788271465723
3,12,mlp,target_interaction_energy_kcal_mol,mlp_128_64_32_a1e-3,2582,2194,388,19,42,42,42,0.0006133067886507915,4.085235640922722,4.83833720690269
3,13,mlp,target_interaction_energy_kcal_mol,mlp_128_64_32_a1e-3,2582,2194,388,19,42,42,42,-0.023543707011202786,4.07525577136812,4.8629885631097896
3,14,mlp,target_interaction_energy_kcal_mol,mlp_128_64_32_a1e-3,2582,2194,388,19,42,42,42,-0.03558500170435108,4.299225569134892,4.987217568573597
3,15,mlp,target_interaction_energy_kcal_mol,mlp_128_64_32_a1e-3,2582,2194,388,19,42,42,42,-0.008022780703609289,4.1857913140434,4.980676484460757
3,16,mlp,target_interaction_energy_kcal_mol,mlp_128_64_32_a1e-3,2582,2194,388,19,42,42,42,-0.02748578048887862,4.323276343146522,5.020840080301674
3,17,mlp,target_interaction_energy_kcal_mol,mlp_128_64_32_a1e-3,2582,2194,388,19,42,42,42,-0.01267876387916389,4.1706033504528754,4.8271725663439335
3,18,mlp,target_interaction_energy_kcal_mol,mlp_128_64_32_a1e-3,2582,2194,388,19,42,42,42,-0.006916720098055329,4.071458181814925,4.755642593501525
3,19,mlp,target_interaction_energy_kcal_mol,mlp_128_64_32_a1e-3,2582,2194,388,19,42,42,42,-0.04482077235220405,4.425990074393085,5.129583257851282
3,20,mlp,target_interaction_energy_kcal_mol,mlp_128_64_32_a1e-3,2582,2194,388,19,42,42,42,-0.013521873804157591,4.308154518871456,5.063733854704176
3,21,mlp,target_interaction_energy_kcal_mol,mlp_128_64_32_a1e-3,2582,2194,388,19,42,42,42,-0.047242164770379125,4.404799839431924,5.167354104317989
3,22,mlp,target_interaction_energy_kcal_mol,mlp_128_64_32_a1e-3,2582,2194,388,19,42,42,42,-0.002855296133684737,4.04513274156787,4.772109598212283
3,23,mlp,target_interaction_energy_kcal_mol,mlp_128_64_32_a1e-3,2582,2194,388,19,42,42,42,-0.03350260230165847,4.3148280689923855,5.095978135618038
3,24,mlp,target_interaction_energy_kcal_mol,mlp_128_64_32_a1e-3,2582,2194,388,19,42,42,42,-0.036472205909302335,4.108749139707257,4.84924106182073
3,25,mlp,target_interaction_energy_kcal_mol,mlp_128_64_32_a1e-3,2582,2194,388,19,42,42,42,-0.032295351643429004,4.288433195717868,5.072620166404659
3,26,mlp,target_interaction_energy_kcal_mol,mlp_128_64_32_a1e-3,2582,2194,388,19,42,42,42,-0.03860843943834569,4.128072658106776,4.914347806803322
3,27,mlp,target_interaction_energy_kcal_mol,mlp_128_64_32_a1e-3,2582,2194,388,19,42,42,42,-0.011086024765412095,3.9475704287809004,4.798736355489136
3,28,mlp,target_interaction_energy_kcal_mol,mlp_128_64_32_a1e-3,2582,2194,388,19,42,42,42,-0.013525039367662917,4.154744201552504,4.846035152640761
3,29,mlp,target_interaction_energy_kcal_mol,mlp_128_64_32_a1e-3,2582,2194,388,19,42,42,42,-0.008512580906268274,3.9739598613746683,4.743062545843335
3,30,mlp,target_interaction_energy_kcal_mol,mlp_128_64_32_a1e-3,2582,2194,388,19,42,42,42,-0.01380367224150425,4.087807546204105,4.846443364287742
3,31,mlp,target_interaction_energy_kcal_mol,mlp_128_64_32_a1e-3,2582,2194,388,19,42,42,42,-0.03811806242852578,4.202087697116538,4.933611355034208
3,32,mlp,target_interaction_energy_kcal_mol,mlp_128_64_32_a1e-3,2582,2194,388,19,42,42,42,-0.025391553915486753,4.177045990110772,4.985731624977625
3,33,mlp,target_interaction_energy_kcal_mol,mlp_128_64_32_a1e-3,2582,2194,388,19,42,42,42,-0.014184972855854072,4.233721532639661,4.935924005284475
3,34,mlp,target_interaction_energy_kcal_mol,mlp_128_64_32_a1e-3,2582,2194,388,19,42,42,42,-0.04309509949043444,4.1278928456546655,4.890802439623108
3,35,mlp,target_interaction_energy_kcal_mol,mlp_128_64_32_a1e-3,2582,2194,388,19,42,42,42,0.01062810994251584,4.184651980930539,4.93859091349338
3,36,mlp,target_interaction_energy_kcal_mol,mlp_128_64_32_a1e-3,2582,2194,388,19,42,42,42,-0.017042095221079245,4.03158405675109,4.781730033719554
3,37,mlp,target_interaction_energy_kcal_mol,mlp_128_64_32_a1e-3,2582,2194,388,19,42,42,42,-0.03745914701438258,4.325228158412837,5.032615950594776
3,38,mlp,target_interaction_energy_kcal_mol,mlp_128_64_32_a1e-3,2582,2194,388,19,42,42,42,-0.012670915132957372,4.0325471822129835,4.699271499145708
3,39,mlp,target_interaction_energy_kcal_mol,mlp_128_64_32_a1e-3,2582,2194,388,19,42,42,42,-0.011797431333621322,4.3137839337749515,5.079705118958457
3,40,mlp,target_interaction_energy_kcal_mol,mlp_128_64_32_a1e-3,2582,2194,388,19,42,42,42,-0.018410908228155165,4.345064035261364,5.080191666135056
3,41,mlp,target_interaction_energy_kcal_mol,mlp_128_64_32_a1e-3,2582,2194,388,19,42,42,42,-0.005018945561218402,3.9403968845361845,4.617373380567297
3,42,mlp,target_interaction_energy_kcal_mol,mlp_128_64_32_a1e-3,2582,2194,388,19,42,42,42,-0.027915730987347676,3.98243436182141,4.746004619442619
3,43,mlp,target_interaction_energy_kcal_mol,mlp_128_64_32_a1e-3,2582,2194,388,19,42,42,42,-0.03600439053092774,4.209792819487792,4.980624966023101
3,44,mlp,target_interaction_energy_kcal_mol,mlp_128_64_32_a1e-3,2582,2194,388,19,42,42,42,-0.010845621049854426,4.231399702527652,5.032556740812222
3,45,mlp,target_interaction_energy_kcal_mol,mlp_128_64_32_a1e-3,2582,2194,388,19,42,42,42,-0.0057561482809525,4.091536010759237,4.832046440265585
3,46,mlp,target_interaction_energy_kcal_mol,mlp_128_64_32_a1e-3,2582,2194,388,19,42,42,42,0.0012845434280756018,4.009685015907441,4.742351697400527
3,47,mlp,target_interaction_energy_kcal_mol,mlp_128_64_32_a1e-3,2582,2194,388,19,42,42,42,-0.024067726476581397,4.247587439852069,5.013829243872006
3,48,mlp,target_interaction_energy_kcal_mol,mlp_128_64_32_a1e-3,2582,2194,388,19,42,42,42,-0.01530704790033277,4.064227381825537,4.796652672156175
3,49,mlp,target_interaction_energy_kcal_mol,mlp_128_64_32_a1e-3,2582,2194,388,19,42,42,42,-0.028619992101405645,4.316056390831304,5.046690875495992
3,50,mlp,target_interaction_energy_kcal_mol,mlp_128_64_32_a1e-3,2582,2194,388,19,42,42,42,-0.02411452661969471,3.9588617817704304,4.761679515351816
3,51,mlp,target_interaction_energy_kcal_mol,mlp_128_64_32_a1e-3,2582,2194,388,19,42,42,42,-0.020534616303505615,4.088681390020117,4.790740468041583
3,52,mlp,target_interaction_energy_kcal_mol,mlp_128_64_32_a1e-3,2582,2194,388,19,42,42,42,-0.013421402540267469,4.154638810382133,4.967563030743416
3,53,mlp,target_interaction_energy_kcal_mol,mlp_128_64_32_a1e-3,2582,2194,388,19,42,42,42,-0.04363709023844686,4.065780012994549,4.856022936110148
3,54,mlp,target_interaction_energy_kcal_mol,mlp_128_64_32_a1e-3,2582,2194,388,19,42,42,42,0.002103636891209071,4.020231244176766,4.710161157327074
3,55,mlp,target_interaction_energy_kcal_mol,mlp_128_64_32_a1e-3,2582,2194,388,19,42,42,42,-0.023780261894206234,4.335333007989837,5.043888862154736
3,56,mlp,target_interaction_energy_kcal_mol,mlp_128_64_32_a1e-3,2582,2194,388,19,42,42,42,-0.03287115069072177,4.038205431886285,4.799619966704172
3,57,mlp,target_interaction_energy_kcal_mol,mlp_128_64_32_a1e-3,2582,2194,388,19,42,42,42,-0.0051072997886609794,4.12307428330032,4.891084999209443
3,58,mlp,target_interaction_energy_kcal_mol,mlp_128_64_32_a1e-3,2582,2194,388,19,42,42,42,-0.013676979716070736,4.0693681817118845,4.853679884563552
3,59,mlp,target_interaction_energy_kcal_mol,mlp_128_64_32_a1e-3,2582,2194,388,19,42,42,42,-0.04466474234173057,4.072382019949636,4.872684958059695
3,60,mlp,target_interaction_energy_kcal_mol,mlp_128_64_32_a1e-3,2582,2194,388,19,42,42,42,-0.06052270801367077,4.29671439214142,5.020135474070083
3,61,mlp,target_interaction_energy_kcal_mol,mlp_128_64_32_a1e-3,2582,2194,388,19,42,42,42,-0.008505304889917964,3.8972819870064614,4.681227680263399
3,62,mlp,target_interaction_energy_kcal_mol,mlp_128_64_32_a1e-3,2582,2194,388,19,42,42,42,-0.024819329838760895,4.099577361345974,4.945742581602426
3,63,mlp,target_interaction_energy_kcal_mol,mlp_128_64_32_a1e-3,2582,2194,388,19,42,42,42,-0.010128830842847325,3.9690679619917786,4.6907570799617435
3,64,mlp,target_interaction_energy_kcal_mol,mlp_128_64_32_a1e-3,2582,2194,388,19,42,42,42,-0.0009104435633080499,4.244857554042641,5.030096094592734
3,65,mlp,target_interaction_energy_kcal_mol,mlp_128_64_32_a1e-3,2582,2194,388,19,42,42,42,-0.010941720641856056,3.986460378081888,4.780502161636099
3,66,mlp,target_interaction_energy_kcal_mol,mlp_128_64_32_a1e-3,2582,2194,388,19,42,42,42,-0.025690220601181535,3.9559218034558516,4.806879013075164
3,67,mlp,target_interaction_energy_kcal_mol,mlp_128_64_32_a1e-3,2582,2194,388,19,42,42,42,0.000450580805951839,4.2825960102179,5.0221057130468445
3,68,mlp,target_interaction_energy_kcal_mol,mlp_128_64_32_a1e-3,2582,2194,388,19,42,42,42,-0.030681898960803755,4.1956639666177376,5.01437289034288
3,69,mlp,target_interaction_energy_kcal_mol,mlp_128_64_32_a1e-3,2582,2194,388,19,42,42,42,-0.016584962778044332,4.384957600859623,5.105051380302805
3,70,mlp,target_interaction_energy_kcal_mol,mlp_128_64_32_a1e-3,2582,2194,388,19,42,42,42,-0.006881450431837521,4.279639387195915,4.972723981092079
3,71,mlp,target_interaction_energy_kcal_mol,mlp_128_64_32_a1e-3,2582,2194,388,19,42,42,42,-0.02605617090926926,4.157264879109209,4.96008804677547
3,72,mlp,target_interaction_energy_kcal_mol,mlp_128_64_32_a1e-3,2582,2194,388,19,42,42,42,-0.05431777062366128,4.09823135782842,4.900129127794674
3,73,mlp,target_interaction_energy_kcal_mol,mlp_128_64_32_a1e-3,2582,2194,388,19,42,42,42,-0.012392292798824034,4.005363506778666,4.774909530914383
3,74,mlp,target_interaction_energy_kcal_mol,mlp_128_64_32_a1e-3,2582,2194,388,19,42,42,42,-0.004073587814588109,4.270010169328456,5.005582666711313
3,75,mlp,target_interaction_energy_kcal_mol,mlp_128_64_32_a1e-3,2582,2194,388,19,42,42,42,-0.016275012877993156,4.199186826474425,4.9957793961611365
3,76,mlp,target_interaction_energy_kcal_mol,mlp_128_64_32_a1e-3,2582,2194,388,19,42,42,42,-0.005241452102885624,3.9941471697139863,4.778897760349291
3,77,mlp,target_interaction_energy_kcal_mol,mlp_128_64_32_a1e-3,2582,2194,388,19,42,42,42,-0.02794409492577321,4.015525006660969,4.721251401493311
3,78,mlp,target_interaction_energy_kcal_mol,mlp_128_64_32_a1e-3,2582,2194,388,19,42,42,42,0.0012091645845128118,4.241184192216253,5.0063117129059584
3,79,mlp,target_interaction_energy_kcal_mol,mlp_128_64_32_a1e-3,2582,2194,388,19,42,42,42,-0.011619626310064524,4.224602206724623,5.040552392926524
3,80,mlp,target_interaction_energy_kcal_mol,mlp_128_64_32_a1e-3,2582,2194,388,19,42,42,42,-0.0012386313779375602,4.021865464639193,4.786328008585802
3,81,mlp,target_interaction_energy_kcal_mol,mlp_128_64_32_a1e-3,2582,2194,388,19,42,42,42,-0.025217986673937043,4.142734103540812,5.026820817834985
3,82,mlp,target_interaction_energy_kcal_mol,mlp_128_64_32_a1e-3,2582,2194,388,19,42,42,42,-0.010486009088766846,4.3641097523704016,5.109131843353105
3,83,mlp,target_interaction_energy_kcal_mol,mlp_128_64_32_a1e-3,2582,2194,388,19,42,42,42,-0.04516926818680611,4.0477119783215585,4.746192729736186
3,84,mlp,target_interaction_energy_kcal_mol,mlp_128_64_32_a1e-3,2582,2194,388,19,42,42,42,-0.012970169595322822,4.11801800050821,4.87050125703325
3,85,mlp,target_interaction_energy_kcal_mol,mlp_128_64_32_a1e-3,2582,2194,388,19,42,42,42,-0.010672400942966842,4.002810978730163,4.695340896165967
3,86,mlp,target_interaction_energy_kcal_mol,mlp_128_64_32_a1e-3,2582,2194,388,19,42,42,42,-0.016749059708044634,4.10112985477807,4.872860268071205
3,87,mlp,target_interaction_energy_kcal_mol,mlp_128_64_32_a1e-3,2582,2194,388,19,42,42,42,0.008259317239097563,4.0794940159380175,4.791699242952398
3,88,mlp,target_interaction_energy_kcal_mol,mlp_128_64_32_a1e-3,2582,2194,388,19,42,42,42,-0.01723394412932966,4.236211865771445,5.041066583083841
3,89,mlp,target_interaction_energy_kcal_mol,mlp_128_64_32_a1e-3,2582,2194,388,19,42,42,42,-0.025043692061306633,4.270811322048691,5.078802420266554
3,90,mlp,target_interaction_energy_kcal_mol,mlp_128_64_32_a1e-3,2582,2194,388,19,42,42,42,-0.010019485236226977,4.16151461692609,4.963130348084741
3,91,mlp,target_interaction_energy_kcal_mol,mlp_128_64_32_a1e-3,2582,2194,388,19,42,42,42,-0.024410333037236054,4.066447211085246,4.847960742969243
3,92,mlp,target_interaction_energy_kcal_mol,mlp_128_64_32_a1e-3,2582,2194,388,19,42,42,42,-0.046360707766727405,4.45478282198395,5.181340936115588
3,93,mlp,target_interaction_energy_kcal_mol,mlp_128_64_32_a1e-3,2582,2194,388,19,42,42,42,-0.01919388552293122,4.413933971096714,5.219551890941516
3,94,mlp,target_interaction_energy_kcal_mol,mlp_128_64_32_a1e-3,2582,2194,388,19,42,42,42,-0.00978477431198832,4.155444768915194,4.968710433351614
3,95,mlp,target_interaction_energy_kcal_mol,mlp_128_64_32_a1e-3,2582,2194,388,19,42,42,42,-0.0360383741862611,4.148319155339388,4.902765109941266
3,96,mlp,target_interaction_energy_kcal_mol,mlp_128_64_32_a1e-3,2582,2194,388,19,42,42,42,-0.009145228407546169,4.307893291629262,5.064165794390251
3,97,mlp,target_interaction_energy_kcal_mol,mlp_128_64_32_a1e-3,2582,2194,388,19,42,42,42,-0.00985535575253893,4.1902359761904355,4.9550540711069155
3,98,mlp,target_interaction_energy_kcal_mol,mlp_128_64_32_a1e-3,2582,2194,388,19,42,42,42,-0.039821070843514494,4.159418826842533,4.928928741548575
3,99,mlp,target_interaction_energy_kcal_mol,mlp_128_64_32_a1e-3,2582,2194,388,19,42,42,42,-0.031274925827953215,3.990020056593189,4.739686977457671
3,100,mlp,target_interaction_energy_kcal_mol,mlp_128_64_32_a1e-3,2582,2194,388,19,42,42,42,-0.021524043653601055,4.286132481536825,5.066191381157389
3,101,mlp,target_interaction_energy_kcal_mol,mlp_128_64_32_a1e-3,2582,2194,388,19,42,42,42,-0.028628649704568243,4.183004763847961,4.897032844101494
3,102,mlp,target_interaction_energy_kcal_mol,mlp_128_64_32_a1e-3,2582,2194,388,19,42,42,42,-0.007428477469493933,4.017318669919417,4.716482089573944
3,103,mlp,target_interaction_energy_kcal_mol,mlp_128_64_32_a1e-3,2582,2194,388,19,42,42,42,-0.02972188929047448,3.9806867821709777,4.760698371196709
3,104,mlp,target_interaction_energy_kcal_mol,mlp_128_64_32_a1e-3,2582,2194,388,19,42,42,42,-0.012958875706564621,3.838654163721703,4.668291300920203
3,105,mlp,target_interaction_energy_kcal_mol,mlp_128_64_32_a1e-3,2582,2194,388,19,42,42,42,-0.02691914794825223,4.119781981011141,4.881560677022544
3,106,mlp,target_interaction_energy_kcal_mol,mlp_128_64_32_a1e-3,2582,2194,388,19,42,42,42,-0.03110137901745169,4.117464222321015,4.931639035918772
3,107,mlp,target_interaction_energy_kcal_mol,mlp_128_64_32_a1e-3,2582,2194,388,19,42,42,42,-0.01458192300954897,4.34648998827348,5.050299318331433
3,108,mlp,target_interaction_energy_kcal_mol,mlp_128_64_32_a1e-3,2582,2194,388,19,42,42,42,-0.020504582394707427,4.231465953094115,5.019562110017489
3,109,mlp,target_interaction_energy_kcal_mol,mlp_128_64_32_a1e-3,2582,2194,388,19,42,42,42,-0.021973526950704425,4.134326335343072,5.036909259265278
3,110,mlp,target_interaction_energy_kcal_mol,mlp_128_64_32_a1e-3,2582,2194,388,19,42,42,42,-0.01298783733906661,4.086362798001801,4.813560261919588
3,111,mlp,target_interaction_energy_kcal_mol,mlp_128_64_32_a1e-3,2582,2194,388,19,42,42,42,-0.038142515333847715,4.1557923524346325,4.834965296401697
3,112,mlp,target_interaction_energy_kcal_mol,mlp_128_64_32_a1e-3,2582,2194,388,19,42,42,42,-0.02074996279746877,4.22369968992204,4.978400963661459
3,113,mlp,target_interaction_energy_kcal_mol,mlp_128_64_32_a1e-3,2582,2194,388,19,42,42,42,-0.013019909720999312,4.309960995697666,5.022367920982366
3,114,mlp,target_interaction_energy_kcal_mol,mlp_128_64_32_a1e-3,2582,2194,388,19,42,42,42,-0.015839898093265914,4.125829001603957,4.80496738120702
3,115,mlp,target_interaction_energy_kcal_mol,mlp_128_64_32_a1e-3,2582,2194,388,19,42,42,42,-0.007114158410152616,4.016250947007029,4.7509694857789295
3,116,mlp,target_interaction_energy_kcal_mol,mlp_128_64_32_a1e-3,2582,2194,388,19,42,42,42,-0.0030538817209750935,4.206500582705436,5.023972879091729
3,117,mlp,target_interaction_energy_kcal_mol,mlp_128_64_32_a1e-3,2582,2194,388,19,42,42,42,-0.01662840893221662,4.283508298316992,5.096463967824896
3,118,mlp,target_interaction_energy_kcal_mol,mlp_128_64_32_a1e-3,2582,2194,388,19,42,42,42,-0.00983284397376294,4.02067542108327,4.754812868740107
3,119,mlp,target_interaction_energy_kcal_mol,mlp_128_64_32_a1e-3,2582,2194,388,19,42,42,42,-0.03888902777441139,4.11737014622869,4.9350738092928035
3,120,mlp,target_interaction_energy_kcal_mol,mlp_128_64_32_a1e-3,2582,2194,388,19,42,42,42,-0.056541507766721066,4.12718191694792,4.911895827488222
3,121,mlp,target_interaction_energy_kcal_mol,mlp_128_64_32_a1e-3,2582,2194,388,19,42,42,42,-0.018717219705131516,4.135484596444937,4.90387511639923
3,122,mlp,target_interaction_energy_kcal_mol,mlp_128_64_32_a1e-3,2582,2194,388,19,42,42,42,-0.016286115832963466,4.080618880720943,4.864755519745171
3,123,mlp,target_interaction_energy_kcal_mol,mlp_128_64_32_a1e-3,2582,2194,388,19,42,42,42,-0.09118054880612458,4.638119447430695,5.369005794615986
3,124,mlp,target_interaction_energy_kcal_mol,mlp_128_64_32_a1e-3,2582,2194,388,19,42,42,42,0.018207358907768367,3.9504464736002904,4.628220843668589
3,125,mlp,target_interaction_energy_kcal_mol,mlp_128_64_32_a1e-3,2582,2194,388,19,42,42,42,-0.010151473505980446,4.07296075007679,4.851279084553668
3,126,mlp,target_interaction_energy_kcal_mol,mlp_128_64_32_a1e-3,2582,2194,388,19,42,42,42,-0.003917926635541358,4.079099334302217,4.879580761193408
3,127,mlp,target_interaction_energy_kcal_mol,mlp_128_64_32_a1e-3,2582,2194,388,19,42,42,42,-0.013686165843529885,4.083228845241822,4.817133035833466
3,128,mlp,target_interaction_energy_kcal_mol,mlp_128_64_32_a1e-3,2582,2194,388,19,42,42,42,-0.0290862580971345,4.33276587270931,5.224669016847277
3,129,mlp,target_interaction_energy_kcal_mol,mlp_128_64_32_a1e-3,2582,2194,388,19,42,42,42,-0.03537745056400854,4.309705595923379,5.078445533439421
3,130,mlp,target_interaction_energy_kcal_mol,mlp_128_64_32_a1e-3,2582,2194,388,19,42,42,42,-0.02068385904104142,4.301644848388024,5.103929241107162
3,131,mlp,target_interaction_energy_kcal_mol,mlp_128_64_32_a1e-3,2582,2194,388,19,42,42,42,-0.004322244492532823,4.147822610216337,4.8945010769899735
3,132,mlp,target_interaction_energy_kcal_mol,mlp_128_64_32_a1e-3,2582,2194,388,19,42,42,42,-0.0023824169864781197,4.162707095039514,4.914511964173463
3,133,mlp,target_interaction_energy_kcal_mol,mlp_128_64_32_a1e-3,2582,2194,388,19,42,42,42,-0.01315022727002102,4.21110107658767,4.9777598213087435
3,134,mlp,target_interaction_energy_kcal_mol,mlp_128_64_32_a1e-3,2582,2194,388,19,42,42,42,-0.014933131353391138,4.027789342230518,4.842450155052563
3,135,mlp,target_interaction_energy_kcal_mol,mlp_128_64_32_a1e-3,2582,2194,388,19,42,42,42,-0.013371283908355958,4.090522998218878,4.901452772096183
3,136,mlp,target_interaction_energy_kcal_mol,mlp_128_64_32_a1e-3,2582,2194,388,19,42,42,42,-0.03865383489821195,4.122273429517435,4.898170721536215
3,137,mlp,target_interaction_energy_kcal_mol,mlp_128_64_32_a1e-3,2582,2194,388,19,42,42,42,-0.016517823564562217,4.007913919508352,4.743734776698023
3,138,mlp,target_interaction_energy_kcal_mol,mlp_128_64_32_a1e-3,2582,2194,388,19,42,42,42,-0.014971262238312244,4.074150735145094,4.7965342966016715
3,139,mlp,target_interaction_energy_kcal_mol,mlp_128_64_32_a1e-3,2582,2194,388,19,42,42,42,-0.011567050229194242,4.271604830601108,5.071937344187566
3,140,mlp,target_interaction_energy_kcal_mol,mlp_128_64_32_a1e-3,2582,2194,388,19,42,42,42,-0.044257827147143436,4.146498256137883,4.86007111841567
3,141,mlp,target_interaction_energy_kcal_mol,mlp_128_64_32_a1e-3,2582,2194,388,19,42,42,42,-0.020993128615561574,4.195151967356936,5.074735705239639
3,142,mlp,target_interaction_energy_kcal_mol,mlp_128_64_32_a1e-3,2582,2194,388,19,42,42,42,0.0059928963384895395,4.155977367092199,4.952190882951858
3,143,mlp,target_interaction_energy_kcal_mol,mlp_128_64_32_a1e-3,2582,2194,388,19,42,42,42,-0.019075207333958843,4.107062502475708,4.829193675221381
3,144,mlp,target_interaction_energy_kcal_mol,mlp_128_64_32_a1e-3,2582,2194,388,19,42,42,42,-0.04757031616626728,4.0837857881525705,4.916720475460188
3,145,mlp,target_interaction_energy_kcal_mol,mlp_128_64_32_a1e-3,2582,2194,388,19,42,42,42,-0.02961614219658104,4.247116692789473,4.910459913318164
3,146,mlp,target_interaction_energy_kcal_mol,mlp_128_64_32_a1e-3,2582,2194,388,19,42,42,42,-0.0036347096532778345,4.278478120159213,4.992189381420923
3,147,mlp,target_interaction_energy_kcal_mol,mlp_128_64_32_a1e-3,2582,2194,388,19,42,42,42,-0.015818231001523797,4.162873609470653,4.932183076766881
3,148,mlp,target_interaction_energy_kcal_mol,mlp_128_64_32_a1e-3,2582,2194,388,19,42,42,42,-0.0105678795288362,4.334579367408261,5.0798366014374725
3,149,mlp,target_interaction_energy_kcal_mol,mlp_128_64_32_a1e-3,2582,2194,388,19,42,42,42,-0.04974290636910306,4.362086185147323,5.078905079540083
3,150,mlp,target_interaction_energy_kcal_mol,mlp_128_64_32_a1e-3,2582,2194,388,19,42,42,42,-0.009108283233845382,4.1249107906516445,4.858798486344879
3,151,mlp,target_interaction_energy_kcal_mol,mlp_128_64_32_a1e-3,2582,2194,388,19,42,42,42,-0.042065232092872495,4.342761469231224,5.064439592857537
3,152,mlp,target_interaction_energy_kcal_mol,mlp_128_64_32_a1e-3,2582,2194,388,19,42,42,42,-0.03200873846997099,4.189714222647822,4.990506762908996
3,153,mlp,target_interaction_energy_kcal_mol,mlp_128_64_32_a1e-3,2582,2194,388,19,42,42,42,-0.029020238200932358,4.378070213211581,5.098224078252922
3,154,mlp,target_interaction_energy_kcal_mol,mlp_128_64_32_a1e-3,2582,2194,388,19,42,42,42,-0.032760697737030275,4.4674997320528265,5.209505054148666
3,155,mlp,target_interaction_energy_kcal_mol,mlp_128_64_32_a1e-3,2582,2194,388,19,42,42,42,-0.006939156841951011,4.210086989150879,4.959763590891488
3,156,mlp,target_interaction_energy_kcal_mol,mlp_128_64_32_a1e-3,2582,2194,388,19,42,42,42,-0.012498832078734257,4.180138813859753,4.894160148831122
3,157,mlp,target_interaction_energy_kcal_mol,mlp_128_64_32_a1e-3,2582,2194,388,19,42,42,42,-0.018466817845433914,4.201548208546856,4.996797009981436
3,158,mlp,target_interaction_energy_kcal_mol,mlp_128_64_32_a1e-3,2582,2194,388,19,42,42,42,-0.02277124982676182,4.010699956984923,4.760936283635987
3,159,mlp,target_interaction_energy_kcal_mol,mlp_128_64_32_a1e-3,2582,2194,388,19,42,42,42,0.0028152961238941954,4.010622101295585,4.719781356975358
3,160,mlp,target_interaction_energy_kcal_mol,mlp_128_64_32_a1e-3,2582,2194,388,19,42,42,42,0.0013736030572153446,4.183435524831276,4.954921174226195
3,161,mlp,target_interaction_energy_kcal_mol,mlp_128_64_32_a1e-3,2582,2194,388,19,42,42,42,-0.010715817593186738,4.176935981063865,4.925792526512869
3,162,mlp,target_interaction_energy_kcal_mol,mlp_128_64_32_a1e-3,2582,2194,388,19,42,42,42,-0.02676405375690427,4.220708364300486,4.950574971245249
3,163,mlp,target_interaction_energy_kcal_mol,mlp_128_64_32_a1e-3,2582,2194,388,19,42,42,42,-0.027891089748028453,4.1354878602464735,5.013461199283894
3,164,mlp,target_interaction_energy_kcal_mol,mlp_128_64_32_a1e-3,2582,2194,388,19,42,42,42,-0.01774170485787252,4.132583975618584,4.956715403052001
3,165,mlp,target_interaction_energy_kcal_mol,mlp_128_64_32_a1e-3,2582,2194,388,19,42,42,42,-0.029678084864819265,4.286734852123587,5.028046233095838
3,166,mlp,target_interaction_energy_kcal_mol,mlp_128_64_32_a1e-3,2582,2194,388,19,42,42,42,-0.0028820660346933202,3.958013802278265,4.707141758848927
3,167,mlp,target_interaction_energy_kcal_mol,mlp_128_64_32_a1e-3,2582,2194,388,19,42,42,42,-0.027078151990182153,4.163615760289182,4.994405427431515
3,168,mlp,target_interaction_energy_kcal_mol,mlp_128_64_32_a1e-3,2582,2194,388,19,42,42,42,-0.019036880051365168,4.334890632985613,5.050610255914845
3,169,mlp,target_interaction_energy_kcal_mol,mlp_128_64_32_a1e-3,2582,2194,388,19,42,42,42,-0.005574310324873544,4.005015350064993,4.751326744099264
3,170,mlp,target_interaction_energy_kcal_mol,mlp_128_64_32_a1e-3,2582,2194,388,19,42,42,42,-0.03094176933238857,4.097721097657644,4.879234348060857
3,171,mlp,target_interaction_energy_kcal_mol,mlp_128_64_32_a1e-3,2582,2194,388,19,42,42,42,-0.03958205123253267,4.112572800228003,4.941406669924882
3,172,mlp,target_interaction_energy_kcal_mol,mlp_128_64_32_a1e-3,2582,2194,388,19,42,42,42,-0.026715233133783878,4.068810316460017,4.797116555105948
3,173,mlp,target_interaction_energy_kcal_mol,mlp_128_64_32_a1e-3,2582,2194,388,19,42,42,42,-0.012065209119276332,4.099947378251559,4.869150988122044
3,174,mlp,target_interaction_energy_kcal_mol,mlp_128_64_32_a1e-3,2582,2194,388,19,42,42,42,0.0045461620050194496,4.0484998876711735,4.756011666427714
3,175,mlp,target_interaction_energy_kcal_mol,mlp_128_64_32_a1e-3,2582,2194,388,19,42,42,42,-0.025971959981339054,4.01962395323945,4.87010559244294
3,176,mlp,target_interaction_energy_kcal_mol,mlp_128_64_32_a1e-3,2582,2194,388,19,42,42,42,-0.01658711342238739,4.150082914065284,4.959495314719174
3,177,mlp,target_interaction_energy_kcal_mol,mlp_128_64_32_a1e-3,2582,2194,388,19,42,42,42,-0.03981985958038625,3.870619095182988,4.615569855917461
3,178,mlp,target_interaction_energy_kcal_mol,mlp_128_64_32_a1e-3,2582,2194,388,19,42,42,42,-0.015475382585918407,4.130446222073736,4.980519731361266
3,179,mlp,target_interaction_energy_kcal_mol,mlp_128_64_32_a1e-3,2582,2194,388,19,42,42,42,-0.02034664179767387,4.467027720025779,5.234686908064685
3,180,mlp,target_interaction_energy_kcal_mol,mlp_128_64_32_a1e-3,2582,2194,388,19,42,42,42,-0.005857122863986319,4.1876167081428415,4.966646898806755
3,181,mlp,target_interaction_energy_kcal_mol,mlp_128_64_32_a1e-3,2582,2194,388,19,42,42,42,-0.02264498398585335,4.145211846771832,4.9181770889015155
3,182,mlp,target_interaction_energy_kcal_mol,mlp_128_64_32_a1e-3,2582,2194,388,19,42,42,42,-0.010393060687492905,4.111482825570242,4.817769957690883
3,183,mlp,target_interaction_energy_kcal_mol,mlp_128_64_32_a1e-3,2582,2194,388,19,42,42,42,-0.0301719581985318,4.329563518658853,5.09210378230538
3,184,mlp,target_interaction_energy_kcal_mol,mlp_128_64_32_a1e-3,2582,2194,388,19,42,42,42,-0.021816272190294805,4.351708574294384,5.1701184733295245
3,185,mlp,target_interaction_energy_kcal_mol,mlp_128_64_32_a1e-3,2582,2194,388,19,42,42,42,-0.006725045556897236,4.250178236477366,5.079941655175986
3,186,mlp,target_interaction_energy_kcal_mol,mlp_128_64_32_a1e-3,2582,2194,388,19,42,42,42,-0.029983782878820753,4.186521981488964,5.032552173946139
3,187,mlp,target_interaction_energy_kcal_mol,mlp_128_64_32_a1e-3,2582,2194,388,19,42,42,42,-0.01452007597952365,3.907925896327153,4.714232971622496
3,188,mlp,target_interaction_energy_kcal_mol,mlp_128_64_32_a1e-3,2582,2194,388,19,42,42,42,-0.008883805493457908,4.115774709981054,4.826924438747745
3,189,mlp,target_interaction_energy_kcal_mol,mlp_128_64_32_a1e-3,2582,2194,388,19,42,42,42,-0.02247655696583095,4.25956467369504,5.004109751380989
3,190,mlp,target_interaction_energy_kcal_mol,mlp_128_64_32_a1e-3,2582,2194,388,19,42,42,42,-0.008951040081229822,4.244061693810144,4.8798171967063295
3,191,mlp,target_interaction_energy_kcal_mol,mlp_128_64_32_a1e-3,2582,2194,388,19,42,42,42,-0.09082593874202072,4.232258055801126,4.999288548875895
3,192,mlp,target_interaction_energy_kcal_mol,mlp_128_64_32_a1e-3,2582,2194,388,19,42,42,42,0.00722608115310408,4.304887610444847,4.994101767861094
3,193,mlp,target_interaction_energy_kcal_mol,mlp_128_64_32_a1e-3,2582,2194,388,19,42,42,42,-0.03319987140478964,4.079826261012632,4.799909626695431
3,194,mlp,target_interaction_energy_kcal_mol,mlp_128_64_32_a1e-3,2582,2194,388,19,42,42,42,-0.013789289588319598,4.2017120054447785,4.984140669552933
3,195,mlp,target_interaction_energy_kcal_mol,mlp_128_64_32_a1e-3,2582,2194,388,19,42,42,42,0.00924144685124062,4.19271209809415,4.880185081834427
3,196,mlp,target_interaction_energy_kcal_mol,mlp_128_64_32_a1e-3,2582,2194,388,19,42,42,42,0.000820223833524758,4.06190664725356,4.815693845593497
3,197,mlp,target_interaction_energy_kcal_mol,mlp_128_64_32_a1e-3,2582,2194,388,19,42,42,42,0.0019415457687984583,4.26491176596279,5.058935285435172
3,198,mlp,target_interaction_energy_kcal_mol,mlp_128_64_32_a1e-3,2582,2194,388,19,42,42,42,-0.024769564139478728,4.152867369823732,4.907703127349398
3,199,mlp,target_interaction_energy_kcal_mol,mlp_128_64_32_a1e-3,2582,2194,388,19,42,42,42,0.006736288816307057,3.9632082864873728,4.7747468897824765
3,200,mlp,target_interaction_energy_kcal_mol,mlp_128_64_32_a1e-3,2582,2194,388,19,42,42,42,-0.016410844218916365,4.246295376163967,4.970549843886164
3,201,mlp,target_interaction_energy_kcal_mol,mlp_128_64_32_a1e-3,2582,2194,388,19,42,42,42,-0.033831563857112945,3.9450301254190063,4.70542714433655
3,202,mlp,target_interaction_energy_kcal_mol,mlp_128_64_32_a1e-3,2582,2194,388,19,42,42,42,-0.03344206596166632,4.156716096415428,4.887538008613799
3,203,mlp,target_interaction_energy_kcal_mol,mlp_128_64_32_a1e-3,2582,2194,388,19,42,42,42,-0.017045090978448085,4.196049626031067,5.023496387175482
3,204,mlp,target_interaction_energy_kcal_mol,mlp_128_64_32_a1e-3,2582,2194,388,19,42,42,42,-0.005364470934877685,4.162042750980832,4.844304517660094
3,205,mlp,target_interaction_energy_kcal_mol,mlp_128_64_32_a1e-3,2582,2194,388,19,42,42,42,-0.0015782354005260402,4.0406723609308735,4.74717867795285
3,206,mlp,target_interaction_energy_kcal_mol,mlp_128_64_32_a1e-3,2582,2194,388,19,42,42,42,0.008934423019385074,3.962039286773453,4.788623715245769
3,207,mlp,target_interaction_energy_kcal_mol,mlp_128_64_32_a1e-3,2582,2194,388,19,42,42,42,-0.01739980927564755,4.4573970747270595,5.315074450382753
3,208,mlp,target_interaction_energy_kcal_mol,mlp_128_64_32_a1e-3,2582,2194,388,19,42,42,42,0.003166229049303637,3.9196166916932182,4.6790911712998815
3,209,mlp,target_interaction_energy_kcal_mol,mlp_128_64_32_a1e-3,2582,2194,388,19,42,42,42,-0.0036772360615058286,4.17036734534604,4.977402837630897
3,210,mlp,target_interaction_energy_kcal_mol,mlp_128_64_32_a1e-3,2582,2194,388,19,42,42,42,-0.026576291390909113,4.345833451843715,5.138915409412346
3,211,mlp,target_interaction_energy_kcal_mol,mlp_128_64_32_a1e-3,2582,2194,388,19,42,42,42,-0.018350464713487336,4.071519748161209,4.879662607793244
3,212,mlp,target_interaction_energy_kcal_mol,mlp_128_64_32_a1e-3,2582,2194,388,19,42,42,42,-0.008940834966565614,4.1113845268572184,4.924011877277822
3,213,mlp,target_interaction_energy_kcal_mol,mlp_128_64_32_a1e-3,2582,2194,388,19,42,42,42,0.0005846793678333517,4.192681291792177,4.937794326896925
3,214,mlp,target_interaction_energy_kcal_mol,mlp_128_64_32_a1e-3,2582,2194,388,19,42,42,42,-0.050004666995453695,4.201822541929305,4.922295666822688
3,215,mlp,target_interaction_energy_kcal_mol,mlp_128_64_32_a1e-3,2582,2194,388,19,42,42,42,-0.002805923139761912,4.2195577158224555,4.918956296956789
3,216,mlp,target_interaction_energy_kcal_mol,mlp_128_64_32_a1e-3,2582,2194,388,19,42,42,42,-0.0075358176772797325,4.251451147093873,5.085896873645363
3,217,mlp,target_interaction_energy_kcal_mol,mlp_128_64_32_a1e-3,2582,2194,388,19,42,42,42,-0.010523248057614287,4.160707643853649,5.022013020268056
3,218,mlp,target_interaction_energy_kcal_mol,mlp_128_64_32_a1e-3,2582,2194,388,19,42,42,42,-0.006135113998769315,3.981317898579925,4.696666482198933
3,219,mlp,target_interaction_energy_kcal_mol,mlp_128_64_32_a1e-3,2582,2194,388,19,42,42,42,-0.021362686053461033,4.150268858146798,4.853270162629258
3,220,mlp,target_interaction_energy_kcal_mol,mlp_128_64_32_a1e-3,2582,2194,388,19,42,42,42,-0.004922109149196219,4.080152967833172,4.811071852416797
3,221,mlp,target_interaction_energy_kcal_mol,mlp_128_64_32_a1e-3,2582,2194,388,19,42,42,42,-0.01652368931738346,4.057720781845116,4.7689315772423875
3,222,mlp,target_interaction_energy_kcal_mol,mlp_128_64_32_a1e-3,2582,2194,388,19,42,42,42,-0.01505989723794654,4.3160372463198025,5.031025552075305
3,223,mlp,target_interaction_energy_kcal_mol,mlp_128_64_32_a1e-3,2582,2194,388,19,42,42,42,-0.03358343895380367,4.2729774983084585,5.040058307633454
3,224,mlp,target_interaction_energy_kcal_mol,mlp_128_64_32_a1e-3,2582,2194,388,19,42,42,42,-0.012044672997309824,4.086628890846644,4.845775006140158
3,225,mlp,target_interaction_energy_kcal_mol,mlp_128_64_32_a1e-3,2582,2194,388,19,42,42,42,-0.016510474128943464,4.328939672338573,5.16554394284476
3,226,mlp,target_interaction_energy_kcal_mol,mlp_128_64_32_a1e-3,2582,2194,388,19,42,42,42,-0.008148885506329195,4.048195604908307,4.750030121203609
3,227,mlp,target_interaction_energy_kcal_mol,mlp_128_64_32_a1e-3,2582,2194,388,19,42,42,42,-0.030671295234591334,4.215547462815225,4.964696146177149
3,228,mlp,target_interaction_energy_kcal_mol,mlp_128_64_32_a1e-3,2582,2194,388,19,42,42,42,-0.005016801086820788,4.18159291063792,4.934195473183826
3,229,mlp,target_interaction_energy_kcal_mol,mlp_128_64_32_a1e-3,2582,2194,388,19,42,42,42,-0.004686600848752498,4.162427681067638,4.904961663240075
3,230,mlp,target_interaction_energy_kcal_mol,mlp_128_64_32_a1e-3,2582,2194,388,19,42,42,42,-0.012698484189013426,4.198809484073696,4.906341722462887
3,231,mlp,target_interaction_energy_kcal_mol,mlp_128_64_32_a1e-3,2582,2194,388,19,42,42,42,-0.05442272432564388,4.149691398498127,4.948305511416605
3,232,mlp,target_interaction_energy_kcal_mol,mlp_128_64_32_a1e-3,2582,2194,388,19,42,42,42,-0.02679888844070555,4.164556684076168,4.9088946108547225
3,233,mlp,target_interaction_energy_kcal_mol,mlp_128_64_32_a1e-3,2582,2194,388,19,42,42,42,-0.0222168102715683,4.236298750766815,4.949564863025649
3,234,mlp,target_interaction_energy_kcal_mol,mlp_128_64_32_a1e-3,2582,2194,388,19,42,42,42,-0.012250752626821848,4.162960262637674,4.89171261746853
3,235,mlp,target_interaction_energy_kcal_mol,mlp_128_64_32_a1e-3,2582,2194,388,19,42,42,42,-0.03100979073880361,4.21695425524277,4.9059209069022245
3,236,mlp,target_interaction_energy_kcal_mol,mlp_128_64_32_a1e-3,2582,2194,388,19,42,42,42,-0.012976660728828637,4.196279958400877,4.98214261459138
3,237,mlp,target_interaction_energy_kcal_mol,mlp_128_64_32_a1e-3,2582,2194,388,19,42,42,42,-0.01319597279745266,4.181564827346086,4.909901021824807
3,238,mlp,target_interaction_energy_kcal_mol,mlp_128_64_32_a1e-3,2582,2194,388,19,42,42,42,-0.011894446368489575,4.225112007823562,4.965206778857577
3,239,mlp,target_interaction_energy_kcal_mol,mlp_128_64_32_a1e-3,2582,2194,388,19,42,42,42,-0.04363009818451502,4.258942603551112,5.027332554591931
3,240,mlp,target_interaction_energy_kcal_mol,mlp_128_64_32_a1e-3,2582,2194,388,19,42,42,42,-0.004525915975563066,4.0580859681018735,4.698519441220494
3,241,mlp,target_interaction_energy_kcal_mol,mlp_128_64_32_a1e-3,2582,2194,388,19,42,42,42,-0.021705644643005284,4.285717349569903,4.986016175545018
3,242,mlp,target_interaction_energy_kcal_mol,mlp_128_64_32_a1e-3,2582,2194,388,19,42,42,42,-0.030977236448274992,4.158783627258729,4.87746939658633
3,243,mlp,target_interaction_energy_kcal_mol,mlp_128_64_32_a1e-3,2582,2194,388,19,42,42,42,0.008877668201312083,4.251770697339277,5.026093894052693
3,244,mlp,target_interaction_energy_kcal_mol,mlp_128_64_32_a1e-3,2582,2194,388,19,42,42,42,-0.014347007095181663,4.136817464091246,4.935748581555192
3,245,mlp,target_interaction_energy_kcal_mol,mlp_128_64_32_a1e-3,2582,2194,388,19,42,42,42,-0.009552317709500047,4.136607852422483,4.8516644222741965
3,246,mlp,target_interaction_energy_kcal_mol,mlp_128_64_32_a1e-3,2582,2194,388,19,42,42,42,-0.01784938755571308,4.150281036078332,4.868530134842962
3,247,mlp,target_interaction_energy_kcal_mol,mlp_128_64_32_a1e-3,2582,2194,388,19,42,42,42,-0.013579139060944323,3.896039759439588,4.6803010804895715
3,248,mlp,target_interaction_energy_kcal_mol,mlp_128_64_32_a1e-3,2582,2194,388,19,42,42,42,-0.040019842314654275,4.2206904515051455,5.020869411828665
3,249,mlp,target_interaction_energy_kcal_mol,mlp_128_64_32_a1e-3,2582,2194,388,19,42,42,42,-0.02450408761722289,4.038431391612238,4.86656049772214
3,250,mlp,target_interaction_energy_kcal_mol,mlp_128_64_32_a1e-3,2582,2194,388,19,42,42,42,-0.0007507562946855728,4.292002852788538,5.031343867710139
3,251,mlp,target_interaction_energy_kcal_mol,mlp_128_64_32_a1e-3,2582,2194,388,19,42,42,42,-0.021327225893400525,4.186795960658083,4.950629093561464
3,252,mlp,target_interaction_energy_kcal_mol,mlp_128_64_32_a1e-3,2582,2194,388,19,42,42,42,-0.009302419502436043,4.0532209180697665,4.868012140593065
3,253,mlp,target_interaction_energy_kcal_mol,mlp_128_64_32_a1e-3,2582,2194,388,19,42,42,42,-0.00944362895854578,4.0497270400916845,4.925533155143761
3,254,mlp,target_interaction_energy_kcal_mol,mlp_128_64_32_a1e-3,2582,2194,388,19,42,42,42,-0.023335501492460997,4.135051145788995,4.91919639675246
3,255,mlp,target_interaction_energy_kcal_mol,mlp_128_64_32_a1e-3,2582,2194,388,19,42,42,42,-0.017777839155801445,4.247166151296476,5.025460996635825
3,256,mlp,target_interaction_energy_kcal_mol,mlp_128_64_32_a1e-3,2582,2194,388,19,42,42,42,-0.016667739391373226,4.323693238956187,5.0863852814434125
3,257,mlp,target_interaction_energy_kcal_mol,mlp_128_64_32_a1e-3,2582,2194,388,19,42,42,42,0.0032036049804152755,4.144075525181419,4.9264380497449185
3,258,mlp,target_interaction_energy_kcal_mol,mlp_128_64_32_a1e-3,2582,2194,388,19,42,42,42,-0.053188794454474,4.1332993536408695,4.9728050178818926
3,259,mlp,target_interaction_energy_kcal_mol,mlp_128_64_32_a1e-3,2582,2194,388,19,42,42,42,-0.003437856305227971,3.864430695123105,4.576538898307335
3,260,mlp,target_interaction_energy_kcal_mol,mlp_128_64_32_a1e-3,2582,2194,388,19,42,42,42,-0.06490491542909971,4.0898951594972015,4.86016008891596
3,261,mlp,target_interaction_energy_kcal_mol,mlp_128_64_32_a1e-3,2582,2194,388,19,42,42,42,-0.02571721370538893,4.054761345402475,4.897747170196393
3,262,mlp,target_interaction_energy_kcal_mol,mlp_128_64_32_a1e-3,2582,2194,388,19,42,42,42,-0.04313702411317988,4.322887946976665,5.10983222892134
3,263,mlp,target_interaction_energy_kcal_mol,mlp_128_64_32_a1e-3,2582,2194,388,19,42,42,42,-0.010703483925228241,4.048944703692832,4.7485823710605555
3,264,mlp,target_interaction_energy_kcal_mol,mlp_128_64_32_a1e-3,2582,2194,388,19,42,42,42,-0.0007609687406164856,3.9889412817928895,4.693455870411463
3,265,mlp,target_interaction_energy_kcal_mol,mlp_128_64_32_a1e-3,2582,2194,388,19,42,42,42,-0.027665187393353774,4.129336612019531,4.8486888430354105
3,266,mlp,target_interaction_energy_kcal_mol,mlp_128_64_32_a1e-3,2582,2194,388,19,42,42,42,-0.011893512048021249,4.156586334210223,4.870576838924943
3,267,mlp,target_interaction_energy_kcal_mol,mlp_128_64_32_a1e-3,2582,2194,388,19,42,42,42,-0.01082501032405414,4.1589094365250325,4.968189001537735
3,268,mlp,target_interaction_energy_kcal_mol,mlp_128_64_32_a1e-3,2582,2194,388,19,42,42,42,-0.007863924017250667,4.285943006127081,5.115065423819625
3,269,mlp,target_interaction_energy_kcal_mol,mlp_128_64_32_a1e-3,2582,2194,388,19,42,42,42,-0.013398561716560398,3.9945694155585594,4.755706811867774
3,270,mlp,target_interaction_energy_kcal_mol,mlp_128_64_32_a1e-3,2582,2194,388,19,42,42,42,-0.019341826090911285,4.089018202116211,4.897141493211109
3,271,mlp,target_interaction_energy_kcal_mol,mlp_128_64_32_a1e-3,2582,2194,388,19,42,42,42,-0.06612060963814903,4.244254273759105,5.035926164742554
3,272,mlp,target_interaction_energy_kcal_mol,mlp_128_64_32_a1e-3,2582,2194,388,19,42,42,42,0.0002768947314187864,3.938980835220463,4.701089665485309
3,273,mlp,target_interaction_energy_kcal_mol,mlp_128_64_32_a1e-3,2582,2194,388,19,42,42,42,-0.010139329318862522,4.008411765099272,4.669160073738295
3,274,mlp,target_interaction_energy_kcal_mol,mlp_128_64_32_a1e-3,2582,2194,388,19,42,42,42,-0.04256080735913481,4.21940108956186,5.021110745960318
3,275,mlp,target_interaction_energy_kcal_mol,mlp_128_64_32_a1e-3,2582,2194,388,19,42,42,42,-0.040396505444886044,4.2864984210053985,5.0435410535246215
3,276,mlp,target_interaction_energy_kcal_mol,mlp_128_64_32_a1e-3,2582,2194,388,19,42,42,42,-0.018172869989541818,4.233279376118609,4.984515055226635
3,277,mlp,target_interaction_energy_kcal_mol,mlp_128_64_32_a1e-3,2582,2194,388,19,42,42,42,-0.042949992244109,4.1604839473215,4.937295604838992
3,278,mlp,target_interaction_energy_kcal_mol,mlp_128_64_32_a1e-3,2582,2194,388,19,42,42,42,-0.015031122682920062,4.168543389621658,4.9984314134043
3,279,mlp,target_interaction_energy_kcal_mol,mlp_128_64_32_a1e-3,2582,2194,388,19,42,42,42,-0.08376438701265188,4.347424106767375,5.140628734916496
3,280,mlp,target_interaction_energy_kcal_mol,mlp_128_64_32_a1e-3,2582,2194,388,19,42,42,42,-0.023283946848116965,4.1862456495952,4.961940512426464
3,281,mlp,target_interaction_energy_kcal_mol,mlp_128_64_32_a1e-3,2582,2194,388,19,42,42,42,-0.005998168493600131,4.352436878935247,5.087440221200295
3,282,mlp,target_interaction_energy_kcal_mol,mlp_128_64_32_a1e-3,2582,2194,388,19,42,42,42,-0.013423830281901417,4.021576802293221,4.763005318345818
3,283,mlp,target_interaction_energy_kcal_mol,mlp_128_64_32_a1e-3,2582,2194,388,19,42,42,42,0.00302350979681687,4.173770191015812,4.989841623240363
3,284,mlp,target_interaction_energy_kcal_mol,mlp_128_64_32_a1e-3,2582,2194,388,19,42,42,42,-0.006163253315621731,3.9561113313421643,4.713992491361705
3,285,mlp,target_interaction_energy_kcal_mol,mlp_128_64_32_a1e-3,2582,2194,388,19,42,42,42,-0.016078400155323802,4.083183489532903,4.862393937825259
3,286,mlp,target_interaction_energy_kcal_mol,mlp_128_64_32_a1e-3,2582,2194,388,19,42,42,42,-0.0002353571625715034,4.245070116090537,5.026716130791704
3,287,mlp,target_interaction_energy_kcal_mol,mlp_128_64_32_a1e-3,2582,2194,388,19,42,42,42,-0.01823530575839083,4.4866216622036506,5.186164493963473
3,288,mlp,target_interaction_energy_kcal_mol,mlp_128_64_32_a1e-3,2582,2194,388,19,42,42,42,-0.021300145830186246,4.301914657829742,5.195101725483273
3,289,mlp,target_interaction_energy_kcal_mol,mlp_128_64_32_a1e-3,2582,2194,388,19,42,42,42,-0.014112598957258138,4.133102124278525,4.945125647157558
3,290,mlp,target_interaction_energy_kcal_mol,mlp_128_64_32_a1e-3,2582,2194,388,19,42,42,42,-0.009905873997583692,4.141771559478075,4.95422103442073
3,291,mlp,target_interaction_energy_kcal_mol,mlp_128_64_32_a1e-3,2582,2194,388,19,42,42,42,-0.03711208674532385,4.112618298009032,5.077282650002275
3,292,mlp,target_interaction_energy_kcal_mol,mlp_128_64_32_a1e-3,2582,2194,388,19,42,42,42,-0.011495324147862584,4.05761248770375,4.901265624851891
3,293,mlp,target_interaction_energy_kcal_mol,mlp_128_64_32_a1e-3,2582,2194,388,19,42,42,42,-0.00430567818727412,4.0577498956401765,4.748389633188396
3,294,mlp,target_interaction_energy_kcal_mol,mlp_128_64_32_a1e-3,2582,2194,388,19,42,42,42,-0.01255104457546019,4.162119315809242,5.009833464856066
3,295,mlp,target_interaction_energy_kcal_mol,mlp_128_64_32_a1e-3,2582,2194,388,19,42,42,42,-0.039417525085984506,3.985651774744686,4.704547159550104
3,296,mlp,target_interaction_energy_kcal_mol,mlp_128_64_32_a1e-3,2582,2194,388,19,42,42,42,-0.012515138567611217,4.111955294937839,4.845012330576152
3,297,mlp,target_interaction_energy_kcal_mol,mlp_128_64_32_a1e-3,2582,2194,388,19,42,42,42,-0.027573031127747782,4.353294296735055,5.056163491407093
3,298,mlp,target_interaction_energy_kcal_mol,mlp_128_64_32_a1e-3,2582,2194,388,19,42,42,42,-0.009307574554289433,4.2760778482095345,5.076004788212957
3,299,mlp,target_interaction_energy_kcal_mol,mlp_128_64_32_a1e-3,2582,2194,388,19,42,42,42,-0.04048731203492806,4.128143758436798,4.87782223340018
3,300,mlp,target_interaction_energy_kcal_mol,mlp_128_64_32_a1e-3,2582,2194,388,19,42,42,42,-0.021637669808915794,4.298532566434308,5.039719645023734
3,301,mlp,target_interaction_energy_kcal_mol,mlp_128_64_32_a1e-3,2582,2194,388,19,42,42,42,-0.02509297305023095,4.123877695807762,4.880393010462082
3,302,mlp,target_interaction_energy_kcal_mol,mlp_128_64_32_a1e-3,2582,2194,388,19,42,42,42,-0.010831056980599607,4.22007827425571,4.98469673846306
3,303,mlp,target_interaction_energy_kcal_mol,mlp_128_64_32_a1e-3,2582,2194,388,19,42,42,42,-0.04206226513116129,4.296219239131456,5.086163945410714
3,304,mlp,target_interaction_energy_kcal_mol,mlp_128_64_32_a1e-3,2582,2194,388,19,42,42,42,-0.01926453032151909,4.235698198409841,5.012289759230694
3,305,mlp,target_interaction_energy_kcal_mol,mlp_128_64_32_a1e-3,2582,2194,388,19,42,42,42,-0.018498064670665615,4.404849644516907,5.193144346029549
3,306,mlp,target_interaction_energy_kcal_mol,mlp_128_64_32_a1e-3,2582,2194,388,19,42,42,42,-0.0199472376999017,4.036230262961069,4.777532031350865
3,307,mlp,target_interaction_energy_kcal_mol,mlp_128_64_32_a1e-3,2582,2194,388,19,42,42,42,-0.03702500020198296,4.120122738656819,4.833372822348592
3,308,mlp,target_interaction_energy_kcal_mol,mlp_128_64_32_a1e-3,2582,2194,388,19,42,42,42,-0.020425716987227505,4.099225229211353,4.86422001449062
3,309,mlp,target_interaction_energy_kcal_mol,mlp_128_64_32_a1e-3,2582,2194,388,19,42,42,42,-0.01821675822278479,4.215555104791941,5.002273482641937
3,310,mlp,target_interaction_energy_kcal_mol,mlp_128_64_32_a1e-3,2582,2194,388,19,42,42,42,-0.00910243461489535,4.127674303110042,4.941960331286436
3,311,mlp,target_interaction_energy_kcal_mol,mlp_128_64_32_a1e-3,2582,2194,388,19,42,42,42,-0.008277203625631557,3.972043756711895,4.7837206269557395
3,312,mlp,target_interaction_energy_kcal_mol,mlp_128_64_32_a1e-3,2582,2194,388,19,42,42,42,-0.02375193055481062,4.179608096698018,5.040150642840288
3,313,mlp,target_interaction_energy_kcal_mol,mlp_128_64_32_a1e-3,2582,2194,388,19,42,42,42,-0.003465763761048457,4.106171860867711,4.7635970987977885
3,314,mlp,target_interaction_energy_kcal_mol,mlp_128_64_32_a1e-3,2582,2194,388,19,42,42,42,-0.04556614773401613,4.333418770496527,5.075890808432887
3,315,mlp,target_interaction_energy_kcal_mol,mlp_128_64_32_a1e-3,2582,2194,388,19,42,42,42,-0.015266273593520951,3.985856267877508,4.747297785838254
3,316,mlp,target_interaction_energy_kcal_mol,mlp_128_64_32_a1e-3,2582,2194,388,19,42,42,42,-0.010801684679163204,4.2111358941389305,4.984392663058064
3,317,mlp,target_interaction_energy_kcal_mol,mlp_128_64_32_a1e-3,2582,2194,388,19,42,42,42,-0.023898077580763344,4.122999629037032,4.947840899391203
3,318,mlp,target_interaction_energy_kcal_mol,mlp_128_64_32_a1e-3,2582,2194,388,19,42,42,42,-0.018707794716608772,4.148772578033215,4.918641356623522
3,319,mlp,target_interaction_energy_kcal_mol,mlp_128_64_32_a1e-3,2582,2194,388,19,42,42,42,-0.02266220941157404,4.336976329373381,5.088864148447046
3,320,mlp,target_interaction_energy_kcal_mol,mlp_128_64_32_a1e-3,2582,2194,388,19,42,42,42,-0.019256080945167175,4.200473682826554,4.87649050425346
3,321,mlp,target_interaction_energy_kcal_mol,mlp_128_64_32_a1e-3,2582,2194,388,19,42,42,42,-0.017065929663602653,4.2630884423086775,5.1033179392071775
3,322,mlp,target_interaction_energy_kcal_mol,mlp_128_64_32_a1e-3,2582,2194,388,19,42,42,42,-0.016279752118295132,4.103064278775043,4.801879605050219
3,323,mlp,target_interaction_energy_kcal_mol,mlp_128_64_32_a1e-3,2582,2194,388,19,42,42,42,-0.013447045206157249,4.176370446883234,4.898278530722599
3,324,mlp,target_interaction_energy_kcal_mol,mlp_128_64_32_a1e-3,2582,2194,388,19,42,42,42,-0.012533450602982832,3.9303980327421955,4.617526882354897
3,325,mlp,target_interaction_energy_kcal_mol,mlp_128_64_32_a1e-3,2582,2194,388,19,42,42,42,-0.037023946159966625,4.432833895090287,5.135432504170906
3,326,mlp,target_interaction_energy_kcal_mol,mlp_128_64_32_a1e-3,2582,2194,388,19,42,42,42,-0.04983644387859609,4.382881145803797,5.142331322198262
3,327,mlp,target_interaction_energy_kcal_mol,mlp_128_64_32_a1e-3,2582,2194,388,19,42,42,42,-0.023849317797854486,3.901075614648965,4.684404129960083
3,328,mlp,target_interaction_energy_kcal_mol,mlp_128_64_32_a1e-3,2582,2194,388,19,42,42,42,-0.007574745681703021,4.1788299237126925,4.886616290217817
3,329,mlp,target_interaction_energy_kcal_mol,mlp_128_64_32_a1e-3,2582,2194,388,19,42,42,42,-0.002884154873897815,4.003587126700711,4.684629033207577
3,330,mlp,target_interaction_energy_kcal_mol,mlp_128_64_32_a1e-3,2582,2194,388,19,42,42,42,-0.013819302693154789,3.923945514924443,4.661417381239789
3,331,mlp,target_interaction_energy_kcal_mol,mlp_128_64_32_a1e-3,2582,2194,388,19,42,42,42,-0.025032906243360742,4.2346249469504755,4.955150249288451
3,332,mlp,target_interaction_energy_kcal_mol,mlp_128_64_32_a1e-3,2582,2194,388,19,42,42,42,-0.0038271960088005486,4.233252612510302,4.983719935119964
3,333,mlp,target_interaction_energy_kcal_mol,mlp_128_64_32_a1e-3,2582,2194,388,19,42,42,42,-6.162072142434916e-05,4.1567165216312265,4.916094758480718
3,334,mlp,target_interaction_energy_kcal_mol,mlp_128_64_32_a1e-3,2582,2194,388,19,42,42,42,-0.041469620687218045,4.220084443359221,4.952532559126142
3,335,mlp,target_interaction_energy_kcal_mol,mlp_128_64_32_a1e-3,2582,2194,388,19,42,42,42,0.012925201245810869,3.9320221674453744,4.631269473395821
3,336,mlp,target_interaction_energy_kcal_mol,mlp_128_64_32_a1e-3,2582,2194,388,19,42,42,42,-0.0009392614562853119,4.327640224103783,5.029125260804241
3,337,mlp,target_interaction_energy_kcal_mol,mlp_128_64_32_a1e-3,2582,2194,388,19,42,42,42,-0.05039108764946243,4.182318429782509,4.902982392494279
3,338,mlp,target_interaction_energy_kcal_mol,mlp_128_64_32_a1e-3,2582,2194,388,19,42,42,42,0.004018764787392937,4.059558734227941,4.81526562228564
3,339,mlp,target_interaction_energy_kcal_mol,mlp_128_64_32_a1e-3,2582,2194,388,19,42,42,42,-0.00595461621743798,4.193361536284992,4.9444852790849065
3,340,mlp,target_interaction_energy_kcal_mol,mlp_128_64_32_a1e-3,2582,2194,388,19,42,42,42,-0.028906588147409096,4.136269645910683,4.873408784683337
3,341,mlp,target_interaction_energy_kcal_mol,mlp_128_64_32_a1e-3,2582,2194,388,19,42,42,42,-0.044922703988062196,4.317564304460949,5.1715136251307
3,342,mlp,target_interaction_energy_kcal_mol,mlp_128_64_32_a1e-3,2582,2194,388,19,42,42,42,-0.0014953479451758067,4.203086071247769,4.9938572552380265
3,343,mlp,target_interaction_energy_kcal_mol,mlp_128_64_32_a1e-3,2582,2194,388,19,42,42,42,-0.016428712937644585,4.02392491012716,4.80840244653544
3,344,mlp,target_interaction_energy_kcal_mol,mlp_128_64_32_a1e-3,2582,2194,388,19,42,42,42,-0.07814636949833287,4.270828157170765,5.086473407512059
3,345,mlp,target_interaction_energy_kcal_mol,mlp_128_64_32_a1e-3,2582,2194,388,19,42,42,42,-0.02552411938297272,4.244664845604877,4.938232067636648
3,346,mlp,target_interaction_energy_kcal_mol,mlp_128_64_32_a1e-3,2582,2194,388,19,42,42,42,-0.004029427776736316,3.9517729678789433,4.622712932479128
3,347,mlp,target_interaction_energy_kcal_mol,mlp_128_64_32_a1e-3,2582,2194,388,19,42,42,42,-0.034335296422830286,4.161322182618067,4.795401232683704
3,348,mlp,target_interaction_energy_kcal_mol,mlp_128_64_32_a1e-3,2582,2194,388,19,42,42,42,-0.017764629414540156,4.089299290309325,4.873009501096516
3,349,mlp,target_interaction_energy_kcal_mol,mlp_128_64_32_a1e-3,2582,2194,388,19,42,42,42,-0.0156763304962817,4.173874636222144,4.94504066619316
3,350,mlp,target_interaction_energy_kcal_mol,mlp_128_64_32_a1e-3,2582,2194,388,19,42,42,42,-0.007714072035688746,4.431725430490808,5.254945547604521
3,351,mlp,target_interaction_energy_kcal_mol,mlp_128_64_32_a1e-3,2582,2194,388,19,42,42,42,-0.01566358356521147,4.181886406070575,4.89003208411743
3,352,mlp,target_interaction_energy_kcal_mol,mlp_128_64_32_a1e-3,2582,2194,388,19,42,42,42,0.00015211570829065657,4.315093835333176,5.109843161246848
3,353,mlp,target_interaction_energy_kcal_mol,mlp_128_64_32_a1e-3,2582,2194,388,19,42,42,42,-0.008768600226514156,3.9619999008675495,4.72894072598366
3,354,mlp,target_interaction_energy_kcal_mol,mlp_128_64_32_a1e-3,2582,2194,388,19,42,42,42,-0.0154624107687793,4.026476803120959,4.8305813056982405
3,355,mlp,target_interaction_energy_kcal_mol,mlp_128_64_32_a1e-3,2582,2194,388,19,42,42,42,-0.012170106066079489,4.187175215366635,4.935292620231822
3,356,mlp,target_interaction_energy_kcal_mol,mlp_128_64_32_a1e-3,2582,2194,388,19,42,42,42,-0.016355828479998724,4.235816774999042,4.979036750956898
3,357,mlp,target_interaction_energy_kcal_mol,mlp_128_64_32_a1e-3,2582,2194,388,19,42,42,42,-0.03952546790909928,4.300445178170758,5.0690536275100655
3,358,mlp,target_interaction_energy_kcal_mol,mlp_128_64_32_a1e-3,2582,2194,388,19,42,42,42,-0.02617819084651507,4.1719729039423905,4.86002695965809
3,359,mlp,target_interaction_energy_kcal_mol,mlp_128_64_32_a1e-3,2582,2194,388,19,42,42,42,-0.025841444025993754,4.079746124481385,4.849767267970329
3,360,mlp,target_interaction_energy_kcal_mol,mlp_128_64_32_a1e-3,2582,2194,388,19,42,42,42,-0.05068898039692393,4.3475642725938,5.0642244374614975
3,361,mlp,target_interaction_energy_kcal_mol,mlp_128_64_32_a1e-3,2582,2194,388,19,42,42,42,-0.015881812080577484,4.298409528395122,5.0459339007496125
3,362,mlp,target_interaction_energy_kcal_mol,mlp_128_64_32_a1e-3,2582,2194,388,19,42,42,42,-0.04699687018510401,4.319260472050843,5.130169262583656
3,363,mlp,target_interaction_energy_kcal_mol,mlp_128_64_32_a1e-3,2582,2194,388,19,42,42,42,-0.016509798997766945,4.166714957797287,4.929757949077178
3,364,mlp,target_interaction_energy_kcal_mol,mlp_128_64_32_a1e-3,2582,2194,388,19,42,42,42,-0.01833974213869749,4.425866393656186,5.2860893051321085
3,365,mlp,target_interaction_energy_kcal_mol,mlp_128_64_32_a1e-3,2582,2194,388,19,42,42,42,-0.026790717618339288,4.213918010823621,5.08515694693609
3,366,mlp,target_interaction_energy_kcal_mol,mlp_128_64_32_a1e-3,2582,2194,388,19,42,42,42,-0.009969555325773038,4.105192424754624,4.812460910011138
3,367,mlp,target_interaction_energy_kcal_mol,mlp_128_64_32_a1e-3,2582,2194,388,19,42,42,42,0.002200360044033567,4.025915473087448,4.768579173130656
3,368,mlp,target_interaction_energy_kcal_mol,mlp_128_64_32_a1e-3,2582,2194,388,19,42,42,42,-0.03247624128636484,4.149183479620203,4.901435648863152
3,369,mlp,target_interaction_energy_kcal_mol,mlp_128_64_32_a1e-3,2582,2194,388,19,42,42,42,-0.0370008228116705,3.9631983337169348,4.675362052262221
3,370,mlp,target_interaction_energy_kcal_mol,mlp_128_64_32_a1e-3,2582,2194,388,19,42,42,42,-0.023774145917756062,4.160822381183547,4.832217543449121
3,371,mlp,target_interaction_energy_kcal_mol,mlp_128_64_32_a1e-3,2582,2194,388,19,42,42,42,-0.028739820934454707,4.266681373835867,5.048830629196208
3,372,mlp,target_interaction_energy_kcal_mol,mlp_128_64_32_a1e-3,2582,2194,388,19,42,42,42,-0.0025049263185179527,4.053351581259345,4.80662151551024
3,373,mlp,target_interaction_energy_kcal_mol,mlp_128_64_32_a1e-3,2582,2194,388,19,42,42,42,-0.01990058209223422,4.332644444334022,5.08624452340355
3,374,mlp,target_interaction_energy_kcal_mol,mlp_128_64_32_a1e-3,2582,2194,388,19,42,42,42,-0.017851550125820514,4.142846432869692,4.910342672830975
3,375,mlp,target_interaction_energy_kcal_mol,mlp_128_64_32_a1e-3,2582,2194,388,19,42,42,42,-0.008458910816129706,3.915709751397969,4.635133555909753
3,376,mlp,target_interaction_energy_kcal_mol,mlp_128_64_32_a1e-3,2582,2194,388,19,42,42,42,-0.005961076529543252,4.099523180467285,4.871950348060445
3,377,mlp,target_interaction_energy_kcal_mol,mlp_128_64_32_a1e-3,2582,2194,388,19,42,42,42,-0.007182832625666213,3.9992711125423845,4.795382760596339
3,378,mlp,target_interaction_energy_kcal_mol,mlp_128_64_32_a1e-3,2582,2194,388,19,42,42,42,-0.005629156212691777,4.268799645200902,5.04601746650471
3,379,mlp,target_interaction_energy_kcal_mol,mlp_128_64_32_a1e-3,2582,2194,388,19,42,42,42,-0.008250962587376565,4.328522302080527,5.042624800424412
3,380,mlp,target_interaction_energy_kcal_mol,mlp_128_64_32_a1e-3,2582,2194,388,19,42,42,42,-0.0121660246971933,4.232315202590382,5.062445688875377
3,381,mlp,target_interaction_energy_kcal_mol,mlp_128_64_32_a1e-3,2582,2194,388,19,42,42,42,-0.0009619319318734387,4.137552461697331,4.86762008452672
3,382,mlp,target_interaction_energy_kcal_mol,mlp_128_64_32_a1e-3,2582,2194,388,19,42,42,42,-0.013453484653414005,4.272392909184344,5.022817860472654
3,383,mlp,target_interaction_energy_kcal_mol,mlp_128_64_32_a1e-3,2582,2194,388,19,42,42,42,-0.017184997307404748,4.056422081443504,4.872485632367396
3,384,mlp,target_interaction_energy_kcal_mol,mlp_128_64_32_a1e-3,2582,2194,388,19,42,42,42,-0.017455822441838853,4.15431548458793,5.042418127158054
3,385,mlp,target_interaction_energy_kcal_mol,mlp_128_64_32_a1e-3,2582,2194,388,19,42,42,42,-0.01565183346405874,4.107244981652723,4.885855777364859
3,386,mlp,target_interaction_energy_kcal_mol,mlp_128_64_32_a1e-3,2582,2194,388,19,42,42,42,-0.005907788895312072,4.214526393169132,5.020569579147461
3,387,mlp,target_interaction_energy_kcal_mol,mlp_128_64_32_a1e-3,2582,2194,388,19,42,42,42,-0.006114319052163308,4.238174381327946,4.923075102539756
3,388,mlp,target_interaction_energy_kcal_mol,mlp_128_64_32_a1e-3,2582,2194,388,19,42,42,42,0.007893118525521103,4.160054493355413,4.882549563553047
3,389,mlp,target_interaction_energy_kcal_mol,mlp_128_64_32_a1e-3,2582,2194,388,19,42,42,42,-0.028970136806205193,4.115744851674176,4.850285416850816
3,390,mlp,target_interaction_energy_kcal_mol,mlp_128_64_32_a1e-3,2582,2194,388,19,42,42,42,-0.03507799245979637,4.178050237703657,4.918283082095641
3,391,mlp,target_interaction_energy_kcal_mol,mlp_128_64_32_a1e-3,2582,2194,388,19,42,42,42,-0.023717651649365346,4.073128635947395,4.82792458354896
3,392,mlp,target_interaction_energy_kcal_mol,mlp_128_64_32_a1e-3,2582,2194,388,19,42,42,42,-0.1007275158064127,4.43518537460144,5.228370954468475
3,393,mlp,target_interaction_energy_kcal_mol,mlp_128_64_32_a1e-3,2582,2194,388,19,42,42,42,-0.010687560594067502,4.022240189242237,4.752390053901571
3,394,mlp,target_interaction_energy_kcal_mol,mlp_128_64_32_a1e-3,2582,2194,388,19,42,42,42,-0.014510309501891028,3.9752324821393117,4.763277590890236
3,395,mlp,target_interaction_energy_kcal_mol,mlp_128_64_32_a1e-3,2582,2194,388,19,42,42,42,0.006100269015484994,4.210557246183767,4.947652834188256
3,396,mlp,target_interaction_energy_kcal_mol,mlp_128_64_32_a1e-3,2582,2194,388,19,42,42,42,-0.027027014727448506,4.145582186564964,5.012024759149398
3,397,mlp,target_interaction_energy_kcal_mol,mlp_128_64_32_a1e-3,2582,2194,388,19,42,42,42,-0.001862246695393921,4.125205836435583,4.870168168512792
3,398,mlp,target_interaction_energy_kcal_mol,mlp_128_64_32_a1e-3,2582,2194,388,19,42,42,42,0.00035809304795564323,4.296450364658799,5.023868059454975
3,399,mlp,target_interaction_energy_kcal_mol,mlp_128_64_32_a1e-3,2582,2194,388,19,42,42,42,-0.019436518058832064,4.160621828311862,4.932771299233923
3,400,mlp,target_interaction_energy_kcal_mol,mlp_128_64_32_a1e-3,2582,2194,388,19,42,42,42,0.0012991672062855342,4.237469062839765,5.014236703240207
3,401,mlp,target_interaction_energy_kcal_mol,mlp_128_64_32_a1e-3,2582,2194,388,19,42,42,42,-0.007439947236582256,4.120068506607647,4.833147178825813
3,402,mlp,target_interaction_energy_kcal_mol,mlp_128_64_32_a1e-3,2582,2194,388,19,42,42,42,-0.014860078914674668,4.127549395502012,4.904153429323717
3,403,mlp,target_interaction_energy_kcal_mol,mlp_128_64_32_a1e-3,2582,2194,388,19,42,42,42,-0.061764806565748565,4.301223903300399,5.045239986836148
3,404,mlp,target_interaction_energy_kcal_mol,mlp_128_64_32_a1e-3,2582,2194,388,19,42,42,42,-0.023542360224530823,3.934656342493222,4.781625573671915
3,405,mlp,target_interaction_energy_kcal_mol,mlp_128_64_32_a1e-3,2582,2194,388,19,42,42,42,-0.0017533788004722162,4.331660055621684,5.148182871296787
3,406,mlp,target_interaction_energy_kcal_mol,mlp_128_64_32_a1e-3,2582,2194,388,19,42,42,42,-0.04135132914479778,4.234783800168686,5.082442774359726
3,407,mlp,target_interaction_energy_kcal_mol,mlp_128_64_32_a1e-3,2582,2194,388,19,42,42,42,-0.019429264231293875,4.072424053933982,4.862103845855015
3,408,mlp,target_interaction_energy_kcal_mol,mlp_128_64_32_a1e-3,2582,2194,388,19,42,42,42,-0.015564901759388627,4.268403973665664,5.019478146022209
3,409,mlp,target_interaction_energy_kcal_mol,mlp_128_64_32_a1e-3,2582,2194,388,19,42,42,42,-0.007816766170080758,4.035361618577308,4.810839926975731
3,410,mlp,target_interaction_energy_kcal_mol,mlp_128_64_32_a1e-3,2582,2194,388,19,42,42,42,-0.015564751435522162,4.0668664583705265,4.874552038527564
3,411,mlp,target_interaction_energy_kcal_mol,mlp_128_64_32_a1e-3,2582,2194,388,19,42,42,42,-0.01031265399427217,4.092960096031061,4.81147856526986
3,412,mlp,target_interaction_energy_kcal_mol,mlp_128_64_32_a1e-3,2582,2194,388,19,42,42,42,-0.034486649011143955,4.015832402183608,4.803110063137884
3,413,mlp,target_interaction_energy_kcal_mol,mlp_128_64_32_a1e-3,2582,2194,388,19,42,42,42,-0.019989721701660912,4.039919655132073,4.849433196501541
3,414,mlp,target_interaction_energy_kcal_mol,mlp_128_64_32_a1e-3,2582,2194,388,19,42,42,42,-0.04457639159882998,4.303933454836937,5.044336072959915
3,415,mlp,target_interaction_energy_kcal_mol,mlp_128_64_32_a1e-3,2582,2194,388,19,42,42,42,-0.02465469368958284,4.217908799832608,4.943849314609167
3,416,mlp,target_interaction_energy_kcal_mol,mlp_128_64_32_a1e-3,2582,2194,388,19,42,42,42,-0.009274170766536027,4.1025665028909115,4.822399152951696
3,417,mlp,target_interaction_energy_kcal_mol,mlp_128_64_32_a1e-3,2582,2194,388,19,42,42,42,-0.005097705170446609,4.0365716430416505,4.769879560650931
3,418,mlp,target_interaction_energy_kcal_mol,mlp_128_64_32_a1e-3,2582,2194,388,19,42,42,42,-0.020414111687672598,4.030200014409021,4.773783698895918
3,419,mlp,target_interaction_energy_kcal_mol,mlp_128_64_32_a1e-3,2582,2194,388,19,42,42,42,-0.006849307080011746,4.14791949166614,4.902960651913141
3,420,mlp,target_interaction_energy_kcal_mol,mlp_128_64_32_a1e-3,2582,2194,388,19,42,42,42,-0.007814914461277134,4.200289469645198,5.005359427224947
3,421,mlp,target_interaction_energy_kcal_mol,mlp_128_64_32_a1e-3,2582,2194,388,19,42,42,42,-0.02224807961503683,4.131623421581583,4.902352415523495
3,422,mlp,target_interaction_energy_kcal_mol,mlp_128_64_32_a1e-3,2582,2194,388,19,42,42,42,-0.046617355003021776,4.24233602334698,5.115739880807342
3,423,mlp,target_interaction_energy_kcal_mol,mlp_128_64_32_a1e-3,2582,2194,388,19,42,42,42,-0.014541624290325128,4.269623917697098,5.030159010247304
3,424,mlp,target_interaction_energy_kcal_mol,mlp_128_64_32_a1e-3,2582,2194,388,19,42,42,42,-0.02953863955597802,4.334564170695784,5.11438162337886
3,425,mlp,target_interaction_energy_kcal_mol,mlp_128_64_32_a1e-3,2582,2194,388,19,42,42,42,-0.007598552571580264,4.317082542757335,5.13599492881699
3,426,mlp,target_interaction_energy_kcal_mol,mlp_128_64_32_a1e-3,2582,2194,388,19,42,42,42,-0.041155362000273366,4.112652396362699,4.843460068839565
3,427,mlp,target_interaction_energy_kcal_mol,mlp_128_64_32_a1e-3,2582,2194,388,19,42,42,42,-0.016871896000868913,3.893045984627139,4.630919005417209
3,428,mlp,target_interaction_energy_kcal_mol,mlp_128_64_32_a1e-3,2582,2194,388,19,42,42,42,-0.009412274229757545,4.3980938145816415,5.12046772660833
3,429,mlp,target_interaction_energy_kcal_mol,mlp_128_64_32_a1e-3,2582,2194,388,19,42,42,42,0.0011602655305292808,4.174936971259461,4.9592986705070485
3,430,mlp,target_interaction_energy_kcal_mol,mlp_128_64_32_a1e-3,2582,2194,388,19,42,42,42,-0.0704519238709358,4.214804543055191,5.013246596993266
3,431,mlp,target_interaction_energy_kcal_mol,mlp_128_64_32_a1e-3,2582,2194,388,19,42,42,42,0.009165067699807405,4.277504279612624,5.0269890226279506
3,432,mlp,target_interaction_energy_kcal_mol,mlp_128_64_32_a1e-3,2582,2194,388,19,42,42,42,-0.03106831955224254,4.239149210306627,4.982873611945721
3,433,mlp,target_interaction_energy_kcal_mol,mlp_128_64_32_a1e-3,2582,2194,388,19,42,42,42,-0.012676577557738655,4.217414660003599,4.987840926165559
3,434,mlp,target_interaction_energy_kcal_mol,mlp_128_64_32_a1e-3,2582,2194,388,19,42,42,42,-0.017614950893762638,4.236408238454399,4.9862191299823335
3,435,mlp,target_interaction_energy_kcal_mol,mlp_128_64_32_a1e-3,2582,2194,388,19,42,42,42,-0.012376706823125083,4.253174464640096,4.977938451958693
3,436,mlp,target_interaction_energy_kcal_mol,mlp_128_64_32_a1e-3,2582,2194,388,19,42,42,42,-0.005708741115915572,4.257556812848044,4.9918545983313045
3,437,mlp,target_interaction_energy_kcal_mol,mlp_128_64_32_a1e-3,2582,2194,388,19,42,42,42,-0.01838877783329651,4.276987485592016,5.094247183320677
3,438,mlp,target_interaction_energy_kcal_mol,mlp_128_64_32_a1e-3,2582,2194,388,19,42,42,42,-0.033381158936447664,4.2131172519324425,5.033459297612999
3,439,mlp,target_interaction_energy_kcal_mol,mlp_128_64_32_a1e-3,2582,2194,388,19,42,42,42,0.0008740448916356724,4.068415031925533,4.8520771554424975
3,440,mlp,target_interaction_energy_kcal_mol,mlp_128_64_32_a1e-3,2582,2194,388,19,42,42,42,-0.009060987805169063,4.219356863925016,4.947215530427181
3,441,mlp,target_interaction_energy_kcal_mol,mlp_128_64_32_a1e-3,2582,2194,388,19,42,42,42,-0.06554738783194103,4.18273124799883,4.9889798953037445
3,442,mlp,target_interaction_energy_kcal_mol,mlp_128_64_32_a1e-3,2582,2194,388,19,42,42,42,-0.0036871644278462234,4.088596704553954,4.837795256517425
3,443,mlp,target_interaction_energy_kcal_mol,mlp_128_64_32_a1e-3,2582,2194,388,19,42,42,42,-0.00898630515810539,3.949927724616995,4.713684424469247
3,444,mlp,target_interaction_energy_kcal_mol,mlp_128_64_32_a1e-3,2582,2194,388,19,42,42,42,-0.04371588503294288,4.169200669926345,4.8446883737759245
3,445,mlp,target_interaction_energy_kcal_mol,mlp_128_64_32_a1e-3,2582,2194,388,19,42,42,42,-0.020038823295519093,3.912295907078491,4.582479399832666
3,446,mlp,target_interaction_energy_kcal_mol,mlp_128_64_32_a1e-3,2582,2194,388,19,42,42,42,-0.04536736999612523,4.407466120706424,5.17657234328538
3,447,mlp,target_interaction_energy_kcal_mol,mlp_128_64_32_a1e-3,2582,2194,388,19,42,42,42,0.0031999802353782636,4.124125010670766,4.881739695244464
3,448,mlp,target_interaction_energy_kcal_mol,mlp_128_64_32_a1e-3,2582,2194,388,19,42,42,42,-0.014914259918299644,3.99411208111416,4.782359331293129
3,449,mlp,target_interaction_energy_kcal_mol,mlp_128_64_32_a1e-3,2582,2194,388,19,42,42,42,-0.023040832093502495,4.080369311259163,4.849635522644496
3,450,mlp,target_interaction_energy_kcal_mol,mlp_128_64_32_a1e-3,2582,2194,388,19,42,42,42,-0.003317312278336093,4.116260616656171,4.942139901746212
3,451,mlp,target_interaction_energy_kcal_mol,mlp_128_64_32_a1e-3,2582,2194,388,19,42,42,42,-0.02276131113038593,4.188168398100329,4.946599400771057
3,452,mlp,target_interaction_energy_kcal_mol,mlp_128_64_32_a1e-3,2582,2194,388,19,42,42,42,0.004196420533919665,4.116289731426577,4.861057747020353
3,453,mlp,target_interaction_energy_kcal_mol,mlp_128_64_32_a1e-3,2582,2194,388,19,42,42,42,-0.04014252360144921,4.238117989928446,4.98125917880602
3,454,mlp,target_interaction_energy_kcal_mol,mlp_128_64_32_a1e-3,2582,2194,388,19,42,42,42,-0.052654318354740326,4.169137523287087,4.933282632256644
3,455,mlp,target_interaction_energy_kcal_mol,mlp_128_64_32_a1e-3,2582,2194,388,19,42,42,42,-0.009062725916413328,4.365410780487891,5.171204579035311
3,456,mlp,target_interaction_energy_kcal_mol,mlp_128_64_32_a1e-3,2582,2194,388,19,42,42,42,-0.032596048720818116,4.1128259711784665,4.819471243723768
3,457,mlp,target_interaction_energy_kcal_mol,mlp_128_64_32_a1e-3,2582,2194,388,19,42,42,42,-7.958222252302249e-07,4.142131279823451,4.925369117713289
3,458,mlp,target_interaction_energy_kcal_mol,mlp_128_64_32_a1e-3,2582,2194,388,19,42,42,42,-0.03775904414382092,4.097795600867543,4.888806353043767
3,459,mlp,target_interaction_energy_kcal_mol,mlp_128_64_32_a1e-3,2582,2194,388,19,42,42,42,-0.023403677742097617,4.219236507752323,4.943483887973708
3,460,mlp,target_interaction_energy_kcal_mol,mlp_128_64_32_a1e-3,2582,2194,388,19,42,42,42,-0.027915591688005836,4.05653429635018,4.830301920368736
3,461,mlp,target_interaction_energy_kcal_mol,mlp_128_64_32_a1e-3,2582,2194,388,19,42,42,42,-0.024296445738676065,4.1217852022612265,4.8129300478166215
3,462,mlp,target_interaction_energy_kcal_mol,mlp_128_64_32_a1e-3,2582,2194,388,19,42,42,42,-0.01204477283822869,4.264579461150532,5.072917214585077
3,463,mlp,target_interaction_energy_kcal_mol,mlp_128_64_32_a1e-3,2582,2194,388,19,42,42,42,-0.04203926849415174,4.063156212374721,4.79170890548697
3,464,mlp,target_interaction_energy_kcal_mol,mlp_128_64_32_a1e-3,2582,2194,388,19,42,42,42,-0.01894372389753385,4.083390884903597,4.883296467416336
3,465,mlp,target_interaction_energy_kcal_mol,mlp_128_64_32_a1e-3,2582,2194,388,19,42,42,42,-0.006651959291472664,4.108028095714233,4.919171857919236
3,466,mlp,target_interaction_energy_kcal_mol,mlp_128_64_32_a1e-3,2582,2194,388,19,42,42,42,0.00021672298784669586,4.096802080227928,4.877726520605808
3,467,mlp,target_interaction_energy_kcal_mol,mlp_128_64_32_a1e-3,2582,2194,388,19,42,42,42,-0.02866080168505536,4.355984738262346,5.117574683989588
3,468,mlp,target_interaction_energy_kcal_mol,mlp_128_64_32_a1e-3,2582,2194,388,19,42,42,42,-0.01262558469686037,4.235016937236321,4.959645548822029
3,469,mlp,target_interaction_energy_kcal_mol,mlp_128_64_32_a1e-3,2582,2194,388,19,42,42,42,0.007889476811447138,4.260952121038905,4.971718021396091
3,470,mlp,target_interaction_energy_kcal_mol,mlp_128_64_32_a1e-3,2582,2194,388,19,42,42,42,0.0022572163679009938,4.2569718879752205,5.062524772051943
3,471,mlp,target_interaction_energy_kcal_mol,mlp_128_64_32_a1e-3,2582,2194,388,19,42,42,42,-0.030302952464384303,4.1276546893238875,4.98023308529633
3,472,mlp,target_interaction_energy_kcal_mol,mlp_128_64_32_a1e-3,2582,2194,388,19,42,42,42,-0.013422102984278261,4.198599636905131,5.002420486567857
3,473,mlp,target_interaction_energy_kcal_mol,mlp_128_64_32_a1e-3,2582,2194,388,19,42,42,42,-0.008102492892161584,4.046272948583901,4.889052491347049
3,474,mlp,target_interaction_energy_kcal_mol,mlp_128_64_32_a1e-3,2582,2194,388,19,42,42,42,-0.047235306942641,4.285144323693657,4.993544825770083
3,475,mlp,target_interaction_energy_kcal_mol,mlp_128_64_32_a1e-3,2582,2194,388,19,42,42,42,-0.04794235461981278,4.223212635012426,4.92301075292075
3,476,mlp,target_interaction_energy_kcal_mol,mlp_128_64_32_a1e-3,2582,2194,388,19,42,42,42,-0.00860049938961982,4.03676169579019,4.808802334869077
3,477,mlp,target_interaction_energy_kcal_mol,mlp_128_64_32_a1e-3,2582,2194,388,19,42,42,42,-0.01396636661776629,4.058294012289007,4.840875761280222
3,478,mlp,target_interaction_energy_kcal_mol,mlp_128_64_32_a1e-3,2582,2194,388,19,42,42,42,-0.032977995783839864,4.246038798589632,4.940033003317822
3,479,mlp,target_interaction_energy_kcal_mol,mlp_128_64_32_a1e-3,2582,2194,388,19,42,42,42,-0.01074663386656427,4.377664780463894,5.141036547731154
3,480,mlp,target_interaction_energy_kcal_mol,mlp_128_64_32_a1e-3,2582,2194,388,19,42,42,42,-0.030096382444404934,4.227619794595776,4.940897908289374
3,481,mlp,target_interaction_energy_kcal_mol,mlp_128_64_32_a1e-3,2582,2194,388,19,42,42,42,0.0024983391919670694,4.053170131025492,4.863697842476472
3,482,mlp,target_interaction_energy_kcal_mol,mlp_128_64_32_a1e-3,2582,2194,388,19,42,42,42,-0.01515214691897837,4.302261249048139,5.0492345541795975
3,483,mlp,target_interaction_energy_kcal_mol,mlp_128_64_32_a1e-3,2582,2194,388,19,42,42,42,-0.015876036657661352,4.210567850843319,4.9154966791788866
3,484,mlp,target_interaction_energy_kcal_mol,mlp_128_64_32_a1e-3,2582,2194,388,19,42,42,42,0.004121126950899501,4.118639188287475,4.844077627764424
3,485,mlp,target_interaction_energy_kcal_mol,mlp_128_64_32_a1e-3,2582,2194,388,19,42,42,42,-0.011145470094754195,3.9650704365848903,4.675565217687795
3,486,mlp,target_interaction_energy_kcal_mol,mlp_128_64_32_a1e-3,2582,2194,388,19,42,42,42,-0.005117804694450667,4.022942290432639,4.793048898211205
3,487,mlp,target_interaction_energy_kcal_mol,mlp_128_64_32_a1e-3,2582,2194,388,19,42,42,42,-0.022150483852877212,4.407518148264657,5.147943949942725
3,488,mlp,target_interaction_energy_kcal_mol,mlp_128_64_32_a1e-3,2582,2194,388,19,42,42,42,-0.005431926599255732,4.157537598126052,4.855369287811627
3,489,mlp,target_interaction_energy_kcal_mol,mlp_128_64_32_a1e-3,2582,2194,388,19,42,42,42,0.0009390173630264842,4.277615939881544,5.064860480964341
3,490,mlp,target_interaction_energy_kcal_mol,mlp_128_64_32_a1e-3,2582,2194,388,19,42,42,42,-0.005402798109416906,4.241075293230718,5.010744731655599
3,491,mlp,target_interaction_energy_kcal_mol,mlp_128_64_32_a1e-3,2582,2194,388,19,42,42,42,0.004870903937624238,4.133341017223366,4.830833440517449
3,492,mlp,target_interaction_energy_kcal_mol,mlp_128_64_32_a1e-3,2582,2194,388,19,42,42,42,-0.03946804372257273,4.1149402389414895,4.898985301434006
3,493,mlp,target_interaction_energy_kcal_mol,mlp_128_64_32_a1e-3,2582,2194,388,19,42,42,42,-0.006613499676846102,4.189342242330114,4.924339724939529
3,494,mlp,target_interaction_energy_kcal_mol,mlp_128_64_32_a1e-3,2582,2194,388,19,42,42,42,-0.012440041242030464,4.208941108407048,4.913721890471145
3,495,mlp,target_interaction_energy_kcal_mol,mlp_128_64_32_a1e-3,2582,2194,388,19,42,42,42,0.0014941803430639222,4.004024204478194,4.733318166915079
3,496,mlp,target_interaction_energy_kcal_mol,mlp_128_64_32_a1e-3,2582,2194,388,19,42,42,42,-0.011913266949309831,4.163409192682553,4.874215147671519
3,497,mlp,target_interaction_energy_kcal_mol,mlp_128_64_32_a1e-3,2582,2194,388,19,42,42,42,-0.014546141010363112,4.163382887204859,4.894942252796947
3,498,mlp,target_interaction_energy_kcal_mol,mlp_128_64_32_a1e-3,2582,2194,388,19,42,42,42,-0.024401247786210112,3.8948893608042665,4.617505752494847
3,499,mlp,target_interaction_energy_kcal_mol,mlp_128_64_32_a1e-3,2582,2194,388,19,42,42,42,-0.02066758903608079,4.314936866957185,5.062229371933833
3,500,mlp,target_interaction_energy_kcal_mol,mlp_128_64_32_a1e-3,2582,2194,388,19,42,42,42,-0.020005778689343723,4.160236760975957,4.839959266003917
