held_out_system,target,model_family,n_train,n_test,r2,mae,r2_predicting_global_training_mean,r2_predicting_heldout_own_mean,beats_global_mean
CPBP,target_fodft_coupling_abs_ev,extra_trees,1789,793,0.5476608751500092,0.09879756069004793,-0.00016478704571465386,0.0,True
CPBP,target_fodft_coupling_abs_ev,mlp,1789,793,-5.3694255271469675,0.4622290400247191,-0.00016478704571465386,0.0,False
CPBP,target_frontier_gap_ev,extra_trees,1789,793,-76.53134006897247,0.5451142339218163,-109.53072255382222,0.0,True
CPBP,target_frontier_gap_ev,mlp,1789,793,-1.5367650449272747,0.07573993853381875,-109.53072255382222,0.0,True
CPBP,target_interaction_energy_kcal_mol,extra_trees,1789,793,-3.171197578658613,5.709714609642138,-6.876656934245928,0.0,True
CPBP,target_interaction_energy_kcal_mol,mlp,1789,793,-0.9112938686558487,2.7016897064780228,-6.876656934245928,0.0,True
CPBP,target_somo_somo_elst_corrected_signed_kcal_mol,extra_trees,1789,793,0.37306719110599185,2.2554377383880087,-0.030131882505441077,0.0,True
CPBP,target_somo_somo_elst_corrected_signed_kcal_mol,mlp,1789,793,-1.0742360293005855,3.8855079990084436,-0.030131882505441077,0.0,False
fluorenyl,target_fodft_coupling_abs_ev,extra_trees,2215,367,0.8853535462185653,0.043967441517883954,-0.09248858069930455,0.0,True
fluorenyl,target_fodft_coupling_abs_ev,mlp,2215,367,0.6562940499221892,0.08212088443614587,-0.09248858069930455,0.0,True
fluorenyl,target_frontier_gap_ev,extra_trees,2215,367,-7.922544003800674,0.37497659855585896,-23.244335160892827,0.0,True
fluorenyl,target_frontier_gap_ev,mlp,2215,367,-10.567639017728117,0.41497732291438066,-23.244335160892827,0.0,True
fluorenyl,target_interaction_energy_kcal_mol,extra_trees,2215,367,0.45647856205078496,1.498385829143878,-3.6429416349832815,0.0,True
fluorenyl,target_interaction_energy_kcal_mol,mlp,2215,367,-0.42147237001052673,2.1287395019965434,-3.6429416349832815,0.0,True
fluorenyl,target_somo_somo_elst_corrected_signed_kcal_mol,extra_trees,2215,367,0.6736439764056343,0.9979021836647007,-0.07872622593249745,0.0,True
fluorenyl,target_somo_somo_elst_corrected_signed_kcal_mol,mlp,2215,367,0.6146236338673392,1.5477446489333684,-0.07872622593249745,0.0,True
olympicenyl,target_fodft_coupling_abs_ev,extra_trees,2050,532,0.8726996688901726,0.0580853662083177,-0.005801758258108691,0.0,True
olympicenyl,target_fodft_coupling_abs_ev,mlp,2050,532,0.1433883083932076,0.15121446145511194,-0.005801758258108691,0.0,True
olympicenyl,target_frontier_gap_ev,extra_trees,2050,532,-2.0635581200522624,0.11766885394736813,-0.0187893145675202,0.0,False
olympicenyl,target_frontier_gap_ev,mlp,2050,532,-18.267740484731224,0.33713175471626494,-0.0187893145675202,0.0,False
olympicenyl,target_interaction_energy_kcal_mol,extra_trees,2050,532,0.3353655087139985,2.0562113063542014,-0.012228778893406123,0.0,True
olympicenyl,target_interaction_energy_kcal_mol,mlp,2050,532,0.41735882978615635,1.8654778456152608,-0.012228778893406123,0.0,True
olympicenyl,target_somo_somo_elst_corrected_signed_kcal_mol,extra_trees,2050,532,0.8958583489337836,0.9725311870795262,-0.0023318286886480077,0.0,True
olympicenyl,target_somo_somo_elst_corrected_signed_kcal_mol,mlp,2050,532,-0.6269244962238862,4.1238609772478885,-0.0023318286886480077,0.0,False
phenalenyl,target_fodft_coupling_abs_ev,extra_trees,2330,252,0.7750681486914067,0.0906090972518848,-0.13118893598720627,0.0,True
phenalenyl,target_fodft_coupling_abs_ev,mlp,2330,252,0.744569801401362,0.09995208138579105,-0.13118893598720627,0.0,True
phenalenyl,target_frontier_gap_ev,extra_trees,2330,252,-0.39506173625302066,0.16387404238095404,-4.412172393518118,0.0,True
phenalenyl,target_frontier_gap_ev,mlp,2330,252,0.19656067135068922,0.10451602850104194,-4.412172393518118,0.0,True
phenalenyl,target_interaction_energy_kcal_mol,extra_trees,2330,252,0.47637703667799347,1.7926120260697938,-1.4909838511381759,0.0,True
phenalenyl,target_interaction_energy_kcal_mol,mlp,2330,252,0.25873860239774815,2.4577996895618317,-1.4909838511381759,0.0,True
phenalenyl,target_somo_somo_elst_corrected_signed_kcal_mol,extra_trees,2330,252,0.6807483838507407,2.309600214604484,-0.13443605699662764,0.0,True
phenalenyl,target_somo_somo_elst_corrected_signed_kcal_mol,mlp,2330,252,0.5086911240446437,2.847240718704243,-0.13443605699662764,0.0,True
phenalenyl_olympicenyl,target_fodft_coupling_abs_ev,extra_trees,1944,638,0.8584828818759217,0.055040459391367154,-0.022066793904631732,0.0,True
phenalenyl_olympicenyl,target_fodft_coupling_abs_ev,mlp,1944,638,-84.48008239792628,1.790734860783116,-0.022066793904631732,0.0,False
phenalenyl_olympicenyl,target_frontier_gap_ev,extra_trees,1944,638,-1.5250835102371267,0.16707464733542263,-1.293169930080841,0.0,False
phenalenyl_olympicenyl,target_frontier_gap_ev,mlp,1944,638,-428.277882060558,2.155101159060236,-1.293169930080841,0.0,False
phenalenyl_olympicenyl,target_interaction_energy_kcal_mol,extra_trees,1944,638,0.6465454666759431,1.4335219567683597,-1.1934007064438683,0.0,True
phenalenyl_olympicenyl,target_interaction_energy_kcal_mol,mlp,1944,638,-1338.3484413575202,99.85399347676538,-1.1934007064438683,0.0,False
phenalenyl_olympicenyl,target_somo_somo_elst_corrected_signed_kcal_mol,extra_trees,1944,638,0.8313113874774823,1.0425890346937903,-0.002810595950635486,0.0,True
phenalenyl_olympicenyl,target_somo_somo_elst_corrected_signed_kcal_mol,mlp,1944,638,-289.58199818405814,64.35283290856287,-0.002810595950635486,0.0,False
