target,architecture,alpha,train_fraction,fold,n_training_structures,n_validation_structures,fit_seconds,epochs,r2,mae,rmse
target_fodft_coupling_abs_ev,128-64-32,0.01,0.25,1,438,439,5.292413799907081,75,0.8262408829704873,0.05854458215210287,0.0909638548393377
target_fodft_coupling_abs_ev,128-64-32,0.01,0.25,2,438,439,6.183200923958793,132,0.5461109127313701,0.06000315359004938,0.14517999697483958
target_fodft_coupling_abs_ev,128-64-32,0.01,0.25,3,438,439,3.1156975789926946,47,0.8103634609248821,0.06259405259402896,0.09611467340674855
target_fodft_coupling_abs_ev,128-64-32,0.01,0.25,4,438,439,5.617775733000599,48,-156.2174202945869,0.19648126189376222,2.7913886937462737
target_fodft_coupling_abs_ev,128-64-32,0.01,0.25,5,439,438,9.260818750946783,82,0.8727571613300039,0.05515483966911651,0.07952112865466288
target_fodft_coupling_abs_ev,128-64-32,0.01,0.5,1,877,439,34.01352697098628,209,0.9306739107646442,0.041422006082485543,0.05745706091567681
target_fodft_coupling_abs_ev,128-64-32,0.01,0.5,2,877,439,22.931697565945797,129,0.9029640097360125,0.0471802528130315,0.06712716926980845
target_fodft_coupling_abs_ev,128-64-32,0.01,0.5,3,877,439,35.33291611704044,233,0.9003480894755721,0.04609703766932342,0.06967412107998078
target_fodft_coupling_abs_ev,128-64-32,0.01,0.5,4,877,439,21.181804114952683,112,0.9082173464264749,0.048364768724061084,0.067445081993928
target_fodft_coupling_abs_ev,128-64-32,0.01,0.5,5,878,438,18.531187357963063,97,0.9085383900104211,0.04866555146568301,0.06741946187763329
target_fodft_coupling_abs_ev,128-64-32,0.01,0.75,1,1316,439,33.90692577196751,136,0.9315152983045232,0.04187015337360435,0.057107327970355226
target_fodft_coupling_abs_ev,128-64-32,0.01,0.75,2,1316,439,26.722434413968585,111,0.9137111444261813,0.04605637803112759,0.06330080994728071
target_fodft_coupling_abs_ev,128-64-32,0.01,0.75,3,1316,439,11.160563566954806,34,0.7911009305955723,0.06840975479673346,0.10087810998631526
target_fodft_coupling_abs_ev,128-64-32,0.01,0.75,4,1316,439,28.54372441105079,193,0.9229325219683032,0.04194649453924139,0.06180243063053923
target_fodft_coupling_abs_ev,128-64-32,0.01,0.75,5,1317,438,23.98899803601671,114,0.9213447655707955,0.04465752180887683,0.06252154128126654
target_fodft_coupling_abs_ev,128-64-32,0.01,1.0,1,1755,439,34.646682503051125,160,0.9466862823678621,0.03661583737987611,0.050386540342347116
target_fodft_coupling_abs_ev,128-64-32,0.01,1.0,2,1755,439,31.10418339201715,128,0.9286081281434804,0.042649828685025065,0.05757796308499792
target_fodft_coupling_abs_ev,128-64-32,0.01,1.0,3,1755,439,25.053788459976204,174,0.9280160636962713,0.04083690619413201,0.0592170106647456
target_fodft_coupling_abs_ev,128-64-32,0.01,1.0,4,1755,439,23.347182733006775,98,0.9332324230310268,0.04139244224101491,0.05752449172706772
target_fodft_coupling_abs_ev,128-64-32,0.01,1.0,5,1756,438,27.27416313602589,135,0.9316366695000459,0.042128944730341705,0.058287773595759075
target_frontier_gap_ev,128-64-32,0.01,0.25,1,438,439,6.316092179971747,81,0.9050543577275915,0.06520992256676407,0.11061447716382278
target_frontier_gap_ev,128-64-32,0.01,0.25,2,438,439,11.620969379902817,128,0.8420130128000061,0.0646115580808364,0.14342774437988715
target_frontier_gap_ev,128-64-32,0.01,0.25,3,438,439,16.739696920034476,155,0.9159952540706107,0.06407679927520409,0.10741415617294203
target_frontier_gap_ev,128-64-32,0.01,0.25,4,438,439,8.595317317987792,85,-0.3217806958773308,0.08140673432537003,0.4194523368770032
target_frontier_gap_ev,128-64-32,0.01,0.25,5,439,438,9.814546631998383,94,0.9364154909886517,0.06744020270733964,0.09262194300623433
target_frontier_gap_ev,128-64-32,0.01,0.5,1,877,439,22.600471266079694,123,0.9599911700651986,0.05171597170908032,0.07180461828943834
target_frontier_gap_ev,128-64-32,0.01,0.5,2,877,439,21.8452362929238,99,0.950457724770735,0.052827536705821465,0.08031755581529722
target_frontier_gap_ev,128-64-32,0.01,0.5,3,877,439,24.05259198497515,114,0.9606525662009475,0.05484074032446844,0.07351362124529763
target_frontier_gap_ev,128-64-32,0.01,0.5,4,877,439,15.018648681929335,65,0.8857654416909082,0.06111823301474263,0.12331095728786483
target_frontier_gap_ev,128-64-32,0.01,0.5,5,878,438,20.872135821031407,105,0.962578516232897,0.05147519636040544,0.07105566821116706
target_frontier_gap_ev,128-64-32,0.01,0.75,1,1316,439,27.869962306926027,135,0.9655967163230692,0.04658916134550473,0.06658469286570146
target_frontier_gap_ev,128-64-32,0.01,0.75,2,1316,439,28.054948581033386,137,0.9662750113018591,0.04944115129311065,0.06626716882191157
target_frontier_gap_ev,128-64-32,0.01,0.75,3,1316,439,29.779721018043347,180,0.9660892883634893,0.04777858426781,0.06824613511461672
target_frontier_gap_ev,128-64-32,0.01,0.75,4,1316,439,29.316548013011925,163,0.9671411448793262,0.04529868407694458,0.06613466068016384
target_frontier_gap_ev,128-64-32,0.01,0.75,5,1317,438,23.090349243953824,99,0.9536453418761889,0.048386749473536196,0.07908332442539616
target_frontier_gap_ev,128-64-32,0.01,1.0,1,1755,439,22.212938860990107,112,0.9702606732983109,0.043359145774987035,0.06190703703465585
target_frontier_gap_ev,128-64-32,0.01,1.0,2,1755,439,21.561054585967213,110,0.9685585446428623,0.046829297671254135,0.06398435997284031
target_frontier_gap_ev,128-64-32,0.01,1.0,3,1755,439,16.249062014976516,151,0.9750768540277186,0.04385240368008407,0.05850743250512402
target_frontier_gap_ev,128-64-32,0.01,1.0,4,1755,439,20.64950191800017,104,0.9634373981668874,0.04503567424675173,0.06976240793307807
target_frontier_gap_ev,128-64-32,0.01,1.0,5,1756,438,17.835549071081914,142,0.9725828748910842,0.04581030045682752,0.06082038755063158
target_interaction_energy_kcal_mol,128-64-32,0.01,0.25,1,438,439,7.3601380590116605,89,0.8864191753984942,1.2002847034136033,1.6757846743445624
target_interaction_energy_kcal_mol,128-64-32,0.01,0.25,2,438,439,8.02991020900663,131,0.8369631604728135,1.1748904868761454,1.9764100046284943
target_interaction_energy_kcal_mol,128-64-32,0.01,0.25,3,438,439,6.730871541891247,114,0.8475533816435056,1.3002982126342544,1.8912300560505964
target_interaction_energy_kcal_mol,128-64-32,0.01,0.25,4,438,439,5.86666820209939,71,-11.596323103052516,2.0995562993594166,17.01375269169839
target_interaction_energy_kcal_mol,128-64-32,0.01,0.25,5,439,438,13.945770372985862,126,0.9004648737228051,1.124351025794108,1.533726683942954
target_interaction_energy_kcal_mol,128-64-32,0.01,0.5,1,877,439,12.36112617503386,49,0.9003135035330991,1.1319367774655664,1.569942954032416
target_interaction_energy_kcal_mol,128-64-32,0.01,0.5,2,877,439,29.419701699982397,208,0.8980410318798997,1.0245867620459037,1.5629564800790645
target_interaction_energy_kcal_mol,128-64-32,0.01,0.5,3,877,439,12.246254791039973,58,0.9048188697478649,1.0622631053231633,1.494379469845879
target_interaction_energy_kcal_mol,128-64-32,0.01,0.5,4,877,439,19.5122420740081,107,0.8991329957783663,1.0332320630018779,1.5224841528604316
target_interaction_energy_kcal_mol,128-64-32,0.01,0.5,5,878,438,24.762492383946665,149,0.9227041674706514,0.9777039564091465,1.3515677711924174
target_interaction_energy_kcal_mol,128-64-32,0.01,0.75,1,1316,439,27.74588532699272,189,0.9397543153133319,0.873101386757636,1.2204744099746698
target_interaction_energy_kcal_mol,128-64-32,0.01,0.75,2,1316,439,23.5169626979623,95,0.9322300371096592,0.8843487351600854,1.2742445758451741
target_interaction_energy_kcal_mol,128-64-32,0.01,0.75,3,1316,439,26.45982453005854,120,0.94090628699447,0.85767197451167,1.177486951121958
target_interaction_energy_kcal_mol,128-64-32,0.01,0.75,4,1316,439,21.238410799996927,105,0.9089045308843755,0.9630917445597735,1.446860325700524
target_interaction_energy_kcal_mol,128-64-32,0.01,0.75,5,1317,438,24.949470004998147,128,0.9283577235316055,0.9164483080387498,1.3012012634949286
target_interaction_energy_kcal_mol,128-64-32,0.01,1.0,1,1755,439,30.409684047917835,165,0.9460687028582858,0.8580705306713762,1.1547451280989547
target_interaction_energy_kcal_mol,128-64-32,0.01,1.0,2,1755,439,25.061386518063955,173,0.939630292587642,0.835866058691212,1.2026623217795447
target_interaction_energy_kcal_mol,128-64-32,0.01,1.0,3,1755,439,23.834931600023992,133,0.9360072445024739,0.8531897655954381,1.225323800348787
target_interaction_energy_kcal_mol,128-64-32,0.01,1.0,4,1755,439,21.503485295106657,158,0.9165930812974195,0.901360083888823,1.384456320640804
target_interaction_energy_kcal_mol,128-64-32,0.01,1.0,5,1756,438,24.311281215050258,168,0.9312789491639325,0.8426420271640764,1.2743968331102196
target_somo_somo_elst_corrected_signed_kcal_mol,128-64-32,0.01,0.25,1,438,439,4.364301027962938,60,0.7942810950208424,1.2254572645633546,2.1794081638709493
target_somo_somo_elst_corrected_signed_kcal_mol,128-64-32,0.01,0.25,2,438,439,12.55901863600593,129,0.7344747433468966,1.1690394588674413,2.527235983751016
target_somo_somo_elst_corrected_signed_kcal_mol,128-64-32,0.01,0.25,3,438,439,9.70569099392742,87,0.8323756364352615,1.125224605044697,2.1432473039919353
target_somo_somo_elst_corrected_signed_kcal_mol,128-64-32,0.01,0.25,4,438,439,10.815742471022531,115,-245.8385944209043,4.723667081858348,77.94183745116298
target_somo_somo_elst_corrected_signed_kcal_mol,128-64-32,0.01,0.25,5,439,438,5.051504692062736,48,0.8525050596360273,1.1728903249621587,2.0146512700264685
target_somo_somo_elst_corrected_signed_kcal_mol,128-64-32,0.01,0.5,1,877,439,19.327200516010635,93,0.9187134158598097,0.8180450940042759,1.369969531174259
target_somo_somo_elst_corrected_signed_kcal_mol,128-64-32,0.01,0.5,2,877,439,17.823699394008145,129,0.9221672544920827,0.760256362363568,1.3682770828278557
target_somo_somo_elst_corrected_signed_kcal_mol,128-64-32,0.01,0.5,3,877,439,21.5551958050346,124,0.9303361691963707,0.7784884899842488,1.3816797462665737
target_somo_somo_elst_corrected_signed_kcal_mol,128-64-32,0.01,0.5,4,877,439,16.687235542107373,108,0.6362834013997459,0.9433364531343857,2.9918903159365233
target_somo_somo_elst_corrected_signed_kcal_mol,128-64-32,0.01,0.5,5,878,438,22.75021787500009,115,0.9460389560561314,0.7310508232244174,1.2185728343034776
target_somo_somo_elst_corrected_signed_kcal_mol,128-64-32,0.01,0.75,1,1316,439,24.585205888026394,98,0.9285202763963004,0.7186490137907111,1.2846739082298568
target_somo_somo_elst_corrected_signed_kcal_mol,128-64-32,0.01,0.75,2,1316,439,23.117172459955327,92,0.9353634261993701,0.776390102550625,1.2469011967931454
target_somo_somo_elst_corrected_signed_kcal_mol,128-64-32,0.01,0.75,3,1316,439,9.790003000991419,35,0.7681103818019569,1.432523092983372,2.5208346970577766
target_somo_somo_elst_corrected_signed_kcal_mol,128-64-32,0.01,0.75,4,1316,439,26.128886737045832,133,0.938759596604958,0.7368745124067368,1.2276741995516627
target_somo_somo_elst_corrected_signed_kcal_mol,128-64-32,0.01,0.75,5,1317,438,25.718389885034412,164,0.9377354989843701,0.6723785939579794,1.3089756768473455
target_somo_somo_elst_corrected_signed_kcal_mol,128-64-32,0.01,1.0,1,1755,439,39.10067238402553,166,0.9622927356368395,0.5729276737947495,0.9330694801935295
target_somo_somo_elst_corrected_signed_kcal_mol,128-64-32,0.01,1.0,2,1755,439,22.07979145203717,118,0.9538381267908033,0.6398031456338041,1.0537427263474333
target_somo_somo_elst_corrected_signed_kcal_mol,128-64-32,0.01,1.0,3,1755,439,19.880445210030302,101,0.9480526273165728,0.7012089276764079,1.1931237996258424
target_somo_somo_elst_corrected_signed_kcal_mol,128-64-32,0.01,1.0,4,1755,439,31.052225599996746,275,0.9323536563635939,0.6124889773895225,1.290286850299191
target_somo_somo_elst_corrected_signed_kcal_mol,128-64-32,0.01,1.0,5,1756,438,30.295765403076075,216,0.9584032496962869,0.5984374023556804,1.0698946657541932
