target,architecture,hidden_layer_sizes,n_hidden_layers,alpha,weights,biases,trainable_parameters,n_folds,mean_r2,sd_r2,se_r2,mean_mae,sd_mae,se_mae,mean_rmse,sd_rmse,se_rmse,mean_fit_seconds,sd_fit_seconds,se_fit_seconds,mean_epochs,sd_epochs,se_epochs,mean_final_scaled_loss,sd_final_scaled_loss,se_final_scaled_loss,mean_best_internal_validation_score,sd_best_internal_validation_score,se_best_internal_validation_score
target_fodft_coupling_abs_ev,128-64-32,"(128, 64, 32)",3,0.01,12704,225,12929,5,0.9336359133477373,0.007604821597593069,0.0034009796097953307,0.04072479184607796,0.002398918799996618,0.0010728291018589318,0.056598755882983486,0.0035396148963239334,0.0015829639044702372,46.24013077521231,15.873881632299511,7.099015679321405,139.0,29.512709126747414,13.198484761517134,0.02191653353186796,0.0013256568368543635,0.000592851760408741,0.9441367748779683,0.004392006832762766,0.001964165167140219
target_fodft_coupling_abs_ev,128-64-32,"(128, 64, 32)",3,0.001,12704,225,12929,5,0.9293532909319451,0.006179788667935103,0.0027636855096171533,0.04169926234727238,0.001692859054393879,0.0007570695843901455,0.05843290159579963,0.0028643310632934364,0.0012809677935176752,42.33953341080341,16.7070240550002,7.471608297740926,125.4,21.33775995740884,9.542536350467836,0.010792015074278346,0.0017869748600918354,0.000799159452249704,0.9394588468125388,0.006152294845935812,0.002751389898626814
target_fodft_coupling_abs_ev,128-64-32,"(128, 64, 32)",3,0.0001,12704,225,12929,5,0.9308080755705275,0.007437012208358857,0.0033259329694772465,0.041723497957057806,0.0020986777016420433,0.0009385572007469262,0.0577973485220013,0.0032283000293914276,0.0014437396634967602,41.00981937001925,12.599303183748551,5.634579677598257,113.0,34.677081768799404,15.508062419270821,0.01069770293391262,0.003878434239742799,0.001734488521265523,0.9410935004315581,0.007149714198837803,0.003197449393659355
target_fodft_coupling_abs_ev,64-64-32-16,"(64, 64, 32, 16)",4,0.0001,7888,177,8065,5,0.9225527931598432,0.010142694198728463,0.004535950740669921,0.042257164686431745,0.0028350807341053423,0.0012678866486319103,0.06112646907899254,0.00451045505096847,0.0020171368206845556,32.81845327843912,10.012685286028752,4.477808987374443,131.6,62.3642525811061,27.89014162746399,0.010842633503359964,0.0042395839246017215,0.0018959995703449583,0.9363269154338433,0.013255517471540483,0.0059280476286601306
target_fodft_coupling_abs_ev,64-64-32-16,"(64, 64, 32, 16)",4,0.01,7888,177,8065,5,0.9190431156883336,0.012636544502045863,0.005651234501455156,0.042486780436576575,0.002271100088008126,0.001015666836098385,0.06245091002840257,0.005327371265976728,0.002382472858420615,16.637786110606974,3.7788402932071787,1.6899487543452976,138.0,52.64978632435273,23.5457002444183,0.0217962451416881,0.0035495348542054703,0.0015874002445016473,0.9362116930321515,0.014433423638663219,0.006454823280820664
target_fodft_coupling_abs_ev,64-64-32-16,"(64, 64, 32, 16)",4,0.001,7888,177,8065,5,0.9216124616836447,0.009013004981224152,0.004030738363912284,0.0430215111848639,0.0023579477380522287,0.00105450628593533,0.06150818605895734,0.0037649727652262275,0.0016837470072962402,25.84133656457998,6.686955251812083,2.9904973011102083,134.0,61.77782773778955,27.627884464793897,0.01202775744600924,0.003287294702451003,0.0014701228833510773,0.9356244487103262,0.012645647494536429,0.005655305483456671
target_fodft_coupling_abs_ev,64-32,"(64, 32)",2,0.01,3296,97,3393,5,0.9238477424117264,0.008628134365947714,0.003858618992252227,0.04334187901547328,0.002927834503575617,0.001309367395372886,0.060636969811668565,0.003711138638376161,0.001659671653867021,18.227977289818227,5.875717126176309,2.627700582137987,177.4,41.2831684830513,18.462394210935916,0.022328820485122934,0.0018608958509003298,0.00083221792433209,0.9397101399283938,0.005283847231085834,0.0023630083182863927
target_fodft_coupling_abs_ev,64-32,"(64, 32)",2,0.001,3296,97,3393,5,0.9059880901252523,0.03583556741400778,0.016026152949999546,0.044783972838709676,0.00282353810796089,0.0012627246292923379,0.06667860662385842,0.012425064511437135,0.005556657774478729,15.099924972001464,5.130868252528565,2.2945940392498856,161.2,40.690293682892,18.197252539875354,0.021824480457803993,0.011015971605939806,0.004926492269817786,0.939400377013764,0.005348081929291981,0.0023917349486270185
target_fodft_coupling_abs_ev,64-32,"(64, 32)",2,0.0001,3296,97,3393,5,0.905395198390074,0.02668769862485142,0.011935101657639086,0.04533232315754682,0.0024960726363932447,0.001116277618350482,0.06722607209890427,0.009445238073374754,0.004224038879147019,9.191048208018765,2.264913325158202,1.012900031639765,137.0,21.88606862823929,9.787747442593725,0.01783884064346821,0.0021740738587307583,0.00097227538724545,0.9374621500064046,0.005361431231892717,0.0023977049382405105
target_fodft_coupling_abs_ev,32-16,"(32, 16)",2,0.01,1136,49,1185,5,0.9162402686489353,0.00794163725696607,0.003551608151844219,0.045850801866443504,0.002025371024479452,0.0009057734580788891,0.06359904818706882,0.002876581726341299,0.0012864464565865684,10.340812097396702,8.048849545517623,3.5995549448891384,288.4,104.47631310493303,46.72322762823647,0.023666573251646738,0.0032013701176683484,0.0014316962408485855,0.9230098553520012,0.019778022892526555,0.008845000729647279
target_fodft_coupling_abs_ev,32-16,"(32, 16)",2,0.0001,1136,49,1185,5,0.9085336916603046,0.008752276392231901,0.003914136994179428,0.046539944789164955,0.0011537311027261488,0.0005159642346902923,0.06648854743678015,0.0037629159135992734,0.00168282715528474,5.318801053636707,9.096943144198963,4.068276651575911,227.2,137.01167833436682,61.27348529339587,0.021914489605040898,0.0044909238114518475,0.002008402184835756,0.920311174813359,0.01834363036727462,0.008203520891071096
target_fodft_coupling_abs_ev,32-16,"(32, 16)",2,0.001,1136,49,1185,5,0.9099074657968751,0.009508187352394898,0.004252190652551747,0.046798356142379066,0.0013847920900357876,0.000619297849604806,0.06596358349214355,0.003839969848139292,0.0017172867223978002,4.951392482011579,7.214952894885027,3.226625025484363,219.8,77.38992182448565,34.60982519458889,0.021548412189493795,0.0026132401262515866,0.0011686765127657361,0.9195942688138203,0.014603821185892613,0.006531027380581495
target_fodft_coupling_abs_ev,32,"(32,)",1,0.01,640,33,673,5,0.8270290676334916,0.17010097464168883,0.07607146846755683,0.04869958358390782,0.001984039787551271,0.0008872895670057766,0.08534847606687249,0.03839780728256499,0.01717202145415036,3.352945234393701,3.6260491240229533,1.6216184662137778,370.8,187.277067469565,83.75285069775236,0.030975091047857443,0.003243291224442898,0.0014504439297365695,0.8930351839164757,0.028172884420379275,0.012599296937242564
target_fodft_coupling_abs_ev,32,"(32,)",1,0.0001,640,33,673,5,0.8774238723113179,0.04491018546716097,0.020084445517339015,0.05024759405690379,0.001988718342486566,0.0008893818803801339,0.07623063118622206,0.01364186041610541,0.006100825445995052,1.081798023590818,0.2653861936579614,0.11868431386182504,260.6,29.074043406447615,13.002307487519282,0.0308045302286185,0.0023650237644072323,0.0010576707811234037,0.8864958304302852,0.02468323199894338,0.011038676930807081
target_fodft_coupling_abs_ev,32,"(32,)",1,0.001,640,33,673,5,0.8714145617771585,0.05261482503948975,0.023530065082511428,0.05087976059981285,0.002779789387289424,0.0012431596066223283,0.07789028014344926,0.015445458432082169,0.00690741899955661,1.0971371924038977,0.33971075653120036,0.15192326885832894,241.6,56.033918299544254,25.059130072690074,0.03283772315204312,0.002899578215314705,0.0012967307991042405,0.8848514319323749,0.028141760825586313,0.01258537804251032
target_fodft_coupling_abs_ev,16,"(16,)",1,0.01,320,17,337,5,0.8843134494955173,0.03248608278154583,0.014528217884444384,0.05191553247562628,0.0028078559132451724,0.0012557113386081915,0.07432663410304258,0.010530248508404526,0.004709270296951657,1.4316638327902182,0.5830821627153758,0.26076227045983474,398.6,157.8917350591854,70.61133053554506,0.03741773697493251,0.005395721837910855,0.0024130401634497546,0.8736521616125131,0.02504922149029616,0.011202352407150161
target_fodft_coupling_abs_ev,16,"(16,)",1,0.0001,320,17,337,5,0.8855191954859144,0.022950966674700108,0.010263984326792349,0.052469794713184116,0.0022645619705876814,0.001012742901098987,0.0741809405815925,0.007705174952463899,0.0034458589944475976,1.0982367330230773,0.42210812033187,0.18877249018334447,323.6,121.40963717926184,54.296040371283055,0.03653925780039537,0.0047113201797063615,0.00210696643711799,0.8690527421857535,0.021290449303177996,0.009521378382683805
target_fodft_coupling_abs_ev,16,"(16,)",1,0.001,320,17,337,5,0.8806760108509056,0.026959432936010285,0.012056624935953147,0.052960805138143885,0.0018473834146270325,0.0008261749791223448,0.0756827438003038,0.008839640223931022,0.003953207287470246,1.015539636579342,0.4506635017477588,0.20154284497721678,302.4,129.91266297016625,58.09870910786229,0.037939680379237964,0.0047420149323920335,0.002120693547829531,0.8675010537501642,0.02185064721952818,0.009771906507046357
target_fodft_coupling_abs_ev,64-32-16,"(64, 32, 16)",3,0.0001,3792,113,3905,5,0.7685414191421048,0.26692722986445544,0.11937348620452687,0.05639589137257661,0.009867901889765975,0.0044130598841630704,0.09610125385973754,0.051540979055683014,0.023049826559080028,7.099464212008752,2.489562323563512,1.1133661179420677,52.6,22.567675999092152,10.092571525632106,0.026130330997558383,0.004950213058160868,0.002213802580230964,0.8363313859220085,0.06832495246062299,0.030555847652278905
target_fodft_coupling_abs_ev,64-32-16,"(64, 32, 16)",3,0.01,3792,113,3905,5,0.7605476879193847,0.2673396725165186,0.11955793616589355,0.05750401783254846,0.010592067992417357,0.0047369168106689875,0.09814277247830556,0.05140313415887592,0.022988180447157607,10.473981331801042,8.637692786830057,3.8628936480223213,57.6,38.3835902437487,17.165663401103963,0.03458688844570441,0.006260970126695069,0.0027999909616771286,0.831399484272841,0.06693231067671779,0.029933039312855184
target_fodft_coupling_abs_ev,64-32-16,"(64, 32, 16)",3,0.001,3792,113,3905,5,0.7600455920330236,0.2657761221939117,0.11885869520437542,0.05774771673445399,0.010185315364413602,0.004555011505420371,0.09842276868485986,0.051008528719862375,0.022811707529972518,9.260313345002942,6.9209079728324925,3.095124138654744,58.6,40.611574704756286,18.162048342629202,0.02681696017930609,0.00666831244206901,0.0029821599831347865,0.8331162008720616,0.06799843284405399,0.030409823640551815
target_frontier_gap_ev,128-64-32,"(128, 64, 32)",3,0.01,12704,225,12929,5,0.9699832690053727,0.004406182498089904,0.0019705047173997725,0.0449773643659809,0.0014151861621234003,0.0006328904918649922,0.06299632499926597,0.004266951465929961,0.001908238706902354,35.50807405898813,7.789513828050458,3.483576486239086,123.8,21.17073451725282,9.4678403028357,0.013050967167970861,0.0019654936284163984,0.0008789954724963558,0.9715003445789334,0.006438091387681866,0.0028792019976425207
target_frontier_gap_ev,128-64-32,"(128, 64, 32)",3,0.0001,12704,225,12929,5,0.9680973906195287,0.005343439672583481,0.0023896588683131764,0.04566482865152014,0.0020595791899921116,0.0009210718147732632,0.06493322441159403,0.005196062395646027,0.0023237497463989847,23.378220212389714,8.282647389761502,3.7041125194335827,98.8,33.32716609614445,14.904361777681057,0.004712343182731233,0.0012317130711823683,0.0005508388311877625,0.9705910800964406,0.0069100300277599195,0.003090259373727188
target_frontier_gap_ev,128-64-32,"(128, 64, 32)",3,0.001,12704,225,12929,5,0.9683739783869554,0.004226151091519891,0.001889992224764682,0.04587220110243701,0.002055691656558226,0.0009193332569686688,0.06471412724172451,0.004197192906536727,0.0018770417307392086,24.873204421205447,8.719169750003694,3.8993312536736213,102.4,39.39289275998908,17.617037208338978,0.006018069204969491,0.00131064781226508,0.0005861395205572202,0.9706079614647601,0.007788265628407336,0.003483018274388784
target_frontier_gap_ev,64-64-32-16,"(64, 64, 32, 16)",4,0.01,7888,177,8065,5,0.9675305059407531,0.002053132034572416,0.0009181885592172742,0.04627723714044398,0.0019304396888131852,0.0008633188741299644,0.06565077353180757,0.0019915510728039094,0.0008906487158904348,15.03335215416737,4.6985013219855,2.1012336696664407,136.6,26.698314553544385,11.939849245279438,0.014381913975623096,0.002000077395440881,0.0008944618032933075,0.9729681425480423,0.003922978987866067,0.0017544095382343698
target_frontier_gap_ev,64-64-32-16,"(64, 64, 32, 16)",4,0.001,7888,177,8065,5,0.967372646427864,0.0011475399615736288,0.0005131954721952261,0.04638349278667568,0.0008472885467032068,0.0003789189573970751,0.0658290767653942,0.0010389832401478376,0.0004646474304907107,24.687342643202282,4.972574862350067,2.223803083084282,136.0,40.92065493122025,18.30027322200409,0.006092516013216259,0.0013033340285182014,0.0005828686970310695,0.9713223255089811,0.0024357630585774776,0.0010893063552124083
target_frontier_gap_ev,64-32,"(64, 32)",2,0.001,3296,97,3393,5,0.9651881956522848,0.00569623616888368,0.002547434257903376,0.047513285696972454,0.0009524961737455353,0.00042596923856069344,0.06785439198478996,0.005530141065869788,0.0024731542696895975,25.289674263214692,9.191038934491308,4.11035756827396,202.2,21.890637268019404,9.789790600416334,0.005954502435862361,0.0007203022044139965,0.00032212893868252903,0.9721925724938607,0.006405596127267342,0.002864669675395834
target_frontier_gap_ev,64-64-32-16,"(64, 64, 32, 16)",4,0.0001,7888,177,8065,5,0.9659072148648994,0.002170336467911765,0.0009706039752594995,0.04775626726385511,0.0010971265728023235,0.0004906499193414734,0.0672753405721564,0.0021681152718835014,0.0009696106261973895,27.894331350619904,6.895517412715719,3.083769134973164,131.8,39.03460003637798,17.456803831171385,0.004692359375839442,0.0015715317055828848,0.0007028103444959032,0.9721659918804735,0.004191105317807138,0.001874319278295524
target_frontier_gap_ev,64-32,"(64, 32)",2,0.01,3296,97,3393,5,0.9620788557637192,0.015969067537954646,0.007141584110430358,0.047980318687006,0.002812595519804011,0.0012578309550986247,0.06996780955846187,0.013604423793631738,0.006084083279455227,23.989903714996764,5.640297910593861,2.5224179082875806,200.2,47.1932198520084,21.105449533236666,0.010991195426981423,0.0012842921734135164,0.0005743529205447141,0.9725497388902185,0.005908167787450053,0.0026422129590425694
target_frontier_gap_ev,32-16,"(32, 16)",2,0.01,1136,49,1185,5,0.963584413619478,0.004486349980581171,0.0020063567054868716,0.049110997691448874,0.0005416361128064527,0.00024222703346079452,0.06945567076989448,0.004359436471717703,0.0019495992588705244,5.718232351029291,4.599614509855174,2.057010142866109,238.4,13.68575902169843,6.120457499239742,0.011945349380022013,0.0011093377534980963,0.0004961109253657297,0.9669242136904546,0.005990320966786002,0.002678952977755152
target_frontier_gap_ev,32-16,"(32, 16)",2,0.0001,1136,49,1185,5,0.9624223295181349,0.004655659370141613,0.0020820741663441,0.04939245947348492,0.0010923124131115725,0.0004884969616768617,0.07054635217732154,0.004415448232359762,0.001974648479737543,2.2110573845915495,1.6408582183745806,0.7338141035449512,233.2,69.44926205511474,31.05865418848666,0.008127623861983537,0.0012953791859392036,0.0005793111832796798,0.9646265310386264,0.006771810998366916,0.003028445944625828
target_frontier_gap_ev,64-32,"(64, 32)",2,0.0001,3296,97,3393,5,0.9596661531505818,0.012870131218687249,0.0057556976568653795,0.04994844900416453,0.0029681053887442095,0.0013273770827230984,0.0725700372065147,0.01079307975735919,0.004826812004806416,14.080569649999962,7.0219291521157565,3.140302183463658,159.0,55.767373974394744,24.939927826679853,0.006549054627988762,0.0021189713459456344,0.0009476327943817324,0.9698706702312677,0.008266190543089047,0.0036967527938626026
target_frontier_gap_ev,32-16,"(32, 16)",2,0.001,1136,49,1185,5,0.9630845973318225,0.0028895021602466874,0.0012922246502888167,0.04997229072719822,0.0016978274091983751,0.0007592915002059837,0.0699823143883894,0.002557431198390219,0.001143718001475856,3.842709400760941,3.802792758061779,1.7006606222740097,213.6,56.65068402058355,25.33495608837718,0.00894912917446623,0.0008109997648818153,0.0003626901208024171,0.9642780301726315,0.006418751580769731,0.00287055297305707
target_frontier_gap_ev,64-32-16,"(64, 32, 16)",3,0.01,3792,113,3905,5,0.9619788022969538,0.003927739533096677,0.0017565385187834908,0.05055281647108815,0.0031043269604326532,0.0013882972215825424,0.07102852046508348,0.004361706382252466,0.001950614393722239,16.919724767585286,6.638434805345364,2.9687982977905634,109.6,57.760713291994584,25.831376269955108,0.014464126183590257,0.0024283264000704292,0.0010859805804229658,0.953533066338206,0.015542861785481057,0.006950979103443879
target_frontier_gap_ev,64-32-16,"(64, 32, 16)",3,0.001,3792,113,3905,5,0.9631074012007985,0.002045774270406792,0.0009148980670499247,0.05076874657522672,0.002386415363542593,0.0010672373950862222,0.06999462923509821,0.002189319730468186,0.000979093548361676,16.461784963007084,5.247539406614385,2.3467709655597346,100.4,11.84483009586883,5.2971690552596105,0.00765878867327051,0.0009311339190314032,0.0004164157478220005,0.9632686600355296,0.0036654780174660093,0.0016392516034170316
target_frontier_gap_ev,64-32-16,"(64, 32, 16)",3,0.0001,3792,113,3905,5,0.9607512044767468,0.004482486064016546,0.0020046287094672944,0.05169775120424789,0.0032317556850302636,0.0014452850796798137,0.07209955589010698,0.0038751574853553524,0.0017330231121543427,17.45521657138597,6.067372771476402,2.713411592370506,110.8,28.865203966021095,12.908911650483939,0.006760650376545202,0.001117240561821402,0.0004996451686905422,0.9637814701928992,0.004722227765115328,0.0021118444576069565
target_frontier_gap_ev,32,"(32,)",1,0.0001,640,33,673,5,0.9576996017543635,0.004521675561649134,0.002022154785609401,0.053796202430464166,0.0019845144999027136,0.0008875018648232934,0.07489639486298998,0.0043438294472069585,0.0019426195853240187,0.9962745441822335,0.4141359606391442,0.18520723198326072,235.6,70.18048161704222,31.385665517876152,0.01331521507061613,0.0015974640639426032,0.0007144076477177462,0.9650394435937224,0.004941436268916453,0.002209877480756024
target_frontier_gap_ev,32,"(32,)",1,0.001,640,33,673,5,0.9588414107282363,0.005314879875199837,0.0023768865386384866,0.05384492493901788,0.0026983819330363406,0.0012067530863053085,0.07384517374681841,0.005301617559871939,0.0023709554509160433,0.9790959374047816,0.32625267655088547,0.1459046325218063,231.0,74.45804187594514,33.298648621227855,0.013881104961461763,0.0016632442138621152,0.0007438254250757775,0.9651373907397364,0.0051699444699027704,0.0023120694549203418
target_frontier_gap_ev,32,"(32,)",1,0.01,640,33,673,5,0.9578629704637287,0.003959606437748868,0.0017707898317904514,0.05435158935729101,0.0026087790471551486,0.0011666814575432083,0.07477897946591036,0.004177965713057034,0.0018684430684117817,0.9689687540056184,0.1871776504946297,0.08370839007493783,209.0,51.39066063011839,22.982602115513377,0.016252296294872303,0.001262752151548494,0.0005647199299193097,0.9645184339215064,0.005440805761605011,0.002433202307064264
target_frontier_gap_ev,16,"(16,)",1,0.01,320,17,337,5,0.9555983995122797,0.0071037210881627335,0.0031768806492661296,0.05646709683077602,0.00455699803324185,0.0020379514751323246,0.07662239237075386,0.005919458568129413,0.0026472623496661876,0.9243172124028206,0.4317278748111567,0.1930745751718531,259.0,119.73303637676612,53.54624169818083,0.018615586747265746,0.004099434510049773,0.0018333228467559675,0.9583909221798708,0.011292840654384165,0.00505031187245524
target_frontier_gap_ev,16,"(16,)",1,0.0001,320,17,337,5,0.9553860145565455,0.00787563598327615,0.0035220914849297736,0.05650932014047162,0.004600708822031253,0.002057499534148973,0.07677789141471807,0.006729529767935268,0.0030095372035423285,0.9263398318085819,0.40383469495175534,0.1806003659170032,251.2,114.75495631997775,51.31997661729787,0.016916016308111008,0.004043748079965482,0.0018084191181374145,0.9575999500985117,0.01066170447963924,0.004768059194497473
target_frontier_gap_ev,16,"(16,)",1,0.001,320,17,337,5,0.9544459942721183,0.008406632971424266,0.0037595605571991413,0.05687118593200936,0.004677154606316951,0.0020916871282001936,0.07756698418092625,0.007476439881391884,0.0033435655608965434,0.9144989945925772,0.5079184196975509,0.2271480226935984,258.0,138.79661379154751,62.07173269693701,0.01720113448863534,0.004069098939563851,0.001819756367207416,0.957626241445728,0.011125527238785807,0.004975487038290119
target_interaction_energy_kcal_mol,128-64-32,"(128, 64, 32)",3,0.001,12704,225,12929,5,0.9343960730791064,0.012365607066028997,0.0055300675965385135,0.8564699970595406,0.03121086998998349,0.013957925386902253,1.2430314790568873,0.09759055424325215,0.04364382264995847,33.07208366300911,6.97343593361871,3.1186153568622292,120.4,24.49081460466352,10.952625256074453,0.009180417860858082,0.0011788591275563615,0.000527201829022424,0.9481409167067751,0.0056852673089534305,0.0025425288346154337
target_interaction_energy_kcal_mol,128-64-32,"(128, 64, 32)",3,0.01,12704,225,12929,5,0.9339156540819505,0.011087742996187479,0.0049585894113044785,0.8582256932021851,0.0256357377738114,0.011464650463120283,1.2483168807956617,0.0874396997996405,0.03910422253683418,42.17469260680955,4.756811578896115,2.1273108093139634,159.4,15.725775020646836,7.032780389006897,0.01682986818032025,0.001357294786557526,0.0006070006816497392,0.951063712472964,0.005168135534436918,0.002311260474386631
target_interaction_energy_kcal_mol,128-64-32,"(128, 64, 32)",3,0.0001,12704,225,12929,5,0.9337645206113294,0.013220882760590063,0.0059125585150468915,0.8687058074103566,0.03687452262784866,0.016490787846744757,1.2486050773401955,0.10445304704082425,0.04671282272805326,31.86303530423902,11.657173191386878,5.213246336285845,112.4,32.4468796650772,14.510685717773644,0.007769873090618766,0.0020985853442186996,0.0009385158972515615,0.9465858130888071,0.0038069498565274696,0.0017025197332256987
target_interaction_energy_kcal_mol,64-32,"(64, 32)",2,0.01,3296,97,3393,5,0.9369122870113099,0.014676206824764016,0.006563399222403736,0.8712475986346115,0.04138730848109825,0.01850896703389785,1.216979184232345,0.12049331652824773,0.05388624931831217,21.578092079376802,2.8133959944561706,1.2581889382459237,186.4,26.773120849090418,11.973303637676612,0.01826166060098178,0.0010560243272424157,0.0004722684363215049,0.9385602071939221,0.010376698928825158,0.004640600837380461
target_interaction_energy_kcal_mol,64-64-32-16,"(64, 64, 32, 16)",4,0.01,7888,177,8065,5,0.9346978009710611,0.016391324056410514,0.007330422966272301,0.8718433154023268,0.06880272077248084,0.030769512136840798,1.2364899943276497,0.13756994126838099,0.0615231480673507,12.04599628157448,2.3559732039593713,1.0536232474442262,140.4,54.15533214744417,24.219000805152966,0.020110080769431972,0.0026922990325361756,0.0012040327305015612,0.9431705175872424,0.012252225954927054,0.005479362022180833
target_interaction_energy_kcal_mol,64-64-32-16,"(64, 64, 32, 16)",4,0.0001,7888,177,8065,5,0.9333602306501586,0.01176370601043415,0.005260889261330722,0.8976732683764048,0.030389132038968824,0.013590433003270215,1.2533820909896936,0.09190928746693242,0.04110308290792607,26.666559834009966,4.963392525444522,2.2196966171816612,126.0,33.007574888198015,14.761436244485155,0.008590732347978297,0.0024502083716476486,0.001095766495608642,0.9422881669097368,0.013099907720379882,0.005858456832348744
target_interaction_energy_kcal_mol,64-32,"(64, 32)",2,0.001,3296,97,3393,5,0.9320646683959609,0.015576151542251782,0.006965866735262634,0.9017522912656292,0.044286590728464116,0.019805565472111538,1.2630523825751108,0.12303558696146144,0.05502318721948291,17.360230604954996,1.6903921882057344,0.7559663682925281,151.0,14.071247279470288,6.292853089020909,0.013809609605128637,0.0006938598022046535,0.0003103035369168327,0.9371901392320542,0.012037733087387125,0.005383437895679206
target_interaction_energy_kcal_mol,64-32,"(64, 32)",2,0.0001,3296,97,3393,5,0.9327618800461097,0.014500969163722743,0.006485030557942466,0.9044978349341417,0.044553450113878686,0.019924908617355696,1.2573334199501969,0.11443467087560685,0.05117674061213446,12.23089274498634,1.4556668478798076,0.650994004890419,150.8,19.537144110642167,8.73727646352111,0.013143549501885742,0.0017160252801201948,0.0007674298354913748,0.9367073400509011,0.010428001520353933,0.00466354405379651
target_interaction_energy_kcal_mol,64-64-32-16,"(64, 64, 32, 16)",4,0.001,7888,177,8065,5,0.9312864126475388,0.014496170290118718,0.00648288443642366,0.9050732535045212,0.03927539813335809,0.017564492013911408,1.2711655551120917,0.11329312898883419,0.05066622756053705,16.14377432439942,6.596505661047372,2.950047014412822,123.8,46.94890840051555,20.996190130592737,0.010746292729958699,0.002759633409950682,0.0012341455795258538,0.9392580749663372,0.015231958178146753,0.006811938783353998
target_interaction_energy_kcal_mol,32-16,"(32, 16)",2,0.01,1136,49,1185,5,0.9279531434479992,0.02259806937398511,0.010106163856097364,0.9127114334806533,0.050462044508352635,0.02256731236085929,1.295589315569436,0.17415060548999858,0.07788251843967697,5.330237677786499,4.825042864431542,2.157824767843846,253.6,39.09987212255304,17.485994395515515,0.020307192153527658,0.0007703290121608285,0.0003445016072463749,0.9399964575276754,0.007753949402113605,0.0034676715914439744
target_interaction_energy_kcal_mol,32-16,"(32, 16)",2,0.001,1136,49,1185,5,0.9278143021795924,0.011684054568371443,0.005225268053539102,0.9358883265747924,0.03857443800098014,0.01725101311280854,1.305261154286111,0.08698309113616293,0.03890002093470394,3.861295915977098,5.582936085570158,2.496764920274291,229.8,76.07693474371848,34.02263952135401,0.01688020993158325,0.0013954306001462571,0.0006240555359620718,0.9363203524372086,0.006519545370003022,0.002915629325944155
target_interaction_energy_kcal_mol,32-16,"(32, 16)",2,0.0001,1136,49,1185,5,0.9261623656727436,0.012548974487985783,0.005612072000609365,0.9390080823419185,0.034579112680579276,0.015464249311080046,1.319780421049252,0.09409287316209522,0.042079612117742096,3.122299713199027,3.2179469241725513,1.439109614087237,239.2,79.47452422002915,35.542087727087726,0.01615782747033825,0.0019466086393807626,0.0008705498486487518,0.9361155829021965,0.008557581474953738,0.003827066780197894
target_interaction_energy_kcal_mol,32,"(32,)",1,0.001,640,33,673,5,0.9126423814311245,0.030988155851259195,0.013858324596154683,0.9777419708724029,0.05707977687186937,0.02552685224520404,1.4229663175131129,0.21826589641159222,0.09761147630924952,1.337664189795032,0.35320012389188393,0.15795589733672,321.8,47.277901814695625,21.143320458244016,0.022025084874622475,0.0008971997820293992,0.00040123994040314615,0.9325069095502772,0.010516388458130792,0.00470307189403493
target_interaction_energy_kcal_mol,32,"(32,)",1,0.0001,640,33,673,5,0.9132998986582834,0.026863060738238406,0.012013525978881352,0.9826902815947193,0.05360675797642483,0.023973670977732994,1.4211342597874546,0.1905259655723839,0.085205802099727,1.1941290172282606,0.12776759089370748,0.05713940371194261,311.4,43.39124335623491,19.405153954555477,0.021853796096225758,0.0010932273785842117,0.000488906146675639,0.9320793321454289,0.011009972297614828,0.0049238092975712605
target_interaction_energy_kcal_mol,32,"(32,)",1,0.01,640,33,673,5,0.9115267247057435,0.028842625055141277,0.012898814054566903,0.9839401322707207,0.06056642878686071,0.02708613038436413,1.434413800387529,0.20238740740288697,0.09051040014855988,1.4060846192063763,0.2818015588142273,0.12602548833480345,315.4,69.93425483981365,31.275549555523394,0.025263249934851472,0.0009877525822720205,0.0004417363837822383,0.9331807334228047,0.009993216214989479,0.004469102154113926
target_interaction_energy_kcal_mol,64-32-16,"(64, 32, 16)",3,0.01,3792,113,3905,5,0.8845517039530758,0.09899225014452909,0.04427068011376608,1.021432490830579,0.24097214094517003,0.10776601756741211,1.5597761694540118,0.5821490671849057,0.26034497745270824,17.425074550812134,7.695599956032152,3.441576925866457,106.2,46.9861681774541,21.012853209404952,0.02574113026940441,0.005363503585948438,0.0023986317231489184,0.9149406405843095,0.03222184759216522,0.014410048315343869
target_interaction_energy_kcal_mol,64-32-16,"(64, 32, 16)",3,0.0001,3792,113,3905,5,0.8857165237334836,0.09740799518789443,0.04356217975842087,1.0340793158205877,0.2319563611308379,0.1037340382604087,1.5541414421265443,0.5729117644819323,0.25621393009819,15.563789920392447,6.469981198351162,2.8934635545317495,101.0,43.91469002509297,19.639246421387966,0.016442381583661188,0.005092932905260762,0.002277628836201712,0.9124393434540405,0.032162543911497615,0.014383526903086129
target_interaction_energy_kcal_mol,64-32-16,"(64, 32, 16)",3,0.001,3792,113,3905,5,0.8820362078106143,0.10273967679917477,0.04594658026186256,1.0430599111479055,0.23547791671999932,0.10530892579719055,1.5742723226024165,0.5960961304662679,0.26658229376943166,14.992155054979957,6.305987048957959,2.820123141340658,99.2,43.263148290433044,19.34786809961242,0.018154447913571067,0.004769059773129856,0.0021327883682956167,0.910396192168573,0.032065756388747244,0.0143402422070374
target_interaction_energy_kcal_mol,16,"(16,)",1,0.01,320,17,337,5,0.9106043944037587,0.010519172952365869,0.004704317157713448,1.05246382296879,0.052682124298252704,0.02356016222599729,1.4549158807317948,0.08210263954929013,0.03671741663287508,1.3220205568009988,0.5520424809234294,0.2468809027624838,378.4,160.40978773129774,71.7374379246987,0.03327529970788573,0.004889922583444063,0.0021868398602584624,0.9148055552619736,0.02584314550908486,0.01155740602214643
target_interaction_energy_kcal_mol,16,"(16,)",1,0.0001,320,17,337,5,0.9093878980633585,0.011191522944448102,0.005005001215106912,1.061299887766517,0.059465616680691766,0.026593832244394437,1.4645730553616025,0.08914323700060646,0.0398660675335461,1.421866880590096,0.7316356942997503,0.3271974294438994,410.2,195.78227703242192,87.55649604683823,0.030225732722664968,0.005860264476866223,0.0026207899472800236,0.9152734758613035,0.026154115388616565,0.011696475980063993
target_interaction_energy_kcal_mol,16,"(16,)",1,0.001,320,17,337,5,0.9092846269980022,0.011549255932886644,0.005164984271095457,1.062702543762141,0.056155483847434004,0.02511349583845077,1.4652614157966541,0.09109463845925136,0.04073876079613055,1.3716010747943073,0.6188534931572519,0.2767596957625632,387.8,173.12047828030052,77.42183154640557,0.03094853981214738,0.0058123805936333645,0.0025993756236929568,0.9150828966184827,0.025985916265403468,0.011621255045411923
target_somo_somo_elst_corrected_signed_kcal_mol,128-64-32,"(128, 64, 32)",3,0.0001,12704,225,12929,5,0.9547452817429749,0.007750341128357999,0.0034660579223641814,0.6200320179952473,0.04309301055994942,0.019271780193432637,1.0677897757892771,0.11586807161460574,0.05181777691041445,44.83963389080018,8.471126366601375,3.7884028803422956,180.6,18.716303053755034,8.37018518313663,0.003240554793215028,0.00042222141069953956,0.0001888231551760055,0.9674507463906329,0.002926519463942577,0.0013087792917703693
target_somo_somo_elst_corrected_signed_kcal_mol,128-64-32,"(128, 64, 32)",3,0.01,12704,225,12929,5,0.9509880791608193,0.011691464558810758,0.005228581902006088,0.6249732253700329,0.04899121000403908,0.021909535173799826,1.1080235044440379,0.13736002811444267,0.06142927205103521,39.937128034210765,11.348429457672212,5.075171941043227,175.2,71.56605340522837,32.00531205909419,0.013156989644377792,0.0028489466314204595,0.001274087666425037,0.9664797813010528,0.005464016180495113,0.0024435823219491667
target_somo_somo_elst_corrected_signed_kcal_mol,128-64-32,"(128, 64, 32)",3,0.001,12704,225,12929,5,0.9521325097862645,0.0058264852845645925,0.002605683433237727,0.6358688615599452,0.025890697546076716,0.011578671939582905,1.0993345858184627,0.08737969818516615,0.0390773889990893,41.65029761863407,7.056971830005627,3.155973745438734,140.2,36.9689058534331,16.532997308413258,0.007259148864304878,0.0011415747116942548,0.0005105277313486156,0.965345856343623,0.006944566469072939,0.0031057045398225564
target_somo_somo_elst_corrected_signed_kcal_mol,64-64-32-16,"(64, 64, 32, 16)",4,0.01,7888,177,8065,5,0.9515847679003141,0.007542057766945507,0.0033729107714240837,0.6457983484449755,0.04561230039732462,0.0203984408597117,1.102889690217547,0.08331522624442941,0.03725970188866373,11.299487633234822,1.7901951909737743,0.8005996280021155,172.6,84.65400167741629,37.85842046361681,0.014706538633839122,0.003450797993665097,0.001543243778091009,0.9625203794044754,0.01093984760150874,0.004892448580092314
target_somo_somo_elst_corrected_signed_kcal_mol,64-64-32-16,"(64, 64, 32, 16)",4,0.001,7888,177,8065,5,0.9471471077131849,0.009005872122614987,0.004027548452567487,0.6647723551851548,0.04759050784122315,0.021283122123342345,1.1533641338648335,0.10414347100249423,0.04657437611487105,19.395086535578592,4.2566649478414265,1.9036384361628051,125.4,41.18616272487642,18.419011917038326,0.007198512079286406,0.0011382434987601028,0.0005090379676349575,0.9593252582659748,0.008355863194697074,0.0037368556228062435
target_somo_somo_elst_corrected_signed_kcal_mol,64-64-32-16,"(64, 64, 32, 16)",4,0.0001,7888,177,8065,5,0.9481288891164523,0.008578821402233065,0.0038365655644446396,0.6690774286903091,0.056606404968178155,0.025315153894145632,1.1425066782254658,0.1013409587427872,0.04532105453077476,25.950129677611404,9.681973610665624,4.329910229961484,145.8,56.366656810564876,25.20793525856491,0.005826463112788008,0.0017894946801368093,0.0008002863500320296,0.9589939851034011,0.00786623759707189,0.0035178883988434694
target_somo_somo_elst_corrected_signed_kcal_mol,64-32,"(64, 32)",2,0.01,3296,97,3393,5,0.9291805978632794,0.04350624226581493,0.01945658303038733,0.6956743313704972,0.052142681200529874,0.023318915938697025,1.2982993361691204,0.3528718375346128,0.15780908321453122,29.046588031225838,7.059189054702351,3.1569653184673876,219.6,40.21566858825053,17.984993744786237,0.013660579073784953,0.0007098836175976119,0.0003174696050123452,0.966751202331797,0.004875960135214453,0.0021805956635837166
target_somo_somo_elst_corrected_signed_kcal_mol,64-32,"(64, 32)",2,0.0001,3296,97,3393,5,0.9481188764820905,0.003704821283636256,0.0016568464469397396,0.7060896880293155,0.027581524344705302,0.01233483267156528,1.1457014514512505,0.07261876129960719,0.032476097341550526,17.685121669783257,6.166808675943174,2.757880680728882,191.4,51.925908754686226,23.22197235378597,0.007327595363473561,0.0021656288242605554,0.0009684986530159095,0.9673497939953645,0.004861131047401648,0.0021739638939049675
target_somo_somo_elst_corrected_signed_kcal_mol,64-32,"(64, 32)",2,0.001,3296,97,3393,5,0.9446844354588334,0.010859104492636877,0.004856339164061884,0.7116005968346826,0.03986788942362617,0.017829462174134607,1.1797434080247808,0.13177499835610657,0.05893157081183546,22.836961133801378,12.210141703269862,5.460541372683295,210.6,78.13961863229177,34.94509979954271,0.0082729537316898,0.001809482144094813,0.0008092250156536143,0.9673003890440206,0.006982988995837937,0.0031228876161653245
target_somo_somo_elst_corrected_signed_kcal_mol,32-16,"(32, 16)",2,0.01,1136,49,1185,5,0.9386075237382137,0.021900671913489295,0.00979427823029649,0.737190821828764,0.04639540230861426,0.020748654681102433,1.2308004175360194,0.19507330250651983,0.08723943299999169,9.280135375610552,5.508455274094316,2.4634560887784254,304.4,65.99848483109291,29.515419698862495,0.0144868396093068,0.0021010687573033687,0.000939626513346268,0.9557049845924205,0.013149060304091015,0.005880438536038313
target_somo_somo_elst_corrected_signed_kcal_mol,32-16,"(32, 16)",2,0.001,1136,49,1185,5,0.9287899230528283,0.04229241163218925,0.018913741468395598,0.7476693220534881,0.046708622225142785,0.020888730886155348,1.3024142032212662,0.3429073331815921,0.15335282139544182,4.023521883180365,2.48760382814315,1.1124902521633575,296.6,54.86620088907195,24.536910971024852,0.010268575175964861,0.001005079110186843,0.00044948504262855646,0.9568602725187546,0.013072957633899509,0.005846404387274822
target_somo_somo_elst_corrected_signed_kcal_mol,32-16,"(32, 16)",2,0.0001,1136,49,1185,5,0.9279619754890674,0.041872146474782594,0.018725793176288412,0.7509695974767038,0.04738726413664458,0.021192228775455034,1.310007895691101,0.34756836205355646,0.1554372968760021,1.907155134808272,0.2935924002941194,0.13129851294699604,308.6,65.22116220982267,29.167790454540775,0.009596984375173546,0.0012187029170492266,0.0005450205133798716,0.9546071438507326,0.01309017131309559,0.005854102578639884
target_somo_somo_elst_corrected_signed_kcal_mol,32,"(32,)",1,0.0001,640,33,673,5,0.7763649327378795,0.3512271399606906,0.1570735520989874,0.8921197028660742,0.09810536997137885,0.04387405524275394,1.956411740368192,1.4668793152842903,0.6560083727528039,1.3910859764087946,0.1872757064720597,0.08375224204116456,364.2,44.2797922307682,19.80252509151295,0.01824377356104167,0.002783624073213983,0.0012448745303022632,0.9207893805123284,0.012698090919639832,0.005678758896157496
target_somo_somo_elst_corrected_signed_kcal_mol,32,"(32,)",1,0.01,640,33,673,5,0.6721444728242056,0.5805390017881209,0.25962493431762207,0.8942675870864438,0.11105128787304634,0.04966364573460593,2.212826584225521,2.005221353325959,0.8967622511941935,1.558584941807203,0.5010756352479339,0.22408783645665395,373.6,82.26360069921569,36.7894006474691,0.021364067066487226,0.0024830281575126873,0.0011104439500488849,0.9234926039779324,0.011953529891057108,0.005345781081495869
target_somo_somo_elst_corrected_signed_kcal_mol,32,"(32,)",1,0.001,640,33,673,5,0.7489000211114331,0.4127497787178437,0.1845873125822189,0.8963431802394795,0.1062689431818411,0.047524916170331895,2.026653563324435,1.6267094799755129,0.7274865953737158,1.5404172454262153,0.37304457465593543,0.16683060551363335,365.8,58.74691481260952,26.272418997876837,0.01864267334775206,0.0020938622175082165,0.0009364036507733644,0.9207848105743819,0.012835856896137034,0.005740369713844373
target_somo_somo_elst_corrected_signed_kcal_mol,64-32-16,"(64, 32, 16)",3,0.0001,3792,113,3905,5,0.7759869814900231,0.19670163431278084,0.08796764512173662,1.0332028295817397,0.21602926614634602,0.09661122484652473,2.2239874117061897,0.9392164963248398,0.4200303862743046,11.154102140991018,10.615795669776869,4.747528150573798,78.4,71.91175147359435,32.159912935205526,0.01601430450750024,0.006561468697414998,0.002934378007931387,0.8574543911383194,0.0603935996330751,0.027008838837092455
target_somo_somo_elst_corrected_signed_kcal_mol,16,"(16,)",1,0.01,320,17,337,5,0.7498406037190044,0.325330648682435,0.1454922891236054,1.0469864889398084,0.2828702611377418,0.1265034265434215,2.1583500945217025,1.3662877125197836,0.6110224404033853,1.4966268038144335,0.8984699451066495,0.4018079745997945,436.8,263.8781915960468,118.00991483769486,0.03539251744595718,0.02049863708929845,0.009167269195553952,0.8543341607584564,0.08319198625854117,0.03720458729146529
target_somo_somo_elst_corrected_signed_kcal_mol,16,"(16,)",1,0.0001,320,17,337,5,0.7361087598151996,0.3567316576790529,0.15953524725930943,1.0483198955004007,0.2919358802809751,0.13055769467590014,2.1887498528077316,1.4562952617901541,0.6512750401347273,1.4942283508367837,0.9049033605187873,0.4046850854376015,417.0,246.30062931304093,110.14899000898737,0.03281898637454968,0.021204329600410746,0.009482864480765876,0.8534942425688928,0.08353256328650775,0.037356897968686915
target_somo_somo_elst_corrected_signed_kcal_mol,64-32-16,"(64, 32, 16)",3,0.001,3792,113,3905,5,0.7867670103355364,0.16190231310046735,0.07240491556141994,1.05537602421902,0.2512446916228904,0.11236004189095099,2.1943131622184864,0.8389245246035949,0.37517845300106656,11.256210250221192,8.65616257307589,3.8711535875374365,82.0,71.59958100436063,32.02030605725061,0.01649881232197759,0.0065202894197743345,0.0029159620751176146,0.853497538811282,0.06444701478249985,0.028821581200120697
target_somo_somo_elst_corrected_signed_kcal_mol,16,"(16,)",1,0.001,320,17,337,5,0.544270026916801,0.7760168848367123,0.34704530123650285,1.0754340888612963,0.28896306990638376,0.12922821345953958,2.6182978528785537,2.333083037999917,1.0433864540239077,1.5141782506136223,0.7405227323066346,0.3311718336643029,440.6,225.93981499505568,101.04335703053415,0.03217508566810647,0.021705574520730894,0.009707028023808338,0.8551247015765402,0.08328231145110825,0.03724498194559744
target_somo_somo_elst_corrected_signed_kcal_mol,64-32-16,"(64, 32, 16)",3,0.01,3792,113,3905,5,0.7915993987464616,0.1427307463337877,0.06383113025632564,1.0832655163439755,0.21898431674950025,0.09793276365164566,2.1934576059026023,0.7471248278665782,0.3341243805574996,10.037954717199318,7.732741823111615,3.458187273786645,59.0,31.77262973063451,14.209151980325919,0.02562989005755495,0.005022646380565762,0.0022461957467776643,0.8515566833127061,0.06902420091498176,0.03086856106770048
