target,architecture,hidden_layer_sizes,n_hidden_layers,alpha,weights,biases,trainable_parameters,fold,n_fold_train,n_fold_validation,fit_seconds,epochs,final_scaled_loss,best_internal_validation_score,r2,mae,rmse
target_fodft_coupling_abs_ev,16,"(16,)",1,0.0001,320,17,337,1,1755,439,0.5790119140874594,174,0.04239289435935906,0.8337926224679544,0.8790931150422201,0.05519859195859542,0.07587882061830169
target_fodft_coupling_abs_ev,16,"(16,)",1,0.0001,320,17,337,2,1755,439,0.8482619789429009,257,0.039444208819146835,0.866192918764424,0.898031095678009,0.051475217207908056,0.06881225479621952
target_fodft_coupling_abs_ev,16,"(16,)",1,0.0001,320,17,337,3,1755,439,1.4279254550347105,397,0.03333152607237106,0.8786597893240375,0.9072581401326221,0.049195148974520875,0.06721505908903648
target_fodft_coupling_abs_ev,16,"(16,)",1,0.0001,320,17,337,4,1755,439,1.0219011900480837,304,0.03695654085417409,0.8777015917824311,0.8486998835753592,0.05352956255332164,0.08659436129160349
target_fodft_coupling_abs_ev,16,"(16,)",1,0.0001,320,17,337,5,1756,438,1.6140831270022318,486,0.030571118896925764,0.8889167885899204,0.8945137430013618,0.052950452871574585,0.07240420711280135
target_fodft_coupling_abs_ev,16,"(16,)",1,0.001,320,17,337,1,1755,439,0.5482699749991298,166,0.04339473503325493,0.8314014515608078,0.8766509696136622,0.055171527029981106,0.07664131116287516
target_fodft_coupling_abs_ev,16,"(16,)",1,0.001,320,17,337,2,1755,439,1.084993559983559,329,0.037573635162285686,0.8693785689630309,0.9036363730704136,0.05013888772371875,0.06689420260197984
target_fodft_coupling_abs_ev,16,"(16,)",1,0.001,320,17,337,3,1755,439,0.7080595419974998,211,0.04073289760586807,0.8691279271527865,0.8925157467970907,0.05276483111685786,0.07236042448559789
target_fodft_coupling_abs_ev,16,"(16,)",1,0.001,320,17,337,4,1755,439,1.0175021749455482,304,0.03725344039614595,0.8779153747623979,0.8357069552543438,0.05383162945912081,0.0902359450842107
target_fodft_coupling_abs_ev,16,"(16,)",1,0.001,320,17,337,5,1756,438,1.7188729309709743,502,0.03074369369863516,0.8896819463117983,0.8948700095190179,0.05289715036104091,0.07228183566685546
target_fodft_coupling_abs_ev,16,"(16,)",1,0.01,320,17,337,1,1755,439,0.54758821206633,166,0.04545083849088723,0.8315302037356442,0.8773291062334072,0.054907398425244114,0.07643034513418766
target_fodft_coupling_abs_ev,16,"(16,)",1,0.01,320,17,337,2,1755,439,1.5969002629863098,461,0.035960793767179415,0.8730147176076731,0.9027204117491806,0.05064693951394082,0.06721137407680464
target_fodft_coupling_abs_ev,16,"(16,)",1,0.01,320,17,337,3,1755,439,2.0030939129646868,552,0.032149985915284125,0.892785897358576,0.9127783098711798,0.04799703713524769,0.06518398887059701
target_fodft_coupling_abs_ev,16,"(16,)",1,0.01,320,17,337,4,1755,439,1.178527912008576,312,0.04001904307585412,0.8787567003716847,0.8309928375317959,0.054280330108996584,0.0915213752184972
target_fodft_coupling_abs_ev,16,"(16,)",1,0.01,320,17,337,5,1756,438,1.8322088639251888,502,0.033508023625457656,0.8921732889889874,0.8977465820920233,0.05174595719470221,0.0712860872151264
target_fodft_coupling_abs_ev,32,"(32,)",1,0.0001,640,33,673,1,1755,439,1.018355992040597,267,0.030791635700603164,0.8972198404417281,0.9054856593470432,0.04927198598295918,0.06708785562608495
target_fodft_coupling_abs_ev,32,"(32,)",1,0.0001,640,33,673,2,1755,439,0.8318444610340521,228,0.032092425852770355,0.9150680775894814,0.9011355260119527,0.04936373296781038,0.06775666822032932
target_fodft_coupling_abs_ev,32,"(32,)",1,0.0001,640,33,673,3,1755,439,0.9339554760372266,255,0.0314638024596761,0.8643419707190766,0.885660695658643,0.048459740441332846,0.07463223662095907
target_fodft_coupling_abs_ev,32,"(32,)",1,0.0001,640,33,673,4,1755,439,1.1038626389345154,247,0.032871298778643865,0.8987566464107525,0.7981768299421428,0.05352711923925705,0.10001277875063833
target_fodft_coupling_abs_ev,32,"(32,)",1,0.0001,640,33,673,5,1756,438,1.5209715499076992,306,0.02680348835139902,0.8570926169903883,0.8966606505968074,0.0506153916531595,0.07166361671309855
target_fodft_coupling_abs_ev,32,"(32,)",1,0.001,640,33,673,1,1755,439,1.1486225730041042,267,0.030845244218741838,0.8967531221308439,0.9045360088162026,0.04989305302812552,0.06742405213162014
target_fodft_coupling_abs_ev,32,"(32,)",1,0.001,640,33,673,2,1755,439,1.327881254022941,228,0.032692361053208614,0.9151394609666896,0.8999052595154173,0.04948572802150525,0.0681769457381795
target_fodft_coupling_abs_ev,32,"(32,)",1,0.001,640,33,673,3,1755,439,1.476370024960488,309,0.030154706253689458,0.8664966880101318,0.8899654432941154,0.04750970543295398,0.07321384800518728
target_fodft_coupling_abs_ev,32,"(32,)",1,0.001,640,33,673,4,1755,439,0.9132670679828152,247,0.032922190208995845,0.9002091182327008,0.7783833623854994,0.053532782142735776,0.10480238423571589
target_fodft_coupling_abs_ev,32,"(32,)",1,0.001,640,33,673,5,1756,438,0.6195450420491397,157,0.037574114025579836,0.8456587703215088,0.8842827348745582,0.05397753437374378,0.07583417060654338
target_fodft_coupling_abs_ev,32,"(32,)",1,0.01,640,33,673,1,1755,439,1.6057382919825613,339,0.030127061780211163,0.9032879902067202,0.9178269207123504,0.04628524945488626,0.06255468432348767
target_fodft_coupling_abs_ev,32,"(32,)",1,0.01,640,33,673,2,1755,439,1.2811564049916342,228,0.034994996884071594,0.9163480489230881,0.901320656751283,0.04928453414282487,0.06769319891032828
target_fodft_coupling_abs_ev,32,"(32,)",1,0.01,640,33,673,3,1755,439,3.033257386996411,332,0.032218985218365505,0.8753106495225184,0.8940545682782038,0.04708095247676063,0.07184057533699795
target_fodft_coupling_abs_ev,32,"(32,)",1,0.01,640,33,673,4,1755,439,9.69904613099061,695,0.02613090457849074,0.9174148169035898,0.5231648007060525,0.051134263070262205,0.15372841010143865
target_fodft_coupling_abs_ev,32,"(32,)",1,0.01,640,33,673,5,1756,438,1.145527957007289,260,0.031403506778148245,0.8528144140264621,0.8987783917195681,0.04971291877480515,0.07092551166210988
target_fodft_coupling_abs_ev,32-16,"(32, 16)",2,0.0001,1136,49,1185,1,1755,439,0.9901443860726431,137,0.02473518120206744,0.9092111333497911,0.9221649892280436,0.04485831080256317,0.06088110844263437
target_fodft_coupling_abs_ev,32-16,"(32, 16)",2,0.0001,1136,49,1185,2,1755,439,1.248439350980334,143,0.02361216005259726,0.9030264363353713,0.9075113997369859,0.04665111702963405,0.06553540924752933
target_fodft_coupling_abs_ev,32-16,"(32, 16)",2,0.0001,1136,49,1185,3,1755,439,1.6083339580800384,184,0.023998391090601597,0.9301753000697117,0.9077366046489612,0.0460450384327562,0.06704145028219714
target_fodft_coupling_abs_ev,32-16,"(32, 16)",2,0.0001,1136,49,1185,4,1755,439,1.1601946749724448,205,0.023287628554463726,0.911472141623028,0.8976701141945698,0.04734205922347147,0.07121495872294462
target_fodft_coupling_abs_ev,32-16,"(32, 16)",2,0.0001,1136,49,1185,5,1756,438,21.586892898078077,467,0.013939087125474474,0.9476708626888932,0.9075853504929622,0.04780319845739988,0.06776981048859528
target_fodft_coupling_abs_ev,32-16,"(32, 16)",2,0.001,1136,49,1185,1,1755,439,1.081057253992185,166,0.023162949570420907,0.9105343580434505,0.9246176089972229,0.04489119891122593,0.05991423385085761
target_fodft_coupling_abs_ev,32-16,"(32, 16)",2,0.001,1136,49,1185,2,1755,439,3.5341240339912474,188,0.020823205813822854,0.9067833829164621,0.9049165642328586,0.04693309652669585,0.06644837206387759
target_fodft_coupling_abs_ev,32-16,"(32, 16)",2,0.001,1136,49,1185,3,1755,439,1.1102684380020946,184,0.023048596202263412,0.9287315073289191,0.9048659000093535,0.046903206607881845,0.06807643287835755
target_fodft_coupling_abs_ev,32-16,"(32, 16)",2,0.001,1136,49,1185,4,1755,439,1.3056111650075763,205,0.02344218163561873,0.9110895195056528,0.9140481102689798,0.04648893978423469,0.06526760806436013
target_fodft_coupling_abs_ev,32-16,"(32, 16)",2,0.001,1136,49,1185,5,1756,438,17.72590151906479,356,0.01726512772534307,0.9408325762746169,0.9010891454759609,0.04877533888185701,0.0701112706032649
target_fodft_coupling_abs_ev,32-16,"(32, 16)",2,0.01,1136,49,1185,1,1755,439,0.8744256990030408,166,0.028316586844664624,0.9070744137925592,0.9208200736372502,0.04592134050783403,0.0614048398087834
target_fodft_coupling_abs_ev,32-16,"(32, 16)",2,0.01,1136,49,1185,2,1755,439,9.920567031949759,188,0.02570432968447022,0.9034754884522189,0.9085409278275179,0.046627437527620094,0.0651696379125055
target_fodft_coupling_abs_ev,32-16,"(32, 16)",2,0.01,1136,49,1185,3,1755,439,23.022674888023175,327,0.021879920401590133,0.940121268735337,0.9152633529268475,0.04449595622284302,0.06424869664594843
target_fodft_coupling_abs_ev,32-16,"(32, 16)",2,0.01,1136,49,1185,4,1755,439,7.424885572982021,372,0.021309292834923183,0.916894688447071,0.9273073392657966,0.043474437859765805,0.060022663718265166
target_fodft_coupling_abs_ev,32-16,"(32, 16)",2,0.01,1136,49,1185,5,1756,438,10.461507295025513,389,0.021122736492585524,0.9474834173328196,0.9092696495872642,0.048734837214154565,0.06714940284984167
target_fodft_coupling_abs_ev,64-32,"(64, 32)",2,0.0001,3296,97,3393,1,1755,439,8.042077839025296,113,0.01958807844241849,0.9352329220776252,0.9238716786644661,0.0440992875526839,0.0602099383768248
target_fodft_coupling_abs_ev,64-32,"(64, 32)",2,0.0001,3296,97,3393,2,1755,439,8.352010624017566,146,0.015306465677856427,0.9357855864807074,0.9073544316521175,0.04541120211471148,0.06559099775622158
target_fodft_coupling_abs_ev,64-32,"(64, 32)",2,0.0001,3296,97,3393,3,1755,439,7.430453473003581,130,0.0178161160411578,0.9319396250116532,0.9236215277218391,0.041824763011472414,0.06099779947305223
target_fodft_coupling_abs_ev,64-32,"(64, 32)",2,0.0001,3296,97,3393,4,1755,439,9.019682469079271,126,0.020375829836229348,0.9381604273094734,0.859379553546815,0.04799943727621424,0.0834822639930374
target_fodft_coupling_abs_ev,64-32,"(64, 32)",2,0.0001,3296,97,3393,5,1756,438,13.11101663496811,170,0.016107713219678983,0.946192189152564,0.9127488003651317,0.04732692583265203,0.06584936089538533
target_fodft_coupling_abs_ev,64-32,"(64, 32)",2,0.001,3296,97,3393,1,1755,439,19.37089338595979,226,0.014127781608435676,0.9400301724848473,0.933664370696027,0.04160578566847305,0.05620416275297669
target_fodft_coupling_abs_ev,64-32,"(64, 32)",2,0.001,3296,97,3393,2,1755,439,13.80549893702846,143,0.017478448126399666,0.9364179509821619,0.9141772598683339,0.04505108297189942,0.06312960916756911
target_fodft_coupling_abs_ev,64-32,"(64, 32)",2,0.001,3296,97,3393,3,1755,439,10.521140348981135,118,0.01946031530065714,0.9333359980168764,0.9246683570421935,0.04221423699628925,0.0605783449515532
target_fodft_coupling_abs_ev,64-32,"(64, 32)",2,0.001,3296,97,3393,4,1755,439,10.282431166036986,149,0.04123265606231023,0.9395519928145876,0.8435929981382191,0.047741232992306315,0.08804365792339522
target_fodft_coupling_abs_ev,64-32,"(64, 32)",2,0.001,3296,97,3393,5,1756,438,21.519661022000946,170,0.016823201191217243,0.9476657707703464,0.9138374648814882,0.04730752556458038,0.0654372583237979
target_fodft_coupling_abs_ev,64-32,"(64, 32)",2,0.01,3296,97,3393,1,1755,439,19.257802009000443,196,0.022598130804704502,0.9377174445976991,0.9348265328644565,0.04072793900181567,0.05570965496610739
target_fodft_coupling_abs_ev,64-32,"(64, 32)",2,0.01,3296,97,3393,2,1755,439,10.467573528061621,123,0.02412922238879999,0.9362816531630864,0.9174814627204253,0.04466795757918646,0.06190242646663714
target_fodft_coupling_abs_ev,64-32,"(64, 32)",2,0.01,3296,97,3393,3,1755,439,24.00789112399798,213,0.021308617250897843,0.9352721566173317,0.9303038120469513,0.03991218438464952,0.05826841392298472
target_fodft_coupling_abs_ev,64-32,"(64, 32)",2,0.01,3296,97,3393,4,1755,439,14.069061552057974,144,0.023919037528291803,0.9409212859352915,0.9224230679193443,0.044515916615745346,0.06200636643413909
target_fodft_coupling_abs_ev,64-32,"(64, 32)",2,0.01,3296,97,3393,5,1756,438,23.33755823597312,211,0.019689094452920525,0.9483581593285607,0.9142038365074548,0.046885397495969414,0.06529798726847448
target_fodft_coupling_abs_ev,64-32-16,"(64, 32, 16)",3,0.0001,3792,113,3905,1,1755,439,6.912892977939919,49,0.026064610570619876,0.8518288048408852,0.8900729330587575,0.05274557762739871,0.07235147280193364
target_fodft_coupling_abs_ev,64-32-16,"(64, 32, 16)",3,0.0001,3792,113,3905,2,1755,439,11.437880716985092,92,0.01792145237021587,0.9234868660367559,0.9191872634968469,0.0447230301674508,0.06125927025376235
target_fodft_coupling_abs_ev,64-32-16,"(64, 32, 16)",3,0.0001,3792,113,3905,3,1755,439,6.06374335300643,46,0.026650288903697427,0.8629326192967388,0.8749619400742212,0.05449494913577588,0.0780458468772072
target_fodft_coupling_abs_ev,64-32-16,"(64, 32, 16)",3,0.0001,3792,113,3905,4,1755,439,5.601328138029203,37,0.030388993871540513,0.7419049252740575,0.2924123899994685,0.07164017372014284,0.18726649930949057
target_fodft_coupling_abs_ev,64-32-16,"(64, 32, 16)",3,0.0001,3792,113,3905,5,1756,438,5.481475874083117,39,0.029626309271718214,0.8015037141616055,0.8660725690812301,0.05837572621211485,0.08158318005629402
target_fodft_coupling_abs_ev,64-32-16,"(64, 32, 16)",3,0.001,3792,113,3905,1,1755,439,5.763990405015647,40,0.029916007568566463,0.8445368811766474,0.8487002359732537,0.06051401851764756,0.0848817219547635
target_fodft_coupling_abs_ev,64-32-16,"(64, 32, 16)",3,0.001,3792,113,3905,2,1755,439,21.433117805048823,131,0.015093748122228407,0.9249076329338922,0.9237728076638878,0.04344322895405412,0.059495877499406845
target_fodft_coupling_abs_ev,64-32-16,"(64, 32, 16)",3,0.001,3792,113,3905,3,1755,439,8.345101044978946,46,0.02776804032137834,0.8532583963996015,0.875102434997835,0.054641596953501716,0.07800198772279403
target_fodft_coupling_abs_ev,64-32-16,"(64, 32, 16)",3,0.001,3792,113,3905,4,1755,439,5.034597118967213,37,0.03114599667456007,0.7404132684518532,0.28724332505604466,0.07162028846965307,0.1879492637242566
target_fodft_coupling_abs_ev,64-32-16,"(64, 32, 16)",3,0.001,3792,113,3905,5,1756,438,5.724760351004079,39,0.030161008209797176,0.8024648253983137,0.8654091564740964,0.05851945077741351,0.0817849925230783
target_fodft_coupling_abs_ev,64-32-16,"(64, 32, 16)",3,0.01,3792,113,3905,1,1755,439,7.812402699957602,40,0.03732389627280129,0.8432907297700971,0.8490266252668235,0.060638624849601266,0.08479011757302551
target_fodft_coupling_abs_ev,64-32-16,"(64, 32, 16)",3,0.01,3792,113,3905,2,1755,439,25.838859787094407,126,0.023659680566707808,0.9206862695650533,0.9268112137325516,0.04232044833221598,0.05829807101508842
target_fodft_coupling_abs_ev,64-32-16,"(64, 32, 16)",3,0.01,3792,113,3905,3,1755,439,7.227606681990437,46,0.035125848681726815,0.8513136947879978,0.8760455529122828,0.054491849718882934,0.07770692803255395
target_fodft_coupling_abs_ev,64-32-16,"(64, 32, 16)",3,0.01,3792,113,3905,4,1755,439,5.844994175015017,37,0.038826446958408846,0.7386201209177355,0.28514213623116935,0.07158855480196544,0.18822609471258245
target_fodft_coupling_abs_ev,64-32-16,"(64, 32, 16)",3,0.01,3792,113,3905,5,1756,438,5.646043314947747,39,0.037998569748877276,0.8030866063233216,0.8657129114540963,0.05848061146007671,0.08169265105827749
target_fodft_coupling_abs_ev,128-64-32,"(128, 64, 32)",3,0.0001,12704,225,12929,1,1755,439,32.02007912599947,105,0.009675673925118497,0.9406354432507391,0.942241383434071,0.038543090460255655,0.052444922406580816
target_fodft_coupling_abs_ev,128-64-32,"(128, 64, 32)",3,0.0001,12704,225,12929,2,1755,439,59.92689907399472,117,0.011427067771762544,0.9505854908930256,0.9244554219873026,0.043432138157914184,0.05922888570779208
target_fodft_coupling_abs_ev,128-64-32,"(128, 64, 32)",3,0.0001,12704,225,12929,3,1755,439,32.56442692200653,76,0.01610350889999189,0.9304782554455138,0.9250896204524413,0.042820870640985664,0.06040872687201293
target_fodft_coupling_abs_ev,128-64-32,"(128, 64, 32)",3,0.0001,12704,225,12929,4,1755,439,32.3987857750617,98,0.010995746248025186,0.9415433823634431,0.934064299788909,0.04062441443649832,0.05716501127089448
target_fodft_coupling_abs_ev,128-64-32,"(128, 64, 32)",3,0.0001,12704,225,12929,5,1756,438,48.13890595303383,169,0.005286517824664993,0.9422249302050687,0.9281896521899135,0.043196976089635214,0.0597391963527262
target_fodft_coupling_abs_ev,128-64-32,"(128, 64, 32)",3,0.001,12704,225,12929,1,1755,439,28.637103168992326,119,0.010863778387152752,0.9403075826243315,0.9389052181788726,0.03979719832881335,0.05393828268847979
target_fodft_coupling_abs_ev,128-64-32,"(128, 64, 32)",3,0.001,12704,225,12929,2,1755,439,29.78385187103413,96,0.013552705540445173,0.9479735975033623,0.9247394751565715,0.04381333100004671,0.05911742835402629
target_fodft_coupling_abs_ev,128-64-32,"(128, 64, 32)",3,0.001,12704,225,12929,3,1755,439,69.08041318203323,154,0.00856586332787093,0.9306259054325966,0.9316179954902299,0.04031150679730806,0.05771644827613721
target_fodft_coupling_abs_ev,128-64-32,"(128, 64, 32)",3,0.001,12704,225,12929,4,1755,439,36.811104199965484,123,0.01054803374581373,0.9390935662637132,0.9236113951612203,0.04167114562213828,0.0615296254253877
target_fodft_coupling_abs_ev,128-64-32,"(128, 64, 32)",3,0.001,12704,225,12929,5,1756,438,47.38519463199191,135,0.01042969437010914,0.9392935822386903,0.927892370672831,0.042903129988055504,0.05986272323496713
target_fodft_coupling_abs_ev,128-64-32,"(128, 64, 32)",3,0.01,12704,225,12929,1,1755,439,69.77567437000107,160,0.020920257586153044,0.9459230559426989,0.9466862823678621,0.03661583737987611,0.050386540342347116
target_fodft_coupling_abs_ev,128-64-32,"(128, 64, 32)",3,0.01,12704,225,12929,2,1755,439,37.476646655006334,128,0.0227103131332392,0.9502520532244478,0.9286081281434804,0.042649828685025065,0.05757796308499792
target_fodft_coupling_abs_ev,128-64-32,"(128, 64, 32)",3,0.01,12704,225,12929,3,1755,439,55.1925293749664,174,0.02009444550549662,0.9389496707881649,0.9280160636962713,0.04083690619413201,0.0592170106647456
target_fodft_coupling_abs_ev,128-64-32,"(128, 64, 32)",3,0.01,12704,225,12929,4,1755,439,31.582404472050257,98,0.023065457828959964,0.9445088945066474,0.9332324230310268,0.04139244224101491,0.05752449172706772
target_fodft_coupling_abs_ev,128-64-32,"(128, 64, 32)",3,0.01,12704,225,12929,5,1756,438,37.17339900403749,135,0.022792193605490976,0.9410501999278821,0.9316366695000459,0.042128944730341705,0.058287773595759075
target_fodft_coupling_abs_ev,64-64-32-16,"(64, 64, 32, 16)",4,0.0001,7888,177,8065,1,1755,439,48.991064214962535,236,0.0047927577118499565,0.9211261885719402,0.9393457780347302,0.03750391417950439,0.05374345396626126
target_fodft_coupling_abs_ev,64-64-32-16,"(64, 64, 32, 16)",4,0.0001,7888,177,8065,2,1755,439,21.81272276805248,84,0.013932610310997644,0.9357174111665574,0.9173437065800027,0.044349922155063885,0.06195407476096265
target_fodft_coupling_abs_ev,64-64-32-16,"(64, 64, 32, 16)",4,0.0001,7888,177,8065,3,1755,439,32.03531763609499,91,0.014124526673295735,0.9494555063353958,0.9248270421935806,0.04178688953498311,0.06051450755762947
target_fodft_coupling_abs_ev,64-64-32-16,"(64, 64, 32, 16)",4,0.0001,7888,177,8065,4,1755,439,28.612367966095917,106,0.013413363953818562,0.9498218682801041,0.9148615757850433,0.043655675439462666,0.06495802111318037
target_fodft_coupling_abs_ev,64-64-32-16,"(64, 64, 32, 16)",4,0.0001,7888,177,8065,5,1756,438,32.64079380698968,141,0.00794990886683792,0.9255136028152186,0.9163858632058592,0.04398942212314467,0.06446228799692894
target_fodft_coupling_abs_ev,64-64-32-16,"(64, 64, 32, 16)",4,0.001,7888,177,8065,1,1755,439,37.66527525696438,238,0.007424539334915023,0.9207257763683871,0.9369711662634822,0.03905211214456396,0.054785381667601704
target_fodft_coupling_abs_ev,64-64-32-16,"(64, 64, 32, 16)",4,0.001,7888,177,8065,2,1755,439,21.6071912139887,84,0.01534401584134368,0.9369112503610876,0.9134070547532588,0.044780802965870954,0.06341225072009209
target_fodft_coupling_abs_ev,64-64-32-16,"(64, 64, 32, 16)",4,0.001,7888,177,8065,3,1755,439,24.286253373953514,99,0.014795349244680064,0.9480562003172675,0.9174665665699276,0.042680816976519334,0.06340793946656029
target_fodft_coupling_abs_ev,64-64-32-16,"(64, 64, 32, 16)",4,0.001,7888,177,8065,4,1755,439,22.323570620967075,108,0.012355696775140498,0.9476333198727549,0.9201713886938371,0.04439455213181018,0.06289980069695475
target_fodft_coupling_abs_ev,64-64-32-16,"(64, 64, 32, 16)",4,0.001,7888,177,8065,5,1756,438,23.324392357026227,141,0.010219186033966942,0.9247956966321345,0.920046132137718,0.04419927170555508,0.06303555774357783
target_fodft_coupling_abs_ev,64-64-32-16,"(64, 64, 32, 16)",4,0.01,7888,177,8065,1,1755,439,22.15039004595019,219,0.018106511533995708,0.9221527319224748,0.9385040180194313,0.03880161088640854,0.05411509514624052
target_fodft_coupling_abs_ev,64-64-32-16,"(64, 64, 32, 16)",4,0.01,7888,177,8065,2,1755,439,15.756333949044347,84,0.02534811275597699,0.9322362974531385,0.9136816564067047,0.044781334158617736,0.06331162511025248
target_fodft_coupling_abs_ev,64-64-32-16,"(64, 64, 32, 16)",4,0.01,7888,177,8065,3,1755,439,18.54183609294705,99,0.02582980714107618,0.9481619880404036,0.9182831476875123,0.042152819542768775,0.06309348244653962
target_fodft_coupling_abs_ev,64-64-32-16,"(64, 64, 32, 16)",4,0.01,7888,177,8065,4,1755,439,14.067658692016266,147,0.020241491905437375,0.9543950458125032,0.9039558751497354,0.04365527030690585,0.06899305629036374
target_fodft_coupling_abs_ev,64-64-32-16,"(64, 64, 32, 16)",4,0.01,7888,177,8065,5,1756,438,12.672711773077026,141,0.019455302371954253,0.924112401932237,0.920790881178284,0.043042867288181956,0.06274129114861647
target_interaction_energy_kcal_mol,16,"(16,)",1,0.0001,320,17,337,1,1755,439,0.4596526740351692,139,0.03991042490360722,0.869555731226634,0.9053312320096046,1.1224317122573966,1.5299212198486678
target_interaction_energy_kcal_mol,16,"(16,)",1,0.0001,320,17,337,2,1755,439,1.1537882529664785,345,0.031030542255731406,0.9286195534300339,0.911719656393388,1.099446328497834,1.454340763597149
target_interaction_energy_kcal_mol,16,"(16,)",1,0.0001,320,17,337,3,1755,439,2.4682022919878364,676,0.025987895039011687,0.9313844717983063,0.9238128216125653,0.9668477171816788,1.3369846111045243
target_interaction_energy_kcal_mol,16,"(16,)",1,0.0001,320,17,337,4,1755,439,1.639748068060726,480,0.025452342191993747,0.9295743925665163,0.8932812645428859,1.0557620012602518,1.5660245099734114
target_interaction_energy_kcal_mol,16,"(16,)",1,0.0001,320,17,337,5,1756,438,1.3879431159002706,411,0.028747459222980772,0.9172332302850267,0.9127945157583488,1.062011679635424,1.4355941722842607
target_interaction_energy_kcal_mol,16,"(16,)",1,0.001,320,17,337,1,1755,439,0.45606444391887635,139,0.04017120414872274,0.8694690651250148,0.9052555754959277,1.1221837697104606,1.530532431928854
target_interaction_energy_kcal_mol,16,"(16,)",1,0.001,320,17,337,2,1755,439,1.1459850070532411,313,0.03280130676133313,0.9282924003020319,0.9119405612315302,1.1030616119644814,1.452520017723244
target_interaction_energy_kcal_mol,16,"(16,)",1,0.001,320,17,337,3,1755,439,2.0910709319869056,596,0.027194759065825552,0.9279842373816544,0.9235211642584515,0.9770302642279617,1.3395412677801408
target_interaction_energy_kcal_mol,16,"(16,)",1,0.001,320,17,337,4,1755,439,1.717096806038171,480,0.025592038183927,0.931517612424924,0.8922500582450488,1.0574593295455454,1.5735724440261836
target_interaction_energy_kcal_mol,16,"(16,)",1,0.001,320,17,337,5,1756,438,1.4477881849743426,411,0.028983390900928472,0.9181511678587886,0.9134557757590529,1.0537777433622553,1.430140917524848
target_interaction_energy_kcal_mol,16,"(16,)",1,0.01,320,17,337,1,1755,439,0.49131677695550025,139,0.0409421729184488,0.8694197705650349,0.9066375302935661,1.1067521865154817,1.5193291537585443
target_interaction_energy_kcal_mol,16,"(16,)",1,0.01,320,17,337,2,1755,439,1.0730482069775462,313,0.03492432188819361,0.9280193057569229,0.9141799160608688,1.096548771754348,1.4339322656761806
target_interaction_energy_kcal_mol,16,"(16,)",1,0.01,320,17,337,3,1755,439,1.8118971700314432,552,0.030695596593723753,0.9268995398274437,0.9210179569493416,0.9751705157673974,1.3612868380399923
target_interaction_energy_kcal_mol,16,"(16,)",1,0.01,320,17,337,4,1755,439,1.779764982056804,480,0.02835766474157402,0.9315218371234432,0.8942922468003653,1.039233364120886,1.5585891217343772
target_interaction_energy_kcal_mol,16,"(16,)",1,0.01,320,17,337,5,1756,438,1.4540756479837,408,0.031456742397488455,0.9181673230370233,0.9168943219146515,1.0446142766858366,1.4014420244498793
target_interaction_energy_kcal_mol,32,"(32,)",1,0.0001,640,33,673,1,1755,439,1.2648204460274428,338,0.020715244796719993,0.9249370894193464,0.9343534744555401,0.953870565614937,1.2740063078217385
target_interaction_energy_kcal_mol,32,"(32,)",1,0.0001,640,33,673,2,1755,439,1.193318994017318,326,0.022222066459673822,0.9399104536974959,0.9180229831763536,0.9670477424423429,1.4014584443893627
target_interaction_energy_kcal_mol,32,"(32,)",1,0.0001,640,33,673,3,1755,439,1.133429405046627,306,0.02280617198239707,0.9361432058474395,0.9248655066749778,0.9411420169543964,1.3277158649505376
target_interaction_energy_kcal_mol,32,"(32,)",1,0.0001,640,33,673,4,1755,439,1.3577250690432265,348,0.02066159850221265,0.9428317499291223,0.866433465621687,1.075667082843492,1.7519715461075573
target_interaction_energy_kcal_mol,32,"(32,)",1,0.0001,640,33,673,5,1756,438,1.021351172006689,239,0.022863898740125257,0.9165741618337401,0.9228240633628586,0.9757240001184286,1.350519135668076
target_interaction_energy_kcal_mol,32,"(32,)",1,0.001,640,33,673,1,1755,439,1.3017020410625264,346,0.020976239516964937,0.926210496728269,0.9348811773861334,0.942003955365313,1.2688753935232506
target_interaction_energy_kcal_mol,32,"(32,)",1,0.001,640,33,673,2,1755,439,1.2271604710258543,326,0.0225227993814734,0.9394611757241313,0.9198318899949182,0.9669616823649889,1.3859098843836273
target_interaction_energy_kcal_mol,32,"(32,)",1,0.001,640,33,673,3,1755,439,1.3798807839630172,350,0.022271004792782354,0.9371382973167812,0.9267432356815204,0.9320445106687685,1.3110200387104576
target_interaction_energy_kcal_mol,32,"(32,)",1,0.001,640,33,673,4,1755,439,1.8788086449494585,348,0.021238270302296067,0.9424902992048991,0.8581014217463581,1.0753224276404645,1.8057899919115046
target_interaction_energy_kcal_mol,32,"(32,)",1,0.001,640,33,673,5,1756,438,0.9007690079743043,239,0.023117110379595608,0.9172342787773052,0.9236541823466927,0.9723772783224794,1.343236279036724
target_interaction_energy_kcal_mol,32,"(32,)",1,0.01,640,33,673,1,1755,439,1.3143902119481936,310,0.024813574561653836,0.9257889001169008,0.9326742318479494,0.9639590241677534,1.290197999707984
target_interaction_energy_kcal_mol,32,"(32,)",1,0.01,640,33,673,2,1755,439,1.8445526849245653,428,0.023987011002744852,0.9417384176269903,0.9164228682372398,0.949809242857546,1.415069925635926
target_interaction_energy_kcal_mol,32,"(32,)",1,0.01,640,33,673,3,1755,439,1.4924399930750951,306,0.025659004408957273,0.9363086399810199,0.9244165683528265,0.9478731573037349,1.3316765943630133
target_interaction_energy_kcal_mol,32,"(32,)",1,0.01,640,33,673,4,1755,439,1.2782013730611652,298,0.02521057546696936,0.9422717892630779,0.8609766842737585,1.091247207136777,1.7874011821685454
target_interaction_energy_kcal_mol,32,"(32,)",1,0.01,640,33,673,5,1756,438,1.1008388330228627,235,0.02664608423393205,0.9197959201260348,0.9231432708169431,0.9668120298877925,1.347723300062177
target_interaction_energy_kcal_mol,32-16,"(32, 16)",2,0.0001,1136,49,1185,1,1755,439,0.9077316140756011,143,0.019383601214061637,0.921324204838529,0.9346110746798267,0.9355459766611053,1.2715042188381502
target_interaction_energy_kcal_mol,32-16,"(32, 16)",2,0.0001,1136,49,1185,2,1755,439,2.553839906002395,292,0.014750422789671723,0.9412565771162076,0.9332276440827187,0.8916085437147181,1.264831053052828
target_interaction_energy_kcal_mol,32-16,"(32, 16)",2,0.0001,1136,49,1185,3,1755,439,2.004109486937523,245,0.015534971626106004,0.9414656160431574,0.9329435595220883,0.9307894318448737,1.2543123888056478
target_interaction_energy_kcal_mol,32-16,"(32, 16)",2,0.0001,1136,49,1185,4,1755,439,1.376074297935702,179,0.01647335101178427,0.9360471152531785,0.9046686149781867,0.9874078541331961,1.480117423539978
target_interaction_energy_kcal_mol,32-16,"(32, 16)",2,0.0001,1136,49,1185,5,1756,438,8.769743261043914,337,0.014646790710067624,0.940484401259911,0.9253609351008976,0.9496886053556987,1.3281370210096561
target_interaction_energy_kcal_mol,32-16,"(32, 16)",2,0.001,1136,49,1185,1,1755,439,1.431387187098153,217,0.016434256325846636,0.925656074475826,0.9364747356078287,0.9288978419060285,1.253253558064046
target_interaction_energy_kcal_mol,32-16,"(32, 16)",2,0.001,1136,49,1185,2,1755,439,1.9022196639562026,206,0.01808667423109128,0.9366446322711734,0.932193299010061,0.9158815218823837,1.274589913067496
target_interaction_energy_kcal_mol,32-16,"(32, 16)",2,0.001,1136,49,1185,3,1755,439,1.0798740409081802,184,0.01834053444294036,0.9409253245316481,0.9292731393698785,0.9659766441959142,1.2881832694189403
target_interaction_energy_kcal_mol,32-16,"(32, 16)",2,0.001,1136,49,1185,4,1755,439,1.063295200932771,179,0.01664611228548516,0.9361436187744898,0.9074376835710536,0.9822631936689902,1.4584627013601896
target_interaction_energy_kcal_mol,32-16,"(32, 16)",2,0.001,1136,49,1185,5,1756,438,13.829703486990184,363,0.014893472372552808,0.9422321121329049,0.9336926533391394,0.8864224312206455,1.251816329519883
target_interaction_energy_kcal_mol,32-16,"(32, 16)",2,0.01,1136,49,1185,1,1755,439,1.2734884599922225,217,0.02122258712071597,0.9281618990702298,0.9412263255117692,0.8828454562244955,1.2054720000723456
target_interaction_energy_kcal_mol,32-16,"(32, 16)",2,0.01,1136,49,1185,2,1755,439,1.9929552259854972,249,0.021067456036303802,0.939302467196232,0.9371566384848382,0.8854475927026957,1.2270545592433466
target_interaction_energy_kcal_mol,32-16,"(32, 16)",2,0.01,1136,49,1185,3,1755,439,8.792712691007182,255,0.019825353528078345,0.9480637870062767,0.9374014851732158,0.9094127345624563,1.2119019337058554
target_interaction_energy_kcal_mol,32-16,"(32, 16)",2,0.01,1136,49,1185,4,1755,439,2.509985076962039,229,0.019629950835336224,0.9386969478451929,0.88767053226861,1.0008639948631763,1.6066640277387345
target_interaction_energy_kcal_mol,32-16,"(32, 16)",2,0.01,1136,49,1185,5,1756,438,12.082046934985556,318,0.01979061324720394,0.9457571865204456,0.9363107358015632,0.8849873890504428,1.2268540570868984
target_interaction_energy_kcal_mol,64-32,"(64, 32)",2,0.0001,3296,97,3393,1,1755,439,13.327682535047643,161,0.01383501575645816,0.9508142111753004,0.9422432532189075,0.8815618817725966,1.194997693908182
target_interaction_energy_kcal_mol,64-32,"(64, 32)",2,0.0001,3296,97,3393,2,1755,439,13.906998110935092,156,0.01323584511540301,0.924714670291737,0.9387458644699034,0.8875437497054697,1.2114399104007387
target_interaction_energy_kcal_mol,64-32,"(64, 32)",2,0.0001,3296,97,3393,3,1755,439,11.661428101942874,124,0.015594760179508671,0.9300645393726006,0.9371548740021938,0.8905934608744678,1.2142867728743523
target_interaction_energy_kcal_mol,64-32,"(64, 32)",2,0.0001,3296,97,3393,4,1755,439,10.204044023994356,139,0.011365798581165983,0.9346262964965665,0.9070382042645505,0.9837700814522651,1.4616065206898712
target_interaction_energy_kcal_mol,64-32,"(64, 32)",2,0.0001,3296,97,3393,5,1756,438,12.054310953011736,174,0.011686327876892885,0.9433169829183009,0.9386272042749935,0.8790200008659093,1.204336201877839
target_interaction_energy_kcal_mol,64-32,"(64, 32)",2,0.001,3296,97,3393,1,1755,439,18.10600467293989,155,0.013515959537847988,0.9542277972689468,0.9432760946299868,0.8788372377379483,1.1842646545568751
target_interaction_energy_kcal_mol,64-32,"(64, 32)",2,0.001,3296,97,3393,2,1755,439,18.976355880964547,173,0.013316346561948283,0.9243268914946177,0.9365253728906335,0.875891401460564,1.2332020806036676
target_interaction_energy_kcal_mol,64-32,"(64, 32)",2,0.001,3296,97,3393,3,1755,439,15.107372498954646,139,0.013483260809290841,0.9288237450334051,0.9358383312580674,0.8869567213659965,1.226939897489797
target_interaction_energy_kcal_mol,64-32,"(64, 32)",2,0.001,3296,97,3393,4,1755,439,16.044688873924315,139,0.015025803798660508,0.9345374354974014,0.904712789084627,0.9805047682151224,1.4797744596748486
target_interaction_energy_kcal_mol,64-32,"(64, 32)",2,0.001,3296,97,3393,5,1756,438,18.56673109799158,149,0.013706677317895564,0.9440348268658993,0.9399707541164902,0.8865713275485148,1.191080820550365
target_interaction_energy_kcal_mol,64-32,"(64, 32)",2,0.01,3296,97,3393,1,1755,439,22.298254578956403,175,0.019744637349523957,0.9496669252059006,0.9475870386252729,0.8518026226695521,1.1383742274117525
target_interaction_energy_kcal_mol,64-32,"(64, 32)",2,0.01,3296,97,3393,2,1755,439,19.89261494902894,173,0.019013351260250274,0.9270498886155284,0.9406135032944803,0.8740405584184459,1.192828543332985
target_interaction_energy_kcal_mol,64-32,"(64, 32)",2,0.01,3296,97,3393,3,1755,439,20.4539412149461,179,0.017609408035794083,0.9296628146491854,0.9408731764878968,0.8465436495958638,1.1778167808771203
target_interaction_energy_kcal_mol,64-32,"(64, 32)",2,0.01,3296,97,3393,4,1755,439,19.097582089947537,171,0.017568020743676624,0.9380902021460314,0.9111591357093354,0.9419270135783602,1.428843314676805
target_interaction_energy_kcal_mol,64-32,"(64, 32)",2,0.01,3296,97,3393,5,1756,438,26.148067564005032,234,0.01737288561566395,0.9483312053529652,0.944328580939564,0.841924148910835,1.1470330548630618
target_interaction_energy_kcal_mol,64-32-16,"(64, 32, 16)",3,0.0001,3792,113,3905,1,1755,439,21.088785453001037,124,0.013553535042065164,0.9257782823664745,0.9419376769649973,0.8871727507304042,1.1981547380331448
target_interaction_energy_kcal_mol,64-32-16,"(64, 32, 16)",3,0.0001,3792,113,3905,2,1755,439,22.147299556061625,159,0.011412657161143754,0.9324732861416466,0.9302553473296755,0.9277556101148839,1.2926758269484728
target_interaction_energy_kcal_mol,64-32-16,"(64, 32, 16)",3,0.0001,3792,113,3905,3,1755,439,12.294601094909012,90,0.01571834100125426,0.9151822563041615,0.9247420924620828,0.9646016336387575,1.3288058555035238
target_interaction_energy_kcal_mol,64-32-16,"(64, 32, 16)",3,0.0001,3792,113,3905,4,1755,439,6.463314523920417,41,0.024778453742752303,0.8563109071125408,0.7121035724936213,1.4458643056002882,2.5721503900059166
target_interaction_energy_kcal_mol,64-32-16,"(64, 32, 16)",3,0.0001,3792,113,3905,5,1756,438,15.82494897407014,91,0.01674892097109045,0.9324519853453793,0.9195439294170413,0.9450022790186046,1.3789204001416617
target_interaction_energy_kcal_mol,64-32-16,"(64, 32, 16)",3,0.001,3792,113,3905,1,1755,439,17.9394346580375,130,0.014796265632955764,0.9213612655977024,0.9453512814829719,0.8601669560181305,1.1624002558024165
target_interaction_energy_kcal_mol,64-32-16,"(64, 32, 16)",3,0.001,3792,113,3905,2,1755,439,21.875611491966993,152,0.01393587517870383,0.9252534501954864,0.9258790559935531,0.9465754699280328,1.3326148256841657
target_interaction_energy_kcal_mol,64-32-16,"(64, 32, 16)",3,0.001,3792,113,3905,3,1755,439,11.69444603100419,82,0.01801256039348986,0.9192304786162324,0.919666893047604,1.0003762087984522,1.3728805290675843
target_interaction_energy_kcal_mol,64-32-16,"(64, 32, 16)",3,0.001,3792,113,3905,4,1755,439,5.7767611789749935,41,0.02601958538815,0.85374044508223,0.6992045192424605,1.4544469488532186,2.629140972071547
target_interaction_energy_kcal_mol,64-32-16,"(64, 32, 16)",3,0.001,3792,113,3905,5,1756,438,17.674521914916113,91,0.01800795297455589,0.9323953213512133,0.9200792892864821,0.9537339721416941,1.3743250303863683
target_interaction_energy_kcal_mol,64-32-16,"(64, 32, 16)",3,0.01,3792,113,3905,1,1755,439,24.044016440981068,144,0.02158451006359912,0.9247613673201305,0.9469412611504084,0.8407914489593062,1.1453656839450619
target_interaction_energy_kcal_mol,64-32-16,"(64, 32, 16)",3,0.01,3792,113,3905,2,1755,439,26.529323562979698,159,0.021226254142786453,0.9302747984758879,0.9261754899912668,0.9150681104699921,1.3299473738371501
target_interaction_energy_kcal_mol,64-32-16,"(64, 32, 16)",3,0.01,3792,113,3905,3,1755,439,15.742585042025894,98,0.024115862678357754,0.9255672688311946,0.9202157936919966,0.9713610129185657,1.368182175483395
target_interaction_energy_kcal_mol,64-32-16,"(64, 32, 16)",3,0.01,3792,113,3905,4,1755,439,8.308313332032412,41,0.034187535616560634,0.8578815090374975,0.7085384942831576,1.4439474675967854,2.588027112730545
target_interaction_energy_kcal_mol,64-32-16,"(64, 32, 16)",3,0.01,3792,113,3905,5,1756,438,12.501134376041591,89,0.02759148884571809,0.9362182592568367,0.92088748064855,0.9359944142082447,1.3673585012739071
target_interaction_energy_kcal_mol,128-64-32,"(128, 64, 32)",3,0.0001,12704,225,12929,1,1755,439,27.17380705603864,100,0.00844547248628889,0.9511611801876472,0.9433243836037755,0.8655410287171211,1.1837604658866998
target_interaction_energy_kcal_mol,128-64-32,"(128, 64, 32)",3,0.0001,12704,225,12929,2,1755,439,28.99749848304782,99,0.007941722832399398,0.9444071816752874,0.9411356637120175,0.8350397831522378,1.1875729461285711
target_interaction_energy_kcal_mol,128-64-32,"(128, 64, 32)",3,0.0001,12704,225,12929,3,1755,439,17.4917700990336,73,0.010773227019205312,0.9415626641257,0.937014487274857,0.8727623984098192,1.215642284924921
target_interaction_energy_kcal_mol,128-64-32,"(128, 64, 32)",3,0.0001,12704,225,12929,4,1755,439,37.061940839048475,155,0.005254641936590459,0.9492425228086243,0.9106501308470065,0.9283478220530123,1.4329306760662055
target_interaction_energy_kcal_mol,128-64-32,"(128, 64, 32)",3,0.0001,12704,225,12929,5,1756,438,48.59016004402656,135,0.006434301178609776,0.9465555166467765,0.9366979376189901,0.8418380047195927,1.2231190136945813
target_interaction_energy_kcal_mol,128-64-32,"(128, 64, 32)",3,0.001,12704,225,12929,1,1755,439,39.905096892034635,115,0.009887892142880036,0.9527438994726015,0.945146662186464,0.8445141924284818,1.164574389999623
target_interaction_energy_kcal_mol,128-64-32,"(128, 64, 32)",3,0.001,12704,225,12929,2,1755,439,26.14230912493076,99,0.010102299931878797,0.9432972651061068,0.9407082458670423,0.8477145385009605,1.1918766707649855
target_interaction_energy_kcal_mol,128-64-32,"(128, 64, 32)",3,0.001,12704,225,12929,3,1755,439,27.968244653078727,98,0.009625132342599872,0.9423372902671836,0.935827103735531,0.85401891078249,1.2270472426776324
target_interaction_energy_kcal_mol,128-64-32,"(128, 64, 32)",3,0.001,12704,225,12929,4,1755,439,41.16014727705624,155,0.007179071011982942,0.9552060715040938,0.9132505165683072,0.9092981066052654,1.4119251311067342
target_interaction_energy_kcal_mol,128-64-32,"(128, 64, 32)",3,0.001,12704,225,12929,5,1756,438,30.184620367945172,135,0.009107693874948761,0.9471200571838895,0.9370478370381877,0.8268042369805051,1.2197339607354614
target_interaction_energy_kcal_mol,128-64-32,"(128, 64, 32)",3,0.01,12704,225,12929,1,1755,439,36.73309988004621,165,0.0165279557293082,0.9571047182981115,0.9460687028582858,0.8580705306713762,1.1547451280989547
target_interaction_energy_kcal_mol,128-64-32,"(128, 64, 32)",3,0.01,12704,225,12929,2,1755,439,38.3695248470176,173,0.01571257676904426,0.9501686302606283,0.939630292587642,0.835866058691212,1.2026623217795447
target_interaction_energy_kcal_mol,128-64-32,"(128, 64, 32)",3,0.01,12704,225,12929,3,1755,439,43.55896146898158,133,0.019185245949367616,0.944161296073806,0.9360072445024739,0.8531897655954381,1.225323800348787
target_interaction_energy_kcal_mol,128-64-32,"(128, 64, 32)",3,0.01,12704,225,12929,4,1755,439,48.71296785399318,158,0.01621431920147858,0.9551323812881151,0.9165930812974195,0.901360083888823,1.384456320640804
target_interaction_energy_kcal_mol,128-64-32,"(128, 64, 32)",3,0.01,12704,225,12929,5,1756,438,43.49890898400918,168,0.0165092432524026,0.9487515364441583,0.9312789491639325,0.8426420271640764,1.2743968331102196
target_interaction_energy_kcal_mol,64-64-32-16,"(64, 64, 32, 16)",4,0.0001,7888,177,8065,1,1755,439,27.21435653604567,127,0.008823037393197095,0.9249678700812441,0.9430531483690738,0.8942335612732185,1.1865896747739169
target_interaction_energy_kcal_mol,64-64-32-16,"(64, 64, 32, 16)",4,0.0001,7888,177,8065,2,1755,439,29.14594953902997,134,0.0083648665207702,0.9406729358499472,0.9386982397604949,0.8972588188879285,1.211910762395328
target_interaction_energy_kcal_mol,64-64-32-16,"(64, 64, 32, 16)",4,0.0001,7888,177,8065,3,1755,439,18.026053262059577,72,0.012503938097029585,0.9471903826472984,0.9324721367137013,0.9310809821821706,1.258713724729817
target_interaction_energy_kcal_mol,64-64-32-16,"(64, 64, 32, 16)",4,0.0001,7888,177,8065,4,1755,439,30.389890918973833,162,0.005954849333237585,0.9607357029037407,0.9134378697000434,0.9155247927995578,1.4103996374388281
target_interaction_energy_kcal_mol,64-64-32-16,"(64, 64, 32, 16)",4,0.0001,7888,177,8065,5,1756,438,28.556548913940787,135,0.007306970395657017,0.9378739430664539,0.9391397587074791,0.8502681867391485,1.1992966556105775
target_interaction_energy_kcal_mol,64-64-32-16,"(64, 64, 32, 16)",4,0.001,7888,177,8065,1,1755,439,27.25746445497498,180,0.007464825215931981,0.9208483085900334,0.9427427890690451,0.872345147928341,1.1898187271973264
target_interaction_energy_kcal_mol,64-64-32-16,"(64, 64, 32, 16)",4,0.001,7888,177,8065,2,1755,439,15.715968674980104,88,0.01295265996735322,0.9319796409583835,0.9351576875685287,0.9217306554382414,1.2464171524674794
target_interaction_energy_kcal_mol,64-64-32-16,"(64, 64, 32, 16)",4,0.001,7888,177,8065,3,1755,439,9.814225372043438,72,0.013792929492026866,0.9448666225966413,0.934304996635384,0.9069854344978584,1.241514034332752
target_interaction_energy_kcal_mol,64-64-32-16,"(64, 64, 32, 16)",4,0.001,7888,177,8065,4,1755,439,14.600587737979367,115,0.01110230449542307,0.9616085281803998,0.9060366588695871,0.9607207212114163,1.4694589053348766
target_interaction_energy_kcal_mol,64-64-32-16,"(64, 64, 32, 16)",4,0.001,7888,177,8065,5,1756,438,13.330625382019207,164,0.008418744479058358,0.9369872745062275,0.9381899310951486,0.863584308446749,1.2086189562280232
target_interaction_energy_kcal_mol,64-64-32-16,"(64, 64, 32, 16)",4,0.01,7888,177,8065,1,1755,439,15.603247978026047,217,0.016435692592616583,0.9313559983847405,0.9518959928803419,0.7943271537516926,1.0905769972867336
target_interaction_energy_kcal_mol,64-64-32-16,"(64, 64, 32, 16)",4,0.01,7888,177,8065,2,1755,439,12.367259349906817,163,0.019800620282421945,0.9352558352557969,0.9328336509407389,0.927350692527559,1.2685571594875251
target_interaction_energy_kcal_mol,64-64-32-16,"(64, 64, 32, 16)",4,0.01,7888,177,8065,3,1755,439,10.666366430930793,72,0.02401511047303898,0.9480233897460442,0.9358563907025115,0.8928487349895247,1.2267672132941585
target_interaction_energy_kcal_mol,64-64-32-16,"(64, 64, 32, 16)",4,0.01,7888,177,8065,4,1755,439,9.310014566988684,115,0.020418412966266362,0.9620986811211988,0.9085894671090846,0.9409150434007268,1.4493602294077597
target_interaction_energy_kcal_mol,64-64-32-16,"(64, 64, 32, 16)",4,0.01,7888,177,8065,5,1756,438,12.28309308202006,135,0.01988056753281597,0.9391186834284322,0.9443135032226284,0.8037749523421307,1.1471883721620721
target_frontier_gap_ev,16,"(16,)",1,0.0001,320,17,337,1,1755,439,0.7000282680382952,211,0.017189896442750954,0.9585090889620749,0.956532080264994,0.056263781044640575,0.07484432583454075
target_frontier_gap_ev,16,"(16,)",1,0.0001,320,17,337,2,1755,439,1.43568730505649,394,0.013836946602598649,0.9616742249243897,0.962901605226387,0.05273161177155486,0.06950244281658624
target_frontier_gap_ev,16,"(16,)",1,0.0001,320,17,337,3,1755,439,1.2057413039729,319,0.01400600381071217,0.9612456903412536,0.9581534543693045,0.0542041505951729,0.07581225530398097
target_frontier_gap_ev,16,"(16,)",1,0.0001,320,17,337,4,1755,439,0.4155073519796133,90,0.02371392021650264,0.9393796378029884,0.9420120227524271,0.064416759566144,0.0878560949623908
target_frontier_gap_ev,16,"(16,)",1,0.0001,320,17,337,5,1756,438,0.8747349299956113,242,0.015833314467990627,0.9671911084618517,0.9573309101696149,0.05493029772484576,0.07587433815609157
target_frontier_gap_ev,16,"(16,)",1,0.001,320,17,337,1,1755,439,0.675845619989559,193,0.01775892564918748,0.9582434098729948,0.9559236413171863,0.05680831413875,0.07536631946058701
target_frontier_gap_ev,16,"(16,)",1,0.001,320,17,337,2,1755,439,1.5529978550039232,438,0.013373486588280348,0.962544301467952,0.9635401845416276,0.05226191681588981,0.0689016691703702
target_frontier_gap_ev,16,"(16,)",1,0.001,320,17,337,3,1755,439,0.7136226139264181,211,0.01627275267849653,0.9590709117972424,0.950778584214706,0.05707050773889396,0.08222173947685811
target_frontier_gap_ev,16,"(16,)",1,0.001,320,17,337,4,1755,439,0.31145581405144185,90,0.023860612798016278,0.9392350396137459,0.9420351892416142,0.06440905762373472,0.0878385437328853
target_frontier_gap_ev,16,"(16,)",1,0.001,320,17,337,5,1756,438,1.318573069991544,358,0.014739894729196058,0.9690375444767056,0.9599523720454571,0.0538061333427783,0.07350664906393065
target_frontier_gap_ev,16,"(16,)",1,0.01,320,17,337,1,1755,439,0.5702939269831404,169,0.019994076140267894,0.9580468738523678,0.9553983315526953,0.057297071121972756,0.07581410371890386
target_frontier_gap_ev,16,"(16,)",1,0.01,320,17,337,2,1755,439,1.228253316017799,332,0.016238460534092287,0.9616150683886139,0.9603216826423522,0.054379305947513355,0.07187852115796826
target_frontier_gap_ev,16,"(16,)",1,0.01,320,17,337,3,1755,439,1.215398911968805,342,0.01560038682188507,0.9627486612951006,0.9583743029189403,0.05287435398467447,0.07561193798348505
target_frontier_gap_ev,16,"(16,)",1,0.01,320,17,337,4,1755,439,0.3488043190445751,94,0.0252335580295617,0.9396985754092736,0.9434295158152322,0.0640569400170749,0.08677564766853467
target_frontier_gap_ev,16,"(16,)",1,0.01,320,17,337,5,1756,438,1.2588355879997835,358,0.016011452210521786,0.9698454319539981,0.9604681646321774,0.05372781308264464,0.07303175132487742
target_frontier_gap_ev,32,"(32,)",1,0.0001,640,33,673,1,1755,439,0.6053495040396228,161,0.015043884616188507,0.9655462192100573,0.9635515028239957,0.05102400456081805,0.06853529173723007
target_frontier_gap_ev,32,"(32,)",1,0.0001,640,33,673,2,1755,439,1.2376149819465354,320,0.011330744129458803,0.9673689381985551,0.951585316823752,0.054446132422934654,0.07939827315950315
target_frontier_gap_ev,32,"(32,)",1,0.0001,640,33,673,3,1755,439,0.7534463920164853,206,0.013000899731650408,0.967273698668985,0.9554949774672944,0.05596169890111092,0.0781833224951145
target_frontier_gap_ev,32,"(32,)",1,0.0001,640,33,673,4,1755,439,1.6041891829809174,300,0.012371487095509615,0.9685927273166701,0.9599936576539463,0.05255898296392984,0.0729738633990399
target_frontier_gap_ev,32,"(32,)",1,0.0001,640,33,673,5,1756,438,0.7807726599276066,191,0.014829059780273312,0.9564156345743451,0.9578725540028291,0.0549901933035274,0.07539122352406227
target_frontier_gap_ev,32,"(32,)",1,0.001,640,33,673,1,1755,439,0.6811116290045902,161,0.01521214641347457,0.9659061507910089,0.9637375591031053,0.05089896116955865,0.0683601441061567
target_frontier_gap_ev,32,"(32,)",1,0.001,640,33,673,2,1755,439,1.3048122719628736,320,0.011805135991800091,0.9675779952130404,0.9547075614486871,0.05440013069861024,0.07679542740724513
target_frontier_gap_ev,32,"(32,)",1,0.001,640,33,673,3,1755,439,0.9899634850444272,206,0.013261296434880387,0.9674063115089312,0.9556397441339788,0.05579804355620582,0.0780560609248119
target_frontier_gap_ev,32,"(32,)",1,0.001,640,33,673,4,1755,439,1.2989232579711825,300,0.013209074241519146,0.9687311761178287,0.9654788840499492,0.05121526540883327,0.06778683065655731
target_frontier_gap_ev,32,"(32,)",1,0.001,640,33,673,5,1756,438,0.6206690430408344,168,0.015917871725634615,0.9560653200678724,0.954643304905461,0.05691222386188143,0.07822740563932101
target_frontier_gap_ev,32,"(32,)",1,0.01,640,33,673,1,1755,439,0.7501750850351527,161,0.01755006308796518,0.9660052663456964,0.9635675837778185,0.05089447547953011,0.06852017129968123
target_frontier_gap_ev,32,"(32,)",1,0.01,640,33,673,2,1755,439,1.0751963009824976,232,0.015254011842304642,0.9652452471659804,0.9550971388888618,0.05593955035739872,0.07646444083781856
target_frontier_gap_ev,32,"(32,)",1,0.01,640,33,673,3,1755,439,0.8012113700387999,198,0.01557283451390504,0.9677165256467036,0.9557919081668683,0.055575114963208404,0.07792207242923634
target_frontier_gap_ev,32,"(32,)",1,0.01,640,33,673,4,1755,439,1.1914523029699922,286,0.015184601438561117,0.9685504914522537,0.9604170638588818,0.05232448557221696,0.07258667762790222
target_frontier_gap_ev,32,"(32,)",1,0.01,640,33,673,5,1756,438,1.0268087110016495,168,0.01769997059162553,0.9550746389968979,0.9544411576262131,0.05702432041410083,0.07840153513491345
target_frontier_gap_ev,32-16,"(32, 16)",2,0.0001,1136,49,1185,1,1755,439,1.4157508249627426,243,0.007567836050405941,0.9709290844035325,0.9641210352633063,0.04968650390725428,0.0679977283598439
target_frontier_gap_ev,32-16,"(32, 16)",2,0.0001,1136,49,1185,2,1755,439,1.7344496760051697,261,0.00742014155278061,0.9679865195195755,0.9639138984191664,0.04981374358201622,0.06854763784530775
target_frontier_gap_ev,32-16,"(32, 16)",2,0.0001,1136,49,1185,3,1755,439,1.2704560999991372,203,0.008948464757297738,0.9660012762418182,0.968566027576983,0.04981568220519637,0.06570663759989116
target_frontier_gap_ev,32-16,"(32, 16)",2,0.0001,1136,49,1185,4,1755,439,5.130827227025293,323,0.0067501033268023624,0.9650077696402807,0.9573786943767245,0.04746646422288803,0.07532103698639196
target_frontier_gap_ev,32-16,"(32, 16)",2,0.0001,1136,49,1185,5,1756,438,1.5038030949654058,136,0.009951573622631035,0.9532080053879252,0.9581319919544945,0.05017990345006971,0.07515872009517287
target_frontier_gap_ev,32-16,"(32, 16)",2,0.001,1136,49,1185,1,1755,439,5.95012327702716,204,0.008989894442693434,0.9690848411821013,0.9614106625612834,0.05182448526730998,0.07051931962996058
target_frontier_gap_ev,32-16,"(32, 16)",2,0.001,1136,49,1185,2,1755,439,1.4279110359493643,261,0.008005689310457125,0.968384906769178,0.9624122470580452,0.05053526732948897,0.06995933807920068
target_frontier_gap_ev,32-16,"(32, 16)",2,0.001,1136,49,1185,3,1755,439,1.1940963779343292,170,0.009356858094523563,0.9658055576497239,0.9659731713703122,0.0507306317012404,0.06836287940304181
target_frontier_gap_ev,32-16,"(32, 16)",2,0.001,1136,49,1185,4,1755,439,9.574434467940591,282,0.008345011322135176,0.9648878082771287,0.9661037324411809,0.04734336535282985,0.067170542429454
target_frontier_gap_ev,32-16,"(32, 16)",2,0.001,1136,49,1185,5,1756,438,1.0669818449532613,151,0.010048192702521856,0.9532270369850253,0.959523173228291,0.049427703985121925,0.07389949240028987
target_frontier_gap_ev,32-16,"(32, 16)",2,0.01,1136,49,1185,1,1755,439,5.889153055031784,243,0.011285433929058581,0.9710244291808249,0.9645168718027861,0.0497696540735218,0.06762159381904716
target_frontier_gap_ev,32-16,"(32, 16)",2,0.01,1136,49,1185,2,1755,439,1.6450673440704122,222,0.01165002321001726,0.9715094517017528,0.9670822044241326,0.04906869435720632,0.06546932779878001
target_frontier_gap_ev,32-16,"(32, 16)",2,0.01,1136,49,1185,3,1755,439,1.9281426669331267,253,0.01085129519040149,0.9699195991035128,0.9682690221217756,0.049186347042036414,0.06601632401803598
target_frontier_gap_ev,32-16,"(32, 16)",2,0.01,1136,49,1185,4,1755,439,13.032478539040312,248,0.013712645865319194,0.964859126920688,0.9576270821165422,0.048268680338092236,0.07510123893795807
target_frontier_gap_ev,32-16,"(32, 16)",2,0.01,1136,49,1185,5,1756,438,6.096320150070824,226,0.012227348705313543,0.9573084615454942,0.9604268876321537,0.049261612646387634,0.07306986927565122
target_frontier_gap_ev,64-32,"(64, 32)",2,0.0001,3296,97,3393,1,1755,439,8.324811007012613,111,0.009009766197019395,0.9701876897160966,0.966400901140854,0.04836213593527353,0.06580187477685528
target_frontier_gap_ev,64-32,"(64, 32)",2,0.0001,3296,97,3393,2,1755,439,14.418310084962286,189,0.0056227707586857575,0.9794206475891463,0.9632417787105575,0.049463575946736775,0.06918305788738496
target_frontier_gap_ev,64-32,"(64, 32)",2,0.0001,3296,97,3393,3,1755,439,23.756172103923745,227,0.0042411460446662675,0.9740908560887049,0.9671589249195156,0.04970680709907267,0.06716117607609462
target_frontier_gap_ev,64-32,"(64, 32)",2,0.0001,3296,97,3393,4,1755,439,6.415247239056043,93,0.008582227069542862,0.9685271985555497,0.936803893521898,0.05496194286080392,0.09171662749640808
target_frontier_gap_ev,64-32,"(64, 32)",2,0.0001,3296,97,3393,5,1756,438,17.48830781504512,175,0.0052893630700295265,0.957126959206841,0.9647252674600838,0.04724778317893576,0.06898744979583055
target_frontier_gap_ev,64-32,"(64, 32)",2,0.001,3296,97,3393,1,1755,439,11.854736739071086,174,0.0069455197993506315,0.9753849289015554,0.968640672469484,0.046436815573714915,0.06357082141940143
target_frontier_gap_ev,64-32,"(64, 32)",2,0.001,3296,97,3393,2,1755,439,27.702416824991815,194,0.005616236149025422,0.9780094849784517,0.9684469597578054,0.04715882881516657,0.06409779880618695
target_frontier_gap_ev,64-32,"(64, 32)",2,0.001,3296,97,3393,3,1755,439,22.325661520007998,197,0.006426064109676328,0.9746510428174213,0.9674489289009576,0.04903365282079109,0.06686398426105658
target_frontier_gap_ev,64-32,"(64, 32)",2,0.001,3296,97,3393,4,1755,439,27.539912985055707,214,0.005641736893008638,0.9713729901690719,0.9551393760502195,0.04734804120425484,0.07727438738179322
target_frontier_gap_ev,64-32,"(64, 32)",2,0.001,3296,97,3393,5,1756,438,37.025643246946856,232,0.005142955228250787,0.9615444156028032,0.9662650410829573,0.04758909007093486,0.06746496805551153
target_frontier_gap_ev,64-32,"(64, 32)",2,0.01,3296,97,3393,1,1755,439,26.117029095068574,227,0.010899280592853975,0.9760260319018657,0.9710409965573151,0.04665511633704962,0.061089456151782406
target_frontier_gap_ev,64-32,"(64, 32)",2,0.01,3296,97,3393,2,1755,439,23.680159557959996,179,0.010862441791415878,0.9781832298012213,0.9696723862556557,0.04608395127120405,0.06284078912084494
target_frontier_gap_ev,64-32,"(64, 32)",2,0.01,3296,97,3393,3,1755,439,27.201435556984507,227,0.010296747813812098,0.9750143027607456,0.9693275599861658,0.04752320493979242,0.06490583966672335
target_frontier_gap_ev,64-32,"(64, 32)",2,0.01,3296,97,3393,4,1755,439,14.415974178933538,127,0.013132740330203316,0.9701351096546273,0.933651007060408,0.0529273198855676,0.09397667682884428
target_frontier_gap_ev,64-32,"(64, 32)",2,0.01,3296,97,3393,5,1756,438,28.534920186037198,241,0.009764766606621842,0.9633900203326321,0.9667023289590516,0.04671200100141632,0.06702628602411438
target_frontier_gap_ev,64-32-16,"(64, 32, 16)",3,0.0001,3792,113,3905,1,1755,439,10.297659690957516,71,0.008382108542041028,0.9578541343728189,0.9599168427103196,0.0561004406791819,0.07187128570882316
target_frontier_gap_ev,64-32-16,"(64, 32, 16)",3,0.0001,3792,113,3905,2,1755,439,23.634374032961205,135,0.005845798869798557,0.9685021042618872,0.9616925604027077,0.0490961714654216,0.0706259126015549
target_frontier_gap_ev,64-32-16,"(64, 32, 16)",3,0.0001,3792,113,3905,3,1755,439,16.24777458200697,120,0.0068110975610271044,0.9621905580611653,0.9674143306325805,0.05029550103086384,0.06689950941588148
target_frontier_gap_ev,64-32-16,"(64, 32, 16)",3,0.0001,3792,113,3905,4,1755,439,23.743932425044477,137,0.005595448219883875,0.9687394709472157,0.9549709512152652,0.0488926317390795,0.07741931105713108
target_frontier_gap_ev,64-32-16,"(64, 32, 16)",3,0.0001,3792,113,3905,5,1756,438,13.352342125959694,91,0.007168798689975447,0.9616210833214094,0.9597613374228608,0.05410401110669262,0.07368176066714434
target_frontier_gap_ev,64-32-16,"(64, 32, 16)",3,0.001,3792,113,3905,1,1755,439,22.922028290107846,98,0.007540990640643101,0.9612055078153112,0.9658152580089506,0.0488216035330411,0.0663728713145373
target_frontier_gap_ev,64-32-16,"(64, 32, 16)",3,0.001,3792,113,3905,2,1755,439,11.665145789040253,103,0.007511165820838018,0.9683249448343695,0.960438077600317,0.051138919553003884,0.07177301716255713
target_frontier_gap_ev,64-32-16,"(64, 32, 16)",3,0.001,3792,113,3905,3,1755,439,11.812504809931852,83,0.009225996858473804,0.9607519211372906,0.9640338164449624,0.053151678871595553,0.0702840514396227
target_frontier_gap_ev,64-32-16,"(64, 32, 16)",3,0.001,3792,113,3905,4,1755,439,21.06358191696927,116,0.006754019035306685,0.965986207871733,0.9633174529752317,0.04783116833145193,0.06987674353260444
target_frontier_gap_ev,64-32-16,"(64, 32, 16)",3,0.001,3792,113,3905,5,1756,438,14.845664008986205,102,0.007261771011090941,0.9600747185189435,0.9619324009745311,0.05290036258704114,0.07166646272616949
target_frontier_gap_ev,64-32-16,"(64, 32, 16)",3,0.01,3792,113,3905,1,1755,439,11.540305278962478,80,0.015525277277599352,0.9329494724359384,0.9647235241693892,0.050040543634828835,0.06742439350417942
target_frontier_gap_ev,64-32-16,"(64, 32, 16)",3,0.01,3792,113,3905,2,1755,439,22.434651057003066,208,0.011103373425133947,0.9751923725578774,0.9665351032361819,0.04692931901283675,0.0660111433002281
target_frontier_gap_ev,64-32-16,"(64, 32, 16)",3,0.01,3792,113,3905,3,1755,439,9.588759995996952,59,0.017706222736650262,0.9465131232130305,0.9585711151776055,0.054746293160466704,0.07543297415410262
target_frontier_gap_ev,64-32-16,"(64, 32, 16)",3,0.01,3792,113,3905,4,1755,439,16.19933214399498,106,0.013668042390922524,0.9583170571035028,0.9573653187425342,0.048578672233477074,0.07533285487410292
target_frontier_gap_ev,64-32-16,"(64, 32, 16)",3,0.01,3792,113,3905,5,1756,438,24.83557536196895,95,0.014317715087645202,0.954693306380681,0.9626989501590582,0.05246925431383137,0.07094123649280444
target_frontier_gap_ev,128-64-32,"(128, 64, 32)",3,0.0001,12704,225,12929,1,1755,439,29.075184872024693,112,0.0039007171033820422,0.9733740047644647,0.9705123030549582,0.043227188029499146,0.0616445774253464
target_frontier_gap_ev,128-64-32,"(128, 64, 32)",3,0.0001,12704,225,12929,2,1755,439,22.955711630987935,102,0.004491695176450721,0.9756285075247162,0.9689239481726445,0.046254143973824616,0.06361146950763169
target_frontier_gap_ev,128-64-32,"(128, 64, 32)",3,0.0001,12704,225,12929,3,1755,439,33.918672353960574,146,0.003233197918453009,0.968499566548093,0.9721465977852877,0.04376021243830598,0.06185128617168389
target_frontier_gap_ev,128-64-32,"(128, 64, 32)",3,0.0001,12704,225,12929,4,1755,439,13.794717333978042,65,0.006066950873711872,0.9760058362239752,0.9587634087364834,0.04747713754709072,0.07408738990798851
target_frontier_gap_ev,128-64-32,"(128, 64, 32)",3,0.0001,12704,225,12929,5,1756,438,17.146814870997332,69,0.005869154841658523,0.9594474854209537,0.9701406953482706,0.04760546126888027,0.06347139904531965
target_frontier_gap_ev,128-64-32,"(128, 64, 32)",3,0.001,12704,225,12929,1,1755,439,21.920296563999727,97,0.006126888321409594,0.972709153310735,0.9703983983093802,0.04267063081574966,0.06176352266268898
target_frontier_gap_ev,128-64-32,"(128, 64, 32)",3,0.001,12704,225,12929,2,1755,439,37.814959801966324,160,0.004310973148450009,0.9776260844149334,0.9692446227070207,0.04709904438855907,0.06328241427387529
target_frontier_gap_ev,128-64-32,"(128, 64, 32)",3,0.001,12704,225,12929,3,1755,439,29.198375939042307,121,0.005119093143397979,0.9670296065053302,0.9711968617391437,0.0449771508449694,0.06289693959437762
target_frontier_gap_ev,128-64-32,"(128, 64, 32)",3,0.001,12704,225,12929,4,1755,439,15.88121422601398,65,0.007169541270775291,0.9768041845889202,0.9609177781501616,0.04696845255148345,0.07212611478734866
target_frontier_gap_ev,128-64-32,"(128, 64, 32)",3,0.001,12704,225,12929,5,1756,438,19.55117557500489,69,0.007363850140814581,0.9588707785038818,0.9701122310290705,0.04764572691142347,0.06350164489033207
target_frontier_gap_ev,128-64-32,"(128, 64, 32)",3,0.01,12704,225,12929,1,1755,439,25.722499495954253,112,0.012943453468247037,0.9754642865378056,0.9702606732983109,0.043359145774987035,0.06190703703465585
target_frontier_gap_ev,128-64-32,"(128, 64, 32)",3,0.01,12704,225,12929,2,1755,439,30.972627287032083,110,0.013143161708612752,0.9749987572412919,0.9685585446428623,0.046829297671254135,0.06398435997284031
target_frontier_gap_ev,128-64-32,"(128, 64, 32)",3,0.01,12704,225,12929,3,1755,439,44.19444408197887,151,0.011431724501172429,0.9681016917955334,0.9750768540277186,0.04385240368008407,0.05850743250512402
target_frontier_gap_ev,128-64-32,"(128, 64, 32)",3,0.01,12704,225,12929,4,1755,439,42.51172769302502,104,0.016263530818829072,0.9771508331083765,0.9634373981668874,0.04503567424675173,0.06976240793307807
target_frontier_gap_ev,128-64-32,"(128, 64, 32)",3,0.01,12704,225,12929,5,1756,438,34.13907173695043,142,0.01147296534299301,0.9617861542116596,0.9725828748910842,0.04581030045682752,0.06082038755063158
target_frontier_gap_ev,64-64-32-16,"(64, 64, 32, 16)",4,0.0001,7888,177,8065,1,1755,439,34.63895404106006,163,0.0035416989982254444,0.9749477290243993,0.9626771151634498,0.04744578279357025,0.06935248944938202
target_frontier_gap_ev,64-64-32-16,"(64, 64, 32, 16)",4,0.0001,7888,177,8065,2,1755,439,19.756688467925414,102,0.007222091222895553,0.9691040559619837,0.9680557291453684,0.04711231548178984,0.06449395343532129
target_frontier_gap_ev,64-64-32-16,"(64, 64, 32, 16)",4,0.0001,7888,177,8065,3,1755,439,33.65837670303881,184,0.0033409795229443675,0.9667491041374372,0.9652195165957386,0.047809195940278354,0.06911581231911669
target_frontier_gap_ev,64-64-32-16,"(64, 64, 32, 16)",4,0.0001,7888,177,8065,4,1755,439,21.483636802062392,99,0.005083898671118144,0.9730681446571503,0.9677282520708086,0.04681157973030626,0.06554116552261918
target_frontier_gap_ev,64-64-32-16,"(64, 64, 32, 16)",4,0.0001,7888,177,8065,5,1756,438,29.934000739012845,111,0.0042731284640137035,0.9769609256213971,0.9658554613491319,0.04960246237333088,0.0678732821343428
target_frontier_gap_ev,64-64-32-16,"(64, 64, 32, 16)",4,0.001,7888,177,8065,1,1755,439,27.832527233986184,153,0.00549097067297108,0.9731495067775082,0.9655929487232954,0.04572834452981599,0.06658833870381813
target_frontier_gap_ev,64-64-32-16,"(64, 64, 32, 16)",4,0.001,7888,177,8065,2,1755,439,25.50496336701326,95,0.006152047865687183,0.9705565476051929,0.9681252689385176,0.04632374195848357,0.06442371643311343
target_frontier_gap_ev,64-64-32-16,"(64, 64, 32, 16)",4,0.001,7888,177,8065,3,1755,439,30.781419515958987,198,0.004937839720003672,0.9675710806678034,0.9674161962158825,0.04618002252381376,0.06689759433485823
target_frontier_gap_ev,64-64-32-16,"(64, 64, 32, 16)",4,0.001,7888,177,8065,4,1755,439,20.2233041949803,108,0.008293018822220843,0.9716383395260918,0.9671405066531312,0.04584877081307986,0.06613530295250922
target_frontier_gap_ev,64-64-32-16,"(64, 64, 32, 16)",4,0.001,7888,177,8065,5,1756,438,19.09449890407268,126,0.0055887029851985175,0.9736961529683099,0.9685883116084935,0.04783658410818527,0.06510043140267205
target_frontier_gap_ev,64-64-32-16,"(64, 64, 32, 16)",4,0.01,7888,177,8065,1,1755,439,21.64219429891091,169,0.012739530652321134,0.9751552746690999,0.968301195355537,0.04413855954519973,0.06391398483219
target_frontier_gap_ev,64-64-32-16,"(64, 64, 32, 16)",4,0.01,7888,177,8065,2,1755,439,17.43505897396244,138,0.014342154686597644,0.9699520107945202,0.9672629134416547,0.04673210059079702,0.06528937681092568
target_frontier_gap_ev,64-64-32-16,"(64, 64, 32, 16)",4,0.01,7888,177,8065,3,1755,439,9.2359832059592,112,0.015028533802104482,0.968179991996622,0.9702099104036809,0.044399450893773715,0.06396545808808524
target_frontier_gap_ev,64-64-32-16,"(64, 64, 32, 16)",4,0.01,7888,177,8065,4,1755,439,13.218292822013609,108,0.017384425220069208,0.9736582411720773,0.9645334688349662,0.047699591321499694,0.06870878563818579
target_frontier_gap_ev,64-64-32-16,"(64, 64, 32, 16)",4,0.01,7888,177,8065,5,1756,438,13.635231469990686,156,0.01241492551702301,0.9778951941078929,0.9673450416679266,0.04841648335094971,0.06637626228965113
target_somo_somo_elst_corrected_signed_kcal_mol,16,"(16,)",1,0.0001,320,17,337,1,1755,439,0.20485190209001303,59,0.0705389024637437,0.708644185205815,0.7686799507445976,1.5418873723036626,2.311043443249665
target_somo_somo_elst_corrected_signed_kcal_mol,16,"(16,)",1,0.0001,320,17,337,2,1755,439,1.8562158179702237,510,0.023193208063848683,0.8963793559330449,0.9259719595219342,0.9204453528362666,1.3344152754633858
target_somo_somo_elst_corrected_signed_kcal_mol,16,"(16,)",1,0.0001,320,17,337,3,1755,439,2.603113851044327,710,0.0200344641706725,0.9139721069492209,0.9388063991159128,0.8579841565062573,1.2949610920215315
target_somo_somo_elst_corrected_signed_kcal_mol,16,"(16,)",1,0.0001,320,17,337,4,1755,439,1.060131676029414,304,0.026262023031171294,0.8573273790289322,0.1109497063311301,1.0817666740453973,4.677645146077956
target_somo_somo_elst_corrected_signed_kcal_mol,16,"(16,)",1,0.0001,320,17,337,5,1756,438,1.7468285070499405,502,0.024066334143312256,0.891148185727451,0.9361357833624232,0.8395159218104187,1.3256843072261195
target_somo_somo_elst_corrected_signed_kcal_mol,16,"(16,)",1,0.001,320,17,337,1,1755,439,0.2406626020092517,60,0.07091603757323688,0.709056959722814,0.770541582794797,1.5432267280098724,2.3017251769117215
target_somo_somo_elst_corrected_signed_kcal_mol,16,"(16,)",1,0.001,320,17,337,2,1755,439,1.7871916090371087,501,0.023591072041941316,0.892845625921207,0.9175194577268426,0.9496760325266788,1.408538206646759
target_somo_somo_elst_corrected_signed_kcal_mol,16,"(16,)",1,0.001,320,17,337,3,1755,439,2.1777269020676613,666,0.02071178960816511,0.9134051618218221,0.9374792463684557,0.8669684875820336,1.308928178709104
target_somo_somo_elst_corrected_signed_kcal_mol,16,"(16,)",1,0.001,320,17,337,4,1755,439,1.6775768339866772,474,0.02144119383475067,0.8672120672239003,-0.8383582273260963,1.1619064703271433,6.726345622513934
target_somo_somo_elst_corrected_signed_kcal_mol,16,"(16,)",1,0.001,320,17,337,5,1756,438,1.687733305967413,502,0.02421533528243841,0.893103693192957,0.9341680750200066,0.8553927258607542,1.3459520796112494
target_somo_somo_elst_corrected_signed_kcal_mol,16,"(16,)",1,0.01,320,17,337,1,1755,439,0.20606533100362867,61,0.07187663322231082,0.7097833694671001,0.7739258236728181,1.5263977593989717,2.2846882598696894
target_somo_somo_elst_corrected_signed_kcal_mol,16,"(16,)",1,0.01,320,17,337,2,1755,439,2.00254831998609,566,0.026125448236760853,0.8946495342918939,0.9219542926298999,0.925412368471126,1.3701477079985047
target_somo_somo_elst_corrected_signed_kcal_mol,16,"(16,)",1,0.01,320,17,337,3,1755,439,2.4934885860420763,751,0.023155701541519226,0.9117864786712517,0.9363550815061956,0.8770377645445929,1.3206434521864832
target_somo_somo_elst_corrected_signed_kcal_mol,16,"(16,)",1,0.01,320,17,337,4,1755,439,1.0089172740699723,304,0.02886777653195902,0.8581263783536773,0.1809031338880237,1.0732780993681161,4.489849045443482
target_somo_somo_elst_corrected_signed_kcal_mol,16,"(16,)",1,0.01,320,17,337,5,1756,438,1.7721145079704002,502,0.026937027697235962,0.8973250430083587,0.9360646868980848,0.8328064529162348,1.3264220071103532
target_somo_somo_elst_corrected_signed_kcal_mol,32,"(32,)",1,0.0001,640,33,673,1,1755,439,1.463733059936203,393,0.016064237423903508,0.9313556180806568,0.934084001218848,0.8178012174249721,1.2336639952399044
target_somo_somo_elst_corrected_signed_kcal_mol,32,"(32,)",1,0.0001,640,33,673,2,1755,439,1.450560410041362,396,0.01587632743803326,0.923181652245108,0.9281207065634995,0.838020823957502,1.3149062136168201
target_somo_somo_elst_corrected_signed_kcal_mol,32,"(32,)",1,0.0001,640,33,673,3,1755,439,1.244430226041004,337,0.01994655162607966,0.9110274625999544,0.9309519442985319,0.8453164723469985,1.3755596948198712
target_somo_somo_elst_corrected_signed_kcal_mol,32,"(32,)",1,0.0001,640,33,673,4,1755,439,1.6327250440372154,396,0.017049115150357223,0.9338060355882989,0.14812506491741728,1.0588092569717147,4.578803726370461
target_somo_somo_elst_corrected_signed_kcal_mol,32,"(32,)",1,0.0001,640,33,673,5,1756,438,1.163981141988188,299,0.022282636166834707,0.9045761340476246,0.9405429466911002,0.9006507436291843,1.2791250717939033
target_somo_somo_elst_corrected_signed_kcal_mol,32,"(32,)",1,0.001,640,33,673,1,1755,439,1.7618988980539143,421,0.016051421043257446,0.9308195604795018,0.9349255313940469,0.819849942101944,1.2257637865870843
target_somo_somo_elst_corrected_signed_kcal_mol,32,"(32,)",1,0.001,640,33,673,2,1755,439,1.2116212260443717,305,0.019885953498134903,0.9215297743901435,0.9263491107339015,0.8629777821254343,1.3310117071351728
target_somo_somo_elst_corrected_signed_kcal_mol,32,"(32,)",1,0.001,640,33,673,3,1755,439,1.5184516540030017,353,0.019515311931732112,0.91121681419872,0.930126498142628,0.8305207478141414,1.383757442771595
target_somo_somo_elst_corrected_signed_kcal_mol,32,"(32,)",1,0.001,640,33,673,4,1755,439,2.047012501046993,433,0.01683067762327503,0.9354351805999188,0.0106293275427356,1.080213335819894,4.934505346262036
target_somo_somo_elst_corrected_signed_kcal_mol,32,"(32,)",1,0.001,640,33,673,5,1756,438,1.1631019479827955,317,0.020930002642360803,0.9049227232036255,0.9424696377438535,0.8881540933359833,1.2582295338662886
target_somo_somo_elst_corrected_signed_kcal_mol,32,"(32,)",1,0.01,640,33,673,1,1755,439,1.1863098669564351,320,0.021663866301579827,0.9257988612561417,0.9296143340050219,0.8413626093432398,1.2748044874452629
target_somo_somo_elst_corrected_signed_kcal_mol,32,"(32,)",1,0.01,640,33,673,2,1755,439,1.922921153018251,445,0.018804052231809847,0.9273095066728474,0.9274869366377875,0.8079484631615077,1.3206903490094468
target_somo_somo_elst_corrected_signed_kcal_mol,32,"(32,)",1,0.01,640,33,673,3,1755,439,1.397566155064851,352,0.023188590158768695,0.914756723898577,0.9290331542235961,0.8460680135458987,1.3945415758515722
target_somo_somo_elst_corrected_signed_kcal_mol,32,"(32,)",1,0.01,640,33,673,4,1755,439,2.2316116279689595,472,0.018880583897970548,0.9401601356118909,-0.36631142083883583,1.0859401577015588,5.798811036910036
target_somo_somo_elst_corrected_signed_kcal_mol,32,"(32,)",1,0.01,640,33,673,5,1756,438,1.0545159060275182,279,0.024283242742307212,0.9094377924502045,0.9408993600934583,0.8900186916800138,1.2752854719112883
target_somo_somo_elst_corrected_signed_kcal_mol,32-16,"(32, 16)",2,0.0001,1136,49,1185,1,1755,439,2.0397546520689502,350,0.009445109304173442,0.9517579725989757,0.9578059760449352,0.7135279765779741,0.9870222524662611
target_somo_somo_elst_corrected_signed_kcal_mol,32-16,"(32, 16)",2,0.0001,1136,49,1185,2,1755,439,1.4229652369394898,210,0.011244798031005539,0.9332270338095531,0.9321026620534262,0.7758520220388939,1.2779658584107942
target_somo_somo_elst_corrected_signed_kcal_mol,32-16,"(32, 16)",2,0.0001,1136,49,1185,3,1755,439,1.9663779910188168,382,0.007891422678997537,0.9621688847592172,0.936764807497456,0.7854432251575393,1.3163856446823055
target_somo_somo_elst_corrected_signed_kcal_mol,32-16,"(32, 16)",2,0.0001,1136,49,1185,4,1755,439,1.900831897975877,306,0.01007036050774626,0.9594695972157836,0.8560092345304469,0.7926082420302355,1.8824845814402122
target_somo_somo_elst_corrected_signed_kcal_mol,32-16,"(32, 16)",2,0.0001,1136,49,1185,5,1756,438,2.205845896038227,295,0.009333231353944954,0.9664122308701337,0.9571271973190729,0.6874165215788766,1.0861811414559321
target_somo_somo_elst_corrected_signed_kcal_mol,32-16,"(32, 16)",2,0.001,1136,49,1185,1,1755,439,8.064985919976607,345,0.009701375947304722,0.9535503300959314,0.9545700130713135,0.6971462321284828,1.0241717144913018
target_somo_somo_elst_corrected_signed_kcal_mol,32-16,"(32, 16)",2,0.001,1136,49,1185,2,1755,439,1.5995139239821583,210,0.01175154795053212,0.9362441995678659,0.9380246406684848,0.7678706328247884,1.2209627227298296
target_somo_somo_elst_corrected_signed_kcal_mol,32-16,"(32, 16)",2,0.001,1136,49,1185,3,1755,439,3.4355576880043373,290,0.010827948945150148,0.9626029713004912,0.942314996984252,0.7878747480811785,1.257289170889803
target_somo_somo_elst_corrected_signed_kcal_mol,32-16,"(32, 16)",2,0.001,1136,49,1185,4,1755,439,2.595590195967816,343,0.009774808862002498,0.9609852613072954,0.8543018998703064,0.7880087666442497,1.8936122389610575
target_somo_somo_elst_corrected_signed_kcal_mol,32-16,"(32, 16)",2,0.001,1136,49,1185,5,1756,438,4.4219616879709065,295,0.009287194174834819,0.9709186003221887,0.9547380646697847,0.6974462305887408,1.11603516903434
target_somo_somo_elst_corrected_signed_kcal_mol,32-16,"(32, 16)",2,0.01,1136,49,1185,1,1755,439,1.2018228110391647,213,0.017775178249557794,0.9486790897118372,0.9484479718053146,0.7673280985673465,1.090998992541947
target_somo_somo_elst_corrected_signed_kcal_mol,32-16,"(32, 16)",2,0.01,1136,49,1185,2,1755,439,5.976654718047939,261,0.01525892765750116,0.9373615781759179,0.9433631621030794,0.7294274727714705,1.1671922010679203
target_somo_somo_elst_corrected_signed_kcal_mol,32-16,"(32, 16)",2,0.01,1136,49,1185,3,1755,439,11.989410785958171,322,0.0137376899667016,0.9653292902830113,0.9450731745849986,0.7630292141587869,1.2268627048290728
target_somo_somo_elst_corrected_signed_kcal_mol,32-16,"(32, 16)",2,0.01,1136,49,1185,4,1755,439,13.972585125011392,361,0.01315148666236819,0.9569003690096939,0.900368315405179,0.7669909321683689,1.5658957461019662
target_somo_somo_elst_corrected_signed_kcal_mol,32-16,"(32, 16)",2,0.01,1136,49,1185,5,1756,438,13.260203437996097,365,0.01251091551040527,0.9702545957816412,0.9557849947924971,0.6591783914778476,1.1030524431391913
target_somo_somo_elst_corrected_signed_kcal_mol,64-32,"(64, 32)",2,0.0001,3296,97,3393,1,1755,439,16.30018245091196,144,0.010029796527543301,0.9746625838162876,0.9506025606843821,0.700485373978956,1.0679568104165325
target_somo_somo_elst_corrected_signed_kcal_mol,64-32,"(64, 32)",2,0.0001,3296,97,3393,2,1755,439,26.27068890701048,212,0.006314127553037068,0.9662679421179173,0.9479752197008349,0.7177870428502987,1.1186597324061742
target_somo_somo_elst_corrected_signed_kcal_mol,64-32,"(64, 32)",2,0.0001,3296,97,3393,3,1755,439,16.300689652911387,225,0.006148525865686028,0.9630390134897018,0.9514516563844874,0.6649035403944584,1.1534291520898081
target_somo_somo_elst_corrected_signed_kcal_mol,64-32,"(64, 32)",2,0.0001,3296,97,3393,4,1755,439,9.407788361073472,129,0.009183533577038301,0.9632713221863136,0.9485623878455697,0.7404091908626966,1.1251346700338196
target_somo_somo_elst_corrected_signed_kcal_mol,64-32,"(64, 32)",2,0.0001,3296,97,3393,5,1756,438,20.146258977008983,247,0.004961993294063113,0.9695081083666025,0.9420025577951786,0.7068632920601681,1.2633268923099175
target_somo_somo_elst_corrected_signed_kcal_mol,64-32,"(64, 32)",2,0.001,3296,97,3393,1,1755,439,16.186420054058544,200,0.008438544233457843,0.9759517625806384,0.956034243262997,0.6597439255408822,1.0075317660700005
target_somo_somo_elst_corrected_signed_kcal_mol,64-32,"(64, 32)",2,0.001,3296,97,3393,2,1755,439,16.600088687962852,205,0.007328291248277079,0.9656001297922362,0.9506541111388177,0.7072351496828498,1.089477752112376
target_somo_somo_elst_corrected_signed_kcal_mol,64-32,"(64, 32)",2,0.001,3296,97,3393,3,1755,439,25.06509794399608,192,0.007898948067529646,0.9596005061485638,0.9470833890677763,0.7015048213322428,1.204203058842136
target_somo_somo_elst_corrected_signed_kcal_mol,64-32,"(64, 32)",2,0.001,3296,97,3393,4,1755,439,13.142497465014458,120,0.011234070172525557,0.9623015586760325,0.9275087260355963,0.7707274733567178,1.3356939954035907
target_somo_somo_elst_corrected_signed_kcal_mol,64-32,"(64, 32)",2,0.001,3296,97,3393,5,1756,438,43.19070151797496,336,0.0064649149366588785,0.9730479880226323,0.9421417077889795,0.7187916142607201,1.2618104676958004
target_somo_somo_elst_corrected_signed_kcal_mol,64-32,"(64, 32)",2,0.01,3296,97,3393,1,1755,439,37.620629783021286,270,0.01296330104899109,0.9749994973155985,0.9516565561455663,0.6534084969006516,1.0565018551420033
target_somo_somo_elst_corrected_signed_kcal_mol,64-32,"(64, 32)",2,0.01,3296,97,3393,2,1755,439,31.536218638997525,205,0.01349795607123131,0.9665143013931912,0.9516765376585827,0.6753060967857986,1.0781319087466221
target_somo_somo_elst_corrected_signed_kcal_mol,64-32,"(64, 32)",2,0.01,3296,97,3393,3,1755,439,28.471975622000173,247,0.01358550001238298,0.9651033002069443,0.9501216475040181,0.6711928798500316,1.1691218175845604
target_somo_somo_elst_corrected_signed_kcal_mol,64-32,"(64, 32)",2,0.01,3296,97,3393,4,1755,439,18.133029075106606,166,0.014856205564395528,0.9621469830602667,0.8517879306597776,0.7854936990474686,1.90987917389109
target_somo_somo_elst_corrected_signed_kcal_mol,64-32,"(64, 32)",2,0.01,3296,97,3393,5,1756,438,29.4710870370036,210,0.013399932671923855,0.9649919296829846,0.9406603173484522,0.6929704842685352,1.2778619254813257
target_somo_somo_elst_corrected_signed_kcal_mol,64-32-16,"(64, 32, 16)",3,0.0001,3792,113,3905,1,1755,439,5.821858444949612,44,0.018774636006605366,0.84746243876417,0.8388375632370264,1.1215980711563815,1.9290051363993628
target_somo_somo_elst_corrected_signed_kcal_mol,64-32-16,"(64, 32, 16)",3,0.0001,3792,113,3905,2,1755,439,30.100997120025568,206,0.005202756460390515,0.9412136219471551,0.9457501551156344,0.6729954101208343,1.142331435848913
target_somo_somo_elst_corrected_signed_kcal_mol,64-32-16,"(64, 32, 16)",3,0.0001,3792,113,3905,3,1755,439,6.296292418963276,41,0.020999271497095046,0.8221497211711406,0.8317679421841947,1.2001371756209323,2.147128782580251
target_somo_somo_elst_corrected_signed_kcal_mol,64-32-16,"(64, 32, 16)",3,0.0001,3792,113,3905,4,1755,439,7.619294504052959,62,0.01453481865436818,0.8906062607396433,0.43519469814532674,0.9969154363709851,3.728322655894438
target_somo_somo_elst_corrected_signed_kcal_mol,64-32-16,"(64, 32, 16)",3,0.0001,3792,113,3905,5,1756,438,5.932068216963671,39,0.020560039919042095,0.785839913069489,0.8283845487679333,1.1743680546395652,2.1731490478079833
target_somo_somo_elst_corrected_signed_kcal_mol,64-32-16,"(64, 32, 16)",3,0.001,3792,113,3905,1,1755,439,6.896780880051665,42,0.019769337273980368,0.8318426895395811,0.8086538323717276,1.271451898569936,2.1018966383998077
target_somo_somo_elst_corrected_signed_kcal_mol,64-32-16,"(64, 32, 16)",3,0.001,3792,113,3905,2,1755,439,26.265223080990836,206,0.0064485659749823196,0.93786037035971,0.950427467210184,0.6699448921523679,1.0919768522916324
target_somo_somo_elst_corrected_signed_kcal_mol,64-32-16,"(64, 32, 16)",3,0.001,3792,113,3905,3,1755,439,6.6172614130191505,41,0.02171381937992484,0.819363921343456,0.8306789953778829,1.2184634428262933,2.154066632830044
target_somo_somo_elst_corrected_signed_kcal_mol,64-32-16,"(64, 32, 16)",3,0.001,3792,113,3905,4,1755,439,11.06672325800173,82,0.013412549111036554,0.9002607454723339,0.5149838548573414,0.934751125460166,3.4549534898610865
target_somo_somo_elst_corrected_signed_kcal_mol,64-32-16,"(64, 32, 16)",3,0.001,3792,113,3905,5,1756,438,5.435062619042583,39,0.02114978986996385,0.7781599673413284,0.8290909018605465,1.1822687620863368,2.1686721977098613
target_somo_somo_elst_corrected_signed_kcal_mol,64-32-16,"(64, 32, 16)",3,0.01,3792,113,3905,1,1755,439,4.125536371953785,42,0.02762314239357955,0.8305060672503218,0.8064837389602728,1.2849806641706734,2.113782040249066
target_somo_somo_elst_corrected_signed_kcal_mol,64-32-16,"(64, 32, 16)",3,0.01,3792,113,3905,2,1755,439,23.52914488199167,114,0.017129399226807188,0.9347987668699386,0.9391594816883099,0.7318116057012738,1.2097324505346114
target_somo_somo_elst_corrected_signed_kcal_mol,64-32-16,"(64, 32, 16)",3,0.01,3792,113,3905,3,1755,439,7.2382918180665,41,0.028812141946295233,0.8231863949999727,0.8311026512517155,1.2044844956446954,2.151370114050767
target_somo_somo_elst_corrected_signed_kcal_mol,64-32-16,"(64, 32, 16)",3,0.01,3792,113,3905,4,1755,439,8.863766102003865,59,0.025168470418618992,0.9064380814245596,0.5536204454573512,1.0184465177717719,3.3144865023967505
target_somo_somo_elst_corrected_signed_kcal_mol,64-32-16,"(64, 32, 16)",3,0.01,3792,113,3905,5,1756,438,6.4330344119807705,39,0.029416296302473763,0.7628541060187373,0.8276306763746581,1.1766042984314626,2.1779169222818164
target_somo_somo_elst_corrected_signed_kcal_mol,128-64-32,"(128, 64, 32)",3,0.0001,12704,225,12929,1,1755,439,57.522520744940266,183,0.002680397687002464,0.9674432887934228,0.9676746417989014,0.5457526488127924,0.8639192366790502
target_somo_somo_elst_corrected_signed_kcal_mol,128-64-32,"(128, 64, 32)",3,0.0001,12704,225,12929,2,1755,439,42.67443472798914,188,0.0029774517104093046,0.971781723185358,0.9499710882350778,0.6388148527727652,1.0969918625995128
target_somo_somo_elst_corrected_signed_kcal_mol,128-64-32,"(128, 64, 32)",3,0.0001,12704,225,12929,3,1755,439,36.3214186480036,148,0.00355895509170585,0.9635506834486954,0.9518162559294346,0.6533428176973942,1.1490898455552119
target_somo_somo_elst_corrected_signed_kcal_mol,128-64-32,"(128, 64, 32)",3,0.0001,12704,225,12929,4,1755,439,38.9954531500116,189,0.0032679692299250403,0.9669223950420696,0.9483855855862827,0.6411771955067209,1.127066677549359
target_somo_somo_elst_corrected_signed_kcal_mol,128-64-32,"(128, 64, 32)",3,0.0001,12704,225,12929,5,1756,438,48.68434218305629,195,0.003718000247032484,0.9675556414836186,0.9558788371651777,0.6210725751865641,1.1018812565632519
target_somo_somo_elst_corrected_signed_kcal_mol,128-64-32,"(128, 64, 32)",3,0.001,12704,225,12929,1,1755,439,37.7831645780243,96,0.007957445269876205,0.9640009348898189,0.9604166313812909,0.5994930022398013,0.9559998998419967
target_somo_somo_elst_corrected_signed_kcal_mol,128-64-32,"(128, 64, 32)",3,0.001,12704,225,12929,2,1755,439,41.51101396197919,163,0.006075794116780858,0.9748626876958039,0.9479633703452434,0.6488184723068487,1.1187871201835988
target_somo_somo_elst_corrected_signed_kcal_mol,128-64-32,"(128, 64, 32)",3,0.001,12704,225,12929,3,1755,439,38.340354082058184,112,0.007277084798066155,0.9574685223002322,0.948169304202698,0.6695416203256926,1.1917831329194992
target_somo_somo_elst_corrected_signed_kcal_mol,128-64-32,"(128, 64, 32)",3,0.001,12704,225,12929,4,1755,439,53.86736195010599,187,0.006224758651515724,0.9695822507707493,0.9479295879269236,0.6293195718470586,1.132034375372325
target_somo_somo_elst_corrected_signed_kcal_mol,128-64-32,"(128, 64, 32)",3,0.001,12704,225,12929,5,1756,438,36.74959352100268,143,0.008760661485285445,0.960814886061511,0.9561836550751664,0.6321716410803245,1.0980684007748935
target_somo_somo_elst_corrected_signed_kcal_mol,128-64-32,"(128, 64, 32)",3,0.01,12704,225,12929,1,1755,439,42.66590298502706,166,0.012607029732997663,0.9684003187683897,0.9622927356368395,0.5729276737947495,0.9330694801935295
target_somo_somo_elst_corrected_signed_kcal_mol,128-64-32,"(128, 64, 32)",3,0.01,12704,225,12929,2,1755,439,27.081189593998715,118,0.015654394990101645,0.9718775055387994,0.9538381267908033,0.6398031456338041,1.0537427263474333
target_somo_somo_elst_corrected_signed_kcal_mol,128-64-32,"(128, 64, 32)",3,0.01,12704,225,12929,3,1755,439,29.10215996997431,101,0.01647942089185087,0.9572778282663608,0.9480526273165728,0.7012089276764079,1.1931237996258424
target_somo_somo_elst_corrected_signed_kcal_mol,128-64-32,"(128, 64, 32)",3,0.01,12704,225,12929,4,1755,439,52.04976148100104,275,0.009814185230405812,0.9671496765959838,0.9323536563635939,0.6124889773895225,1.290286850299191
target_somo_somo_elst_corrected_signed_kcal_mol,128-64-32,"(128, 64, 32)",3,0.01,12704,225,12929,5,1756,438,48.78662614105269,216,0.011229917376532977,0.9676935773357305,0.9584032496962869,0.5984374023556804,1.0698946657541932
target_somo_somo_elst_corrected_signed_kcal_mol,64-64-32-16,"(64, 64, 32, 16)",4,0.0001,7888,177,8065,1,1755,439,41.78447215806227,199,0.007347671586754137,0.9495338606497592,0.958549446149783,0.5881229112075606,0.9782878062284336
target_somo_somo_elst_corrected_signed_kcal_mol,64-64-32-16,"(64, 64, 32, 16)",4,0.0001,7888,177,8065,2,1755,439,19.134494218975306,89,0.007193565469324431,0.9576293935971489,0.9441140644908281,0.712738387255921,1.1594289511194225
target_somo_somo_elst_corrected_signed_kcal_mol,64-64-32-16,"(64, 64, 32, 16)",4,0.0001,7888,177,8065,3,1755,439,17.703685420914553,85,0.0068340630521248474,0.9664661122755338,0.9497946585027325,0.6985295368971608,1.1729477806961144
target_somo_somo_elst_corrected_signed_kcal_mol,64-64-32-16,"(64, 64, 32, 16)",4,0.0001,7888,177,8065,4,1755,439,23.386714927037247,157,0.003982917414705999,0.9675514894494115,0.9358977577312569,0.7145857500177112,1.2560320406892986
target_somo_somo_elst_corrected_signed_kcal_mol,64-64-32-16,"(64, 64, 32, 16)",4,0.0001,7888,177,8065,5,1756,438,27.74128166306764,199,0.003774098041030626,0.9537890695451514,0.9522885187076603,0.631410558073192,1.1458368123940608
target_somo_somo_elst_corrected_signed_kcal_mol,64-64-32-16,"(64, 64, 32, 16)",4,0.001,7888,177,8065,1,1755,439,26.108083504019305,165,0.006097035130088324,0.9493806633806551,0.9556731549728706,0.6128658848567076,1.0116607066126786
target_somo_somo_elst_corrected_signed_kcal_mol,64-64-32-16,"(64, 64, 32, 16)",4,0.001,7888,177,8065,2,1755,439,18.50271580996923,89,0.008645879796587246,0.9571186380728774,0.9488558861189053,0.6395095816178038,1.1091510819213222
target_somo_somo_elst_corrected_signed_kcal_mol,64-64-32-16,"(64, 64, 32, 16)",4,0.001,7888,177,8065,3,1755,439,15.231806530966423,85,0.007958564696398633,0.9678685745911813,0.9484028654888708,0.701034333948205,1.1890948736921674
target_somo_somo_elst_corrected_signed_kcal_mol,64-64-32-16,"(64, 64, 32, 16)",4,0.001,7888,177,8065,4,1755,439,16.577716175932437,116,0.007230789438258528,0.9680581663762217,0.9318829966398573,0.7275066161878263,1.29476775316476
target_somo_somo_elst_corrected_signed_kcal_mol,64-64-32-16,"(64, 64, 32, 16)",4,0.001,7888,177,8065,5,1756,438,20.55511065700557,172,0.006060291335099304,0.9542002489089388,0.9509206353454206,0.6429453593152314,1.1621462539332394
target_somo_somo_elst_corrected_signed_kcal_mol,64-64-32-16,"(64, 64, 32, 16)",4,0.01,7888,177,8065,1,1755,439,12.471062856027856,165,0.014760081375463203,0.9466631567446514,0.9528779281516762,0.6206342783381511,1.0430704929595198
target_somo_somo_elst_corrected_signed_kcal_mol,64-64-32-16,"(64, 64, 32, 16)",4,0.01,7888,177,8065,2,1755,439,13.336669593001716,104,0.01826325815776328,0.9578397071155837,0.9508381343568266,0.6558880341790575,1.0874443864711452
target_somo_somo_elst_corrected_signed_kcal_mol,64-64-32-16,"(64, 64, 32, 16)",4,0.01,7888,177,8065,3,1755,439,8.67409548908472,85,0.017975067873781097,0.9674561590747678,0.9484706782487828,0.703808129789083,1.1883132186860117
target_somo_somo_elst_corrected_signed_kcal_mol,64-64-32-16,"(64, 64, 32, 16)",4,0.01,7888,177,8065,4,1755,439,10.666004622005858,217,0.011831384360839406,0.97576597270265,0.9425654655555562,0.6649510679744607,1.188914599519535
target_somo_somo_elst_corrected_signed_kcal_mol,64-64-32-16,"(64, 64, 32, 16)",4,0.01,7888,177,8065,5,1756,438,11.349605606053956,292,0.010702901401348629,0.9648769013847237,0.9631716331887292,0.5837102319441255,1.0067057534515225
