id,system,dimer_class,orca_index,xyz_file,target_spin_s2,bs_s2_filter_status,bs_s2_filter_reason,contact_min_cc_distance,mean_top10_closest_c_distances,n_interfragment_c_contacts_3p4,target_bs_interaction_energy_kcal_mol,target_triplet_interaction_energy_kcal_mol,target_singlet_triplet_gap_kcal_mol,target_somo_somo_raw_signed_kcal_mol,target_somo_somo_elst_corrected_signed_kcal_mol
phenalenyl_orca_0,phenalenyl,homodimer,0,/home/rb1820/BLA-ML/phenalenyl/orca_0/str_0.xyz,0.0,LOW_S2_INCLUDED_NO_FILTER,diagnostic only: final BS <S^2> below 0.10; retained in no-S2-filter workflow,2.731058901580892,2.854568808524971,49.0,-8.978744790893918,27.782453599887152,36.76119839078107,-36.76119839078107,-36.65800764218112
phenalenyl_orca_1,phenalenyl,homodimer,1,/home/rb1820/BLA-ML/phenalenyl/orca_1/str_1.xyz,0.0,LOW_S2_INCLUDED_NO_FILTER,diagnostic only: final BS <S^2> below 0.10; retained in no-S2-filter workflow,2.66243410429437,2.840963158719126,49.0,-8.734966327327829,28.42430024729006,37.15926657461789,-37.15926657461789,-37.055348228210846
phenalenyl_orca_2,phenalenyl,homodimer,2,/home/rb1820/BLA-ML/phenalenyl/orca_2/str_2.xyz,0.0,LOW_S2_INCLUDED_NO_FILTER,diagnostic only: final BS <S^2> below 0.10; retained in no-S2-filter workflow,2.651359311074558,2.8575859565403983,49.0,-9.511850651611658,25.453708569746077,34.965559221357736,-34.965559221357736,-34.88079831388886
phenalenyl_orca_3,phenalenyl,homodimer,3,/home/rb1820/BLA-ML/phenalenyl/orca_3/str_3.xyz,0.0,LOW_S2_INCLUDED_NO_FILTER,diagnostic only: final BS <S^2> below 0.10; retained in no-S2-filter workflow,2.592702339714882,2.8329062590030416,49.0,-8.41036393882874,28.79556780831959,37.20593174714833,-37.20593174714833,-37.080931494051185
phenalenyl_orca_4,phenalenyl,homodimer,4,/home/rb1820/BLA-ML/phenalenyl/orca_4/str_4.xyz,0.0,LOW_S2_INCLUDED_NO_FILTER,diagnostic only: final BS <S^2> below 0.10; retained in no-S2-filter workflow,2.2308485309590247,2.751398015634103,49.0,-5.65740655419269,41.92433712339463,47.58174367758732,-47.58174367758732,-47.54378325339384
phenalenyl_orca_5,phenalenyl,homodimer,5,/home/rb1820/BLA-ML/phenalenyl/orca_5/str_5.xyz,0.0,LOW_S2_INCLUDED_NO_FILTER,diagnostic only: final BS <S^2> below 0.10; retained in no-S2-filter workflow,2.1628860959825342,2.7318324114475407,49.0,-5.024369157742871,46.02087128547936,51.04524044322223,-51.04524044322223,-50.994526824201856
phenalenyl_orca_7,phenalenyl,homodimer,7,/home/rb1820/BLA-ML/phenalenyl/orca_7/str_7.xyz,0.0,LOW_S2_INCLUDED_NO_FILTER,diagnostic only: final BS <S^2> below 0.10; retained in no-S2-filter workflow,2.5461740709916607,2.871988537895356,31.0,-6.328606618164598,19.442860557925133,25.771467176089732,-25.771467176089732,-25.733522072743227
phenalenyl_orca_8,phenalenyl,homodimer,8,/home/rb1820/BLA-ML/phenalenyl/orca_8/str_8.xyz,0.0,LOW_S2_INCLUDED_NO_FILTER,diagnostic only: final BS <S^2> below 0.10; retained in no-S2-filter workflow,2.490781135755427,2.8687395714195523,28.0,-6.120655072644532,17.952849082731476,24.073504155376007,-24.073504155376007,-24.018197358902242
phenalenyl_orca_10,phenalenyl,homodimer,10,/home/rb1820/BLA-ML/phenalenyl/orca_10/str_10.xyz,0.0,LOW_S2_INCLUDED_NO_FILTER,diagnostic only: final BS <S^2> below 0.10; retained in no-S2-filter workflow,2.491803058349278,2.86378996393281,28.0,-4.79644351688372,18.171026572301066,22.967470089184786,-22.967470089184786,-22.935272112635396
phenalenyl_orca_12,phenalenyl,homodimer,12,/home/rb1820/BLA-ML/phenalenyl/orca_12/str_12.xyz,0.001183,LOW_S2_INCLUDED_NO_FILTER,diagnostic only: final BS <S^2> below 0.10; retained in no-S2-filter workflow,2.54378333307532,2.8975893062375464,26.0,-4.76079477012154,15.972330903922002,20.733125674043542,-20.733125674043542,-20.72477579721457
phenalenyl_orca_16,phenalenyl,homodimer,16,/home/rb1820/BLA-ML/phenalenyl/orca_16/str_16.xyz,1e-06,LOW_S2_INCLUDED_NO_FILTER,diagnostic only: final BS <S^2> below 0.10; retained in no-S2-filter workflow,2.484106694342851,2.8679622629864667,26.0,-2.875231199503737,18.547746829798776,21.422978029302513,-21.422978029302513,-21.41031683941936
phenalenyl_orca_19,phenalenyl,homodimer,19,/home/rb1820/BLA-ML/phenalenyl/orca_19/str_19.xyz,0.00059,LOW_S2_INCLUDED_NO_FILTER,diagnostic only: final BS <S^2> below 0.10; retained in no-S2-filter workflow,2.463645797317012,2.8595922308790533,24.0,-2.1152005108779037,18.599947475453305,20.715147986331207,-20.71514798633121,-20.75251798073182
phenalenyl_orca_22,phenalenyl,homodimer,22,/home/rb1820/BLA-ML/phenalenyl/orca_22/str_22.xyz,0.0,LOW_S2_INCLUDED_NO_FILTER,diagnostic only: final BS <S^2> below 0.10; retained in no-S2-filter workflow,2.1536006489981365,2.7844741191094187,22.0,-0.6018092104974495,34.54058997744835,35.1423991879458,-35.1423991879458,-35.03989513726926
phenalenyl_orca_25,phenalenyl,homodimer,25,/home/rb1820/BLA-ML/phenalenyl/orca_25/str_25.xyz,0.0,LOW_S2_INCLUDED_NO_FILTER,diagnostic only: final BS <S^2> below 0.10; retained in no-S2-filter workflow,2.181169359714889,2.814153087625897,21.0,1.7403601191909432,28.180494786976706,26.440134667785763,-26.440134667785763,-26.561780845182348
phenalenyl_orca_27,phenalenyl,homodimer,27,/home/rb1820/BLA-ML/phenalenyl/orca_27/str_27.xyz,0.0,LOW_S2_INCLUDED_NO_FILTER,diagnostic only: final BS <S^2> below 0.10; retained in no-S2-filter workflow,2.231237710319139,2.8482180256419087,18.0,1.8573555909946478,24.445884622009114,22.588529031014467,-22.588529031014467,-22.748866039470258
phenalenyl_orca_29,phenalenyl,homodimer,29,/home/rb1820/BLA-ML/phenalenyl/orca_29/str_29.xyz,0.0,LOW_S2_INCLUDED_NO_FILTER,diagnostic only: final BS <S^2> below 0.10; retained in no-S2-filter workflow,2.261418782183135,2.866719316296278,18.0,2.1471812607126752,22.36878842980682,20.221607169094145,-20.221607169094145,-20.372077171177146
phenalenyl_orca_60,phenalenyl,homodimer,60,/home/rb1820/BLA-ML/phenalenyl/orca_60/str_60.xyz,0.064931,LOW_S2_INCLUDED_NO_FILTER,diagnostic only: final BS <S^2> below 0.10; retained in no-S2-filter workflow,2.393356138705625,2.795425990407756,18.0,6.572819471426298,25.15901092897186,18.58619145754556,-18.58619145754556,-17.743910870942106
olympicenyl_orca_15,olympicenyl,homodimer,15,/home/rb1820/BLA-ML/olympicenyl/orca_15/str_15.xyz,0.0,LOW_S2_INCLUDED_NO_FILTER,diagnostic only: final BS <S^2> below 0.10; retained in no-S2-filter workflow,2.808484752641041,2.883316349156874,75.0,-10.665301891417869,13.480897583688812,24.14619947510668,-24.14619947510668,-24.394669116540854
olympicenyl_orca_16,olympicenyl,homodimer,16,/home/rb1820/BLA-ML/olympicenyl/orca_16/str_16.xyz,0.0,LOW_S2_INCLUDED_NO_FILTER,diagnostic only: final BS <S^2> below 0.10; retained in no-S2-filter workflow,2.7431190598255584,2.875632024897772,75.0,-10.139350110654702,14.669644259763826,24.808994370418528,-24.808994370418528,-25.07062464635895
olympicenyl_orca_17,olympicenyl,homodimer,17,/home/rb1820/BLA-ML/olympicenyl/orca_17/str_17.xyz,0.0,LOW_S2_INCLUDED_NO_FILTER,diagnostic only: final BS <S^2> below 0.10; retained in no-S2-filter workflow,2.778687096491603,2.915538956832645,75.0,-11.798916574647935,10.120606728869843,21.919523303517778,-21.919523303517778,-22.234156648169566
olympicenyl_orca_18,olympicenyl,homodimer,18,/home/rb1820/BLA-ML/olympicenyl/orca_18/str_18.xyz,0.0,LOW_S2_INCLUDED_NO_FILTER,diagnostic only: final BS <S^2> below 0.10; retained in no-S2-filter workflow,2.744461875184677,2.927941106278525,75.0,-11.762270791437397,10.056091274460485,21.818362065897883,-21.81836206589788,-22.011494476559786
olympicenyl_orca_19,olympicenyl,homodimer,19,/home/rb1820/BLA-ML/olympicenyl/orca_19/str_19.xyz,0.0,LOW_S2_INCLUDED_NO_FILTER,diagnostic only: final BS <S^2> below 0.10; retained in no-S2-filter workflow,2.700216385277768,2.9329085539933373,66.0,-10.882964914838583,10.433545662766385,21.316510577604966,-21.316510577604966,-21.563863873345618
olympicenyl_orca_20,olympicenyl,homodimer,20,/home/rb1820/BLA-ML/olympicenyl/orca_20/str_20.xyz,0.0,LOW_S2_INCLUDED_NO_FILTER,diagnostic only: final BS <S^2> below 0.10; retained in no-S2-filter workflow,2.7745841141123404,2.955300851508201,67.0,-11.340332673590842,8.637719584531627,19.978052258122467,-19.978052258122467,-20.10384721368949
olympicenyl_orca_21,olympicenyl,homodimer,21,/home/rb1820/BLA-ML/olympicenyl/orca_21/str_21.xyz,0.0,LOW_S2_INCLUDED_NO_FILTER,diagnostic only: final BS <S^2> below 0.10; retained in no-S2-filter workflow,2.672696288046849,2.9268369451969463,60.0,-10.344597784969627,10.468744171462621,20.813341956432247,-20.813341956432247,-21.09452918006733
olympicenyl_orca_22,olympicenyl,homodimer,22,/home/rb1820/BLA-ML/olympicenyl/orca_22/str_22.xyz,0.0,LOW_S2_INCLUDED_NO_FILTER,diagnostic only: final BS <S^2> below 0.10; retained in no-S2-filter workflow,2.671235439114174,2.9356214683751736,57.0,-10.330681805488066,9.574692313611827,19.905374119099893,-19.905374119099893,-20.181967071317466
olympicenyl_orca_23,olympicenyl,homodimer,23,/home/rb1820/BLA-ML/olympicenyl/orca_23/str_23.xyz,0.0,LOW_S2_INCLUDED_NO_FILTER,diagnostic only: final BS <S^2> below 0.10; retained in no-S2-filter workflow,2.561759031341036,2.852084419506116,49.0,-9.038775252593386,16.910942987019794,25.94971823961318,-25.94971823961318,-25.502773815194296
olympicenyl_orca_26,olympicenyl,homodimer,26,/home/rb1820/BLA-ML/olympicenyl/orca_26/str_26.xyz,0.0,LOW_S2_INCLUDED_NO_FILTER,diagnostic only: final BS <S^2> below 0.10; retained in no-S2-filter workflow,2.5445224073579307,2.849587044041344,50.0,-8.502375765310052,17.71771224160997,26.220088006920022,-26.220088006920022,-25.785244590941886
olympicenyl_orca_28,olympicenyl,homodimer,28,/home/rb1820/BLA-ML/olympicenyl/orca_28/str_28.xyz,0.0,LOW_S2_INCLUDED_NO_FILTER,diagnostic only: final BS <S^2> below 0.10; retained in no-S2-filter workflow,2.456306373979531,2.831572347962952,48.0,-8.857185869477922,18.73137195839142,27.58855782786934,-27.588557827869344,-27.17495853331416
olympicenyl_orca_30,olympicenyl,homodimer,30,/home/rb1820/BLA-ML/olympicenyl/orca_30/str_30.xyz,0.0,LOW_S2_INCLUDED_NO_FILTER,diagnostic only: final BS <S^2> below 0.10; retained in no-S2-filter workflow,2.576544647574566,2.913049258783865,50.0,-9.159658748032115,11.194209682244765,20.35386843027688,-20.35386843027688,-20.562569641143703
olympicenyl_orca_31,olympicenyl,homodimer,31,/home/rb1820/BLA-ML/olympicenyl/orca_31/str_31.xyz,0.0,LOW_S2_INCLUDED_NO_FILTER,diagnostic only: final BS <S^2> below 0.10; retained in no-S2-filter workflow,2.466547957335496,2.838884616059874,47.0,-8.161302828139865,17.412278648575594,25.57358147671546,-25.57358147671546,-25.22106726113157
olympicenyl_orca_34,olympicenyl,homodimer,34,/home/rb1820/BLA-ML/olympicenyl/orca_34/str_34.xyz,0.0,LOW_S2_INCLUDED_NO_FILTER,diagnostic only: final BS <S^2> below 0.10; retained in no-S2-filter workflow,2.4168424116405367,2.815207924936733,45.0,-8.30045473080177,18.863347970738065,27.163802701539836,-27.163802701539836,-26.691424130152086
olympicenyl_orca_37,olympicenyl,homodimer,37,/home/rb1820/BLA-ML/olympicenyl/orca_37/str_37.xyz,0.0,LOW_S2_INCLUDED_NO_FILTER,diagnostic only: final BS <S^2> below 0.10; retained in no-S2-filter workflow,2.5701324897146955,2.860810459295553,47.0,-7.841594345973238,16.875876727899605,24.717471073872844,-24.717471073872844,-24.385800683260385
olympicenyl_orca_40,olympicenyl,homodimer,40,/home/rb1820/BLA-ML/olympicenyl/orca_40/str_40.xyz,0.0,LOW_S2_INCLUDED_NO_FILTER,diagnostic only: final BS <S^2> below 0.10; retained in no-S2-filter workflow,2.600044208446803,2.8465736368522,43.0,-4.747536132536201,15.579122496141645,20.326658628677844,-20.326658628677848,-20.46021265634713
olympicenyl_orca_42,olympicenyl,homodimer,42,/home/rb1820/BLA-ML/olympicenyl/orca_42/str_42.xyz,0.0,LOW_S2_INCLUDED_NO_FILTER,diagnostic only: final BS <S^2> below 0.10; retained in no-S2-filter workflow,2.5805100917725707,2.857564824607116,44.0,-5.863099005458309,14.88137790342935,20.74447690888766,-20.74447690888766,-20.150376184325008
olympicenyl_orca_43,olympicenyl,homodimer,43,/home/rb1820/BLA-ML/olympicenyl/orca_43/str_43.xyz,0.074586,LOW_S2_INCLUDED_NO_FILTER,diagnostic only: final BS <S^2> below 0.10; retained in no-S2-filter workflow,2.6429274970728542,2.902075217323433,43.0,-4.706636224084102,12.835872805983607,17.54250903006771,-17.54250903006771,-17.678425648354704
olympicenyl_orca_83,olympicenyl,homodimer,83,/home/rb1820/BLA-ML/olympicenyl/orca_83/str_83.xyz,0.0,LOW_S2_INCLUDED_NO_FILTER,diagnostic only: final BS <S^2> below 0.10; retained in no-S2-filter workflow,2.523122069751296,2.804414823405296,48.0,3.8461940244748254,24.898391617151272,21.05219759267645,-21.052197592676446,-21.084782288329286
fluorenyl_orca_0,fluorenyl,homodimer,0,/home/rb1820/BLA-ML/fluorenyl/orca_0/str_0.xyz,0.0,LOW_S2_INCLUDED_NO_FILTER,diagnostic only: final BS <S^2> below 0.10; retained in no-S2-filter workflow,2.417262730266587,2.7868758156400526,33.0,-3.472244200067811,24.921103475411986,28.393347675479795,-28.393347675479795,-27.676294952669252
fluorenyl_orca_1,fluorenyl,homodimer,1,/home/rb1820/BLA-ML/fluorenyl/orca_1/str_1.xyz,0.0,LOW_S2_INCLUDED_NO_FILTER,diagnostic only: final BS <S^2> below 0.10; retained in no-S2-filter workflow,2.470312014766632,2.826585175438576,31.0,-0.5394455124008699,23.470330753708964,24.009776266109835,-24.009776266109835,-23.584042506404142
fluorenyl_orca_2,fluorenyl,homodimer,2,/home/rb1820/BLA-ML/fluorenyl/orca_2/str_2.xyz,0.0,LOW_S2_INCLUDED_NO_FILTER,diagnostic only: final BS <S^2> below 0.10; retained in no-S2-filter workflow,2.382169419843303,2.739969134645608,42.0,4.990063091130421,25.488610749572597,20.498547658442178,-20.498547658442178,-20.611183958434157
fluorenyl_orca_7,fluorenyl,homodimer,7,/home/rb1820/BLA-ML/fluorenyl/orca_7/str_7.xyz,0.0,LOW_S2_INCLUDED_NO_FILTER,diagnostic only: final BS <S^2> below 0.10; retained in no-S2-filter workflow,2.314158087868262,2.7499864953393227,24.0,4.4736166186292605,27.751102488012204,23.277485869382943,-23.277485869382943,-23.690976450041816
phenalenyl_olympicenyl_orca_0,phenalenyl_olympicenyl,crossdimer,0,/home/rb1820/BLA-ML/CrossDimers/phenalenyl_olympicenyl/orca_0/str_0.xyz,0.0,LOW_S2_INCLUDED_NO_FILTER,diagnostic only: final BS <S^2> below 0.10; retained in no-S2-filter workflow,2.412530320206596,2.817941677403767,51.0,-7.809978325171717,23.900145855967203,31.71012418113892,-31.71012418113892,-31.425875863777716
phenalenyl_olympicenyl_orca_1,phenalenyl_olympicenyl,crossdimer,1,/home/rb1820/BLA-ML/CrossDimers/phenalenyl_olympicenyl/orca_1/str_1.xyz,0.0,LOW_S2_INCLUDED_NO_FILTER,diagnostic only: final BS <S^2> below 0.10; retained in no-S2-filter workflow,2.4928400059048483,2.8366809596562863,49.0,-7.780377620906076,21.63054215745258,29.410919778358657,-29.410919778358657,-29.05811257503047
phenalenyl_olympicenyl_orca_2,phenalenyl_olympicenyl,crossdimer,2,/home/rb1820/BLA-ML/CrossDimers/phenalenyl_olympicenyl/orca_2/str_2.xyz,0.0,LOW_S2_INCLUDED_NO_FILTER,diagnostic only: final BS <S^2> below 0.10; retained in no-S2-filter workflow,2.5653423194007927,2.861664895194759,52.0,-8.078153596630743,18.613803347140003,26.691956943770748,-26.691956943770748,-26.334736437494026
phenalenyl_olympicenyl_orca_3,phenalenyl_olympicenyl,crossdimer,3,/home/rb1820/BLA-ML/CrossDimers/phenalenyl_olympicenyl/orca_3/str_3.xyz,0.0,LOW_S2_INCLUDED_NO_FILTER,diagnostic only: final BS <S^2> below 0.10; retained in no-S2-filter workflow,2.524317696713913,2.85377556187983,49.0,-7.740283361178834,20.21257343349519,27.952856794674023,-27.952856794674027,-27.742610018862464
phenalenyl_olympicenyl_orca_4,phenalenyl_olympicenyl,crossdimer,4,/home/rb1820/BLA-ML/CrossDimers/phenalenyl_olympicenyl/orca_4/str_4.xyz,0.0,LOW_S2_INCLUDED_NO_FILTER,diagnostic only: final BS <S^2> below 0.10; retained in no-S2-filter workflow,2.1499501150142954,2.743523322027093,41.0,-4.267261452171177,31.741268058703522,36.0085295108747,-36.0085295108747,-35.717289756893
phenalenyl_olympicenyl_orca_5,phenalenyl_olympicenyl,crossdimer,5,/home/rb1820/BLA-ML/CrossDimers/phenalenyl_olympicenyl/orca_5/str_5.xyz,0.0,LOW_S2_INCLUDED_NO_FILTER,diagnostic only: final BS <S^2> below 0.10; retained in no-S2-filter workflow,2.136227729093056,2.726058009926186,48.0,-4.2037998190079735,37.93086487135351,42.13466469036149,-42.13466469036149,-41.97148496913667
phenalenyl_olympicenyl_orca_6,phenalenyl_olympicenyl,crossdimer,6,/home/rb1820/BLA-ML/CrossDimers/phenalenyl_olympicenyl/orca_6/str_6.xyz,0.0,LOW_S2_INCLUDED_NO_FILTER,diagnostic only: final BS <S^2> below 0.10; retained in no-S2-filter workflow,2.15936688085707,2.743812367458978,36.0,-3.410929743573834,30.132509272311726,33.54343901588556,-33.54343901588556,-33.18395740338403
phenalenyl_olympicenyl_orca_7,phenalenyl_olympicenyl,crossdimer,7,/home/rb1820/BLA-ML/CrossDimers/phenalenyl_olympicenyl/orca_7/str_7.xyz,0.0,LOW_S2_INCLUDED_NO_FILTER,diagnostic only: final BS <S^2> below 0.10; retained in no-S2-filter workflow,2.183383577327912,2.7523586559121034,36.0,-2.9679366247897865,28.576798234652035,31.54473485944182,-31.54473485944182,-31.293762726150398
phenalenyl_olympicenyl_orca_8,phenalenyl_olympicenyl,crossdimer,8,/home/rb1820/BLA-ML/CrossDimers/phenalenyl_olympicenyl/orca_8/str_8.xyz,0.0,LOW_S2_INCLUDED_NO_FILTER,diagnostic only: final BS <S^2> below 0.10; retained in no-S2-filter workflow,2.1869402751443907,2.748019117404062,35.0,-1.9012511438481439,28.274875980135914,30.17612712398406,-30.176127123984056,-29.903548909431898
phenalenyl_olympicenyl_orca_9,phenalenyl_olympicenyl,crossdimer,9,/home/rb1820/BLA-ML/CrossDimers/phenalenyl_olympicenyl/orca_9/str_9.xyz,0.0,LOW_S2_INCLUDED_NO_FILTER,diagnostic only: final BS <S^2> below 0.10; retained in no-S2-filter workflow,2.232973308914441,2.7720520206496078,32.0,-1.2922319560625513,24.100008166238176,25.392240122300727,-25.392240122300727,-25.06051350808229
phenalenyl_olympicenyl_orca_11,phenalenyl_olympicenyl,crossdimer,11,/home/rb1820/BLA-ML/CrossDimers/phenalenyl_olympicenyl/orca_11/str_11.xyz,0.0,LOW_S2_INCLUDED_NO_FILTER,diagnostic only: final BS <S^2> below 0.10; retained in no-S2-filter workflow,2.266441680505996,2.789346941093514,32.0,-0.3230360107216065,21.622466444333195,21.9455024550548,-21.9455024550548,-21.5791196809554
phenalenyl_olympicenyl_orca_12,phenalenyl_olympicenyl,crossdimer,12,/home/rb1820/BLA-ML/CrossDimers/phenalenyl_olympicenyl/orca_12/str_12.xyz,0.0,LOW_S2_INCLUDED_NO_FILTER,diagnostic only: final BS <S^2> below 0.10; retained in no-S2-filter workflow,2.30494149981928,2.8093700173783445,29.0,0.17741917603423638,18.634882525485043,18.457463349450805,-18.45746334945081,-18.05750634152878
