scheme,model_family,target,system,n,model_r2,model_mae
five_fold_cv,extra_trees,target_fodft_coupling_abs_ev,CPBP,793,0.9083816664670583,0.04076664635105933
five_fold_cv,extra_trees,target_fodft_coupling_abs_ev,fluorenyl,367,0.9373976066023035,0.02664821273390048
five_fold_cv,extra_trees,target_fodft_coupling_abs_ev,olympicenyl,532,0.9342391602994555,0.03961339670303079
five_fold_cv,extra_trees,target_fodft_coupling_abs_ev,phenalenyl,252,0.9645691431470265,0.032721143158345074
five_fold_cv,extra_trees,target_fodft_coupling_abs_ev,phenalenyl_olympicenyl,638,0.9538367213147778,0.03140053652449365
five_fold_cv,extra_trees,target_frontier_gap_ev,CPBP,793,0.465714090939662,0.03346468939890728
five_fold_cv,extra_trees,target_frontier_gap_ev,fluorenyl,367,0.7398704395990874,0.04418642079667856
five_fold_cv,extra_trees,target_frontier_gap_ev,olympicenyl,532,0.8030378694111099,0.029671293439849825
five_fold_cv,extra_trees,target_frontier_gap_ev,phenalenyl,252,0.8246739855093663,0.03756488133597955
five_fold_cv,extra_trees,target_frontier_gap_ev,phenalenyl_olympicenyl,638,0.7533172780066988,0.038996431915211356
five_fold_cv,extra_trees,target_interaction_energy_kcal_mol,CPBP,793,0.857864453503534,0.7824200304641242
five_fold_cv,extra_trees,target_interaction_energy_kcal_mol,fluorenyl,367,0.8361830257394647,0.6715987297293907
five_fold_cv,extra_trees,target_interaction_energy_kcal_mol,olympicenyl,532,0.8250043400439689,0.8768100794791498
five_fold_cv,extra_trees,target_interaction_energy_kcal_mol,phenalenyl,252,0.8679164936126502,0.8801547740458379
five_fold_cv,extra_trees,target_interaction_energy_kcal_mol,phenalenyl_olympicenyl,638,0.8944543068061276,0.6885256268838216
five_fold_cv,extra_trees,target_somo_somo_elst_corrected_signed_kcal_mol,CPBP,793,0.9401199714741861,0.5781159595982694
five_fold_cv,extra_trees,target_somo_somo_elst_corrected_signed_kcal_mol,fluorenyl,367,0.9055536302472313,0.37202915852928337
five_fold_cv,extra_trees,target_somo_somo_elst_corrected_signed_kcal_mol,olympicenyl,532,0.9676297660041316,0.5582637765667559
five_fold_cv,extra_trees,target_somo_somo_elst_corrected_signed_kcal_mol,phenalenyl,252,0.969311493781501,0.6337069457411093
five_fold_cv,extra_trees,target_somo_somo_elst_corrected_signed_kcal_mol,phenalenyl_olympicenyl,638,0.9640158455666896,0.4539347613484604
five_fold_cv,mlp,target_fodft_coupling_abs_ev,CPBP,793,0.8999038618572439,0.045138514317475925
five_fold_cv,mlp,target_fodft_coupling_abs_ev,fluorenyl,367,0.9262996992438823,0.03458110116832919
five_fold_cv,mlp,target_fodft_coupling_abs_ev,olympicenyl,532,0.9278062787042143,0.04337149804955349
five_fold_cv,mlp,target_fodft_coupling_abs_ev,phenalenyl,252,0.9651848190112603,0.038670455643147805
five_fold_cv,mlp,target_fodft_coupling_abs_ev,phenalenyl_olympicenyl,638,0.9397899337196656,0.03648110348376758
five_fold_cv,mlp,target_frontier_gap_ev,CPBP,793,0.11466680452738298,0.04407385198104914
five_fold_cv,mlp,target_frontier_gap_ev,fluorenyl,367,0.5565010003091744,0.05951821116237948
five_fold_cv,mlp,target_frontier_gap_ev,olympicenyl,532,0.6841441963955706,0.0381171900754019
five_fold_cv,mlp,target_frontier_gap_ev,phenalenyl,252,0.8589766931904536,0.04761985807605932
five_fold_cv,mlp,target_frontier_gap_ev,phenalenyl_olympicenyl,638,0.7236664468462928,0.04698920226678831
five_fold_cv,mlp,target_interaction_energy_kcal_mol,CPBP,793,0.8268483529037867,0.9316703850926388
five_fold_cv,mlp,target_interaction_energy_kcal_mol,fluorenyl,367,0.7681506121111652,0.8169573156998247
five_fold_cv,mlp,target_interaction_energy_kcal_mol,olympicenyl,532,0.8002985572564827,0.9283679893944609
five_fold_cv,mlp,target_interaction_energy_kcal_mol,phenalenyl,252,0.8467709133565751,0.953478099152449
five_fold_cv,mlp,target_interaction_energy_kcal_mol,phenalenyl_olympicenyl,638,0.8659608619493232,0.7301639117972879
five_fold_cv,mlp,target_somo_somo_elst_corrected_signed_kcal_mol,CPBP,793,0.9162797529483826,0.7451957227307595
five_fold_cv,mlp,target_somo_somo_elst_corrected_signed_kcal_mol,fluorenyl,367,0.9021721725327774,0.5134449115732949
five_fold_cv,mlp,target_somo_somo_elst_corrected_signed_kcal_mol,olympicenyl,532,0.9635960563794772,0.6295423134066866
five_fold_cv,mlp,target_somo_somo_elst_corrected_signed_kcal_mol,phenalenyl,252,0.9716079372549397,0.7627972224758138
five_fold_cv,mlp,target_somo_somo_elst_corrected_signed_kcal_mol,phenalenyl_olympicenyl,638,0.9750128717876484,0.48069326170874
geometry_clustered,extra_trees,target_fodft_coupling_abs_ev,CPBP,119,0.8068828407158329,0.05584198803228608
geometry_clustered,extra_trees,target_fodft_coupling_abs_ev,fluorenyl,55,0.9192939520365242,0.038752396612262596
geometry_clustered,extra_trees,target_fodft_coupling_abs_ev,olympicenyl,80,0.8019188832756514,0.09497320059323984
geometry_clustered,extra_trees,target_fodft_coupling_abs_ev,phenalenyl,38,0.7730774122464609,0.13758298179724754
geometry_clustered,extra_trees,target_fodft_coupling_abs_ev,phenalenyl_olympicenyl,96,0.843596799611836,0.03521129349109651
geometry_clustered,extra_trees,target_frontier_gap_ev,CPBP,119,0.15168242739896998,0.047103322472989054
geometry_clustered,extra_trees,target_frontier_gap_ev,fluorenyl,55,-0.44812254126115514,0.07448772606060813
geometry_clustered,extra_trees,target_frontier_gap_ev,olympicenyl,80,0.4206359909213385,0.03948717025000295
geometry_clustered,extra_trees,target_frontier_gap_ev,phenalenyl,38,0.13594065127204324,0.17216217763158195
geometry_clustered,extra_trees,target_frontier_gap_ev,phenalenyl_olympicenyl,96,0.25788001729221,0.0590604285416676
geometry_clustered,extra_trees,target_interaction_energy_kcal_mol,CPBP,119,0.23488845456067353,1.2706893929773575
geometry_clustered,extra_trees,target_interaction_energy_kcal_mol,fluorenyl,55,0.79284930292717,1.0240708725527428
geometry_clustered,extra_trees,target_interaction_energy_kcal_mol,olympicenyl,80,0.5600217390073565,1.7721088315414684
geometry_clustered,extra_trees,target_interaction_energy_kcal_mol,phenalenyl,38,0.5909004753432568,2.3002819464475412
geometry_clustered,extra_trees,target_interaction_energy_kcal_mol,phenalenyl_olympicenyl,96,0.7860549525221208,0.8189404399293005
geometry_clustered,extra_trees,target_somo_somo_elst_corrected_signed_kcal_mol,CPBP,119,0.8666122605259499,1.060330206861891
geometry_clustered,extra_trees,target_somo_somo_elst_corrected_signed_kcal_mol,fluorenyl,55,0.9140127203820829,0.7048982263947559
geometry_clustered,extra_trees,target_somo_somo_elst_corrected_signed_kcal_mol,olympicenyl,80,0.7944984565825546,1.9988193408753054
geometry_clustered,extra_trees,target_somo_somo_elst_corrected_signed_kcal_mol,phenalenyl,38,0.735510441801394,3.9378327549059846
geometry_clustered,extra_trees,target_somo_somo_elst_corrected_signed_kcal_mol,phenalenyl_olympicenyl,96,0.9203695745488049,0.2938521438739758
geometry_clustered,mlp,target_fodft_coupling_abs_ev,CPBP,119,0.724906798152475,0.06916128223358184
geometry_clustered,mlp,target_fodft_coupling_abs_ev,fluorenyl,55,0.8220553084232,0.06303686547193153
geometry_clustered,mlp,target_fodft_coupling_abs_ev,olympicenyl,80,0.8209531551699623,0.0996944494316248
geometry_clustered,mlp,target_fodft_coupling_abs_ev,phenalenyl,38,0.9401256327729384,0.091334570362219
geometry_clustered,mlp,target_fodft_coupling_abs_ev,phenalenyl_olympicenyl,96,0.7999150833891272,0.043458297365686405
geometry_clustered,mlp,target_frontier_gap_ev,CPBP,119,-0.21382864836084647,0.05521774535359644
geometry_clustered,mlp,target_frontier_gap_ev,fluorenyl,55,-1.5408096837626863,0.10462982144464184
geometry_clustered,mlp,target_frontier_gap_ev,olympicenyl,80,0.25620579864117143,0.047321581250308394
geometry_clustered,mlp,target_frontier_gap_ev,phenalenyl,38,0.39753497119908676,0.14377571165382808
geometry_clustered,mlp,target_frontier_gap_ev,phenalenyl_olympicenyl,96,0.3601759710745771,0.054040628609880716
geometry_clustered,mlp,target_interaction_energy_kcal_mol,CPBP,119,0.058784034936111174,1.4659327608560664
geometry_clustered,mlp,target_interaction_energy_kcal_mol,fluorenyl,55,0.5279684214095479,1.4681795752587412
geometry_clustered,mlp,target_interaction_energy_kcal_mol,olympicenyl,80,0.7103700857683133,1.380231835867106
geometry_clustered,mlp,target_interaction_energy_kcal_mol,phenalenyl,38,0.6158358815688563,2.3155773853702577
geometry_clustered,mlp,target_interaction_energy_kcal_mol,phenalenyl_olympicenyl,96,0.7985746080344853,0.7830186237728802
geometry_clustered,mlp,target_somo_somo_elst_corrected_signed_kcal_mol,CPBP,119,0.701516555904464,1.4299832537856827
geometry_clustered,mlp,target_somo_somo_elst_corrected_signed_kcal_mol,fluorenyl,55,0.8632135340275112,0.8668563737803041
geometry_clustered,mlp,target_somo_somo_elst_corrected_signed_kcal_mol,olympicenyl,80,0.896150840874643,1.409013928687583
geometry_clustered,mlp,target_somo_somo_elst_corrected_signed_kcal_mol,phenalenyl,38,0.8882758783751765,2.759469104305941
geometry_clustered,mlp,target_somo_somo_elst_corrected_signed_kcal_mol,phenalenyl_olympicenyl,96,0.9210331466087419,0.3577349443109199
random,extra_trees,target_fodft_coupling_abs_ev,CPBP,119,0.9424746496966908,0.034878745406887963
random,extra_trees,target_fodft_coupling_abs_ev,fluorenyl,55,0.9392275655559851,0.03363254145224214
random,extra_trees,target_fodft_coupling_abs_ev,olympicenyl,80,0.9524705340729226,0.035900680431111144
random,extra_trees,target_fodft_coupling_abs_ev,phenalenyl,38,0.9813688336555252,0.034081608884707654
random,extra_trees,target_fodft_coupling_abs_ev,phenalenyl_olympicenyl,96,0.9597502936273148,0.02991878597918954
random,extra_trees,target_frontier_gap_ev,CPBP,119,0.49446697492516556,0.03132024288515463
random,extra_trees,target_frontier_gap_ev,fluorenyl,55,0.5906740380057167,0.04898523545454441
random,extra_trees,target_frontier_gap_ev,olympicenyl,80,0.8120325202280952,0.031631098333332906
random,extra_trees,target_frontier_gap_ev,phenalenyl,38,0.8345359190546379,0.04834439447368393
random,extra_trees,target_frontier_gap_ev,phenalenyl_olympicenyl,96,0.8125543924254424,0.03469808437499948
random,extra_trees,target_interaction_energy_kcal_mol,CPBP,119,0.8814508769317779,0.7982774579343097
random,extra_trees,target_interaction_energy_kcal_mol,fluorenyl,55,0.75320611185846,0.8744345846112256
random,extra_trees,target_interaction_energy_kcal_mol,olympicenyl,80,0.861593363168718,0.87205417736597
random,extra_trees,target_interaction_energy_kcal_mol,phenalenyl,38,0.8250412613235265,0.9482346702019185
random,extra_trees,target_interaction_energy_kcal_mol,phenalenyl_olympicenyl,96,0.9176486328980138,0.6501691567966108
random,extra_trees,target_somo_somo_elst_corrected_signed_kcal_mol,CPBP,119,0.9595375294415192,0.5008505990409494
random,extra_trees,target_somo_somo_elst_corrected_signed_kcal_mol,fluorenyl,55,0.8882105952416004,0.6905048502806593
random,extra_trees,target_somo_somo_elst_corrected_signed_kcal_mol,olympicenyl,80,0.9787688442194901,0.5610104736346064
random,extra_trees,target_somo_somo_elst_corrected_signed_kcal_mol,phenalenyl,38,0.9800218592418738,0.6943050532922485
random,extra_trees,target_somo_somo_elst_corrected_signed_kcal_mol,phenalenyl_olympicenyl,96,0.9720901758181552,0.44702303854347675
random,mlp,target_fodft_coupling_abs_ev,CPBP,119,0.9032727711734538,0.04759273585733662
random,mlp,target_fodft_coupling_abs_ev,fluorenyl,55,0.9380749605177601,0.037355447174072576
random,mlp,target_fodft_coupling_abs_ev,olympicenyl,80,0.9481936185282267,0.037440240076792065
random,mlp,target_fodft_coupling_abs_ev,phenalenyl,38,0.9695365686111475,0.041470877730518656
random,mlp,target_fodft_coupling_abs_ev,phenalenyl_olympicenyl,96,0.9505162734310892,0.03737028710205424
random,mlp,target_frontier_gap_ev,CPBP,119,0.14416104256254836,0.04232833974995036
random,mlp,target_frontier_gap_ev,fluorenyl,55,0.5161029932662679,0.05997924994289972
random,mlp,target_frontier_gap_ev,olympicenyl,80,0.8035609063753427,0.0334416155522516
random,mlp,target_frontier_gap_ev,phenalenyl,38,0.8145465049330693,0.056193584489129124
random,mlp,target_frontier_gap_ev,phenalenyl_olympicenyl,96,0.7755903120854486,0.04060117150227435
random,mlp,target_interaction_energy_kcal_mol,CPBP,119,0.8402521048439352,1.0033230949132514
random,mlp,target_interaction_energy_kcal_mol,fluorenyl,55,0.7580426032396606,0.9528444884141655
random,mlp,target_interaction_energy_kcal_mol,olympicenyl,80,0.8815119657404005,0.8588586744296226
random,mlp,target_interaction_energy_kcal_mol,phenalenyl,38,0.8189502420182599,0.9404328982366362
random,mlp,target_interaction_energy_kcal_mol,phenalenyl_olympicenyl,96,0.8692302394354876,0.7820774630098675
random,mlp,target_somo_somo_elst_corrected_signed_kcal_mol,CPBP,119,0.9265304346886627,0.6763821273928023
random,mlp,target_somo_somo_elst_corrected_signed_kcal_mol,fluorenyl,55,0.9490181688470547,0.4855363513560377
random,mlp,target_somo_somo_elst_corrected_signed_kcal_mol,olympicenyl,80,0.9748180494768904,0.5975524595498951
random,mlp,target_somo_somo_elst_corrected_signed_kcal_mol,phenalenyl,38,0.987700699093794,0.5719233017615035
random,mlp,target_somo_somo_elst_corrected_signed_kcal_mol,phenalenyl_olympicenyl,96,0.9821974562959862,0.45100424284916557
train_test_70_15_15,extra_trees,target_fodft_coupling_abs_ev,CPBP,119,0.9424746496966908,0.034878745406887963
train_test_70_15_15,extra_trees,target_fodft_coupling_abs_ev,fluorenyl,55,0.9392275655559851,0.03363254145224215
train_test_70_15_15,extra_trees,target_fodft_coupling_abs_ev,olympicenyl,80,0.9524705340729226,0.03590068043111115
train_test_70_15_15,extra_trees,target_fodft_coupling_abs_ev,phenalenyl,38,0.9813688336555252,0.03408160888470765
train_test_70_15_15,extra_trees,target_fodft_coupling_abs_ev,phenalenyl_olympicenyl,96,0.9597502936273148,0.02991878597918954
train_test_70_15_15,extra_trees,target_frontier_gap_ev,CPBP,119,0.4951865002639133,0.031286909271709115
train_test_70_15_15,extra_trees,target_frontier_gap_ev,fluorenyl,55,0.5910493891518507,0.04888278787878684
train_test_70_15_15,extra_trees,target_frontier_gap_ev,olympicenyl,80,0.8123468098086468,0.03160922166666621
train_test_70_15_15,extra_trees,target_frontier_gap_ev,phenalenyl,38,0.8342545232346466,0.04835231377192937
train_test_70_15_15,extra_trees,target_frontier_gap_ev,phenalenyl_olympicenyl,96,0.8123357075837969,0.03473683951388811
train_test_70_15_15,extra_trees,target_interaction_energy_kcal_mol,CPBP,119,0.8816441587640843,0.7970604012554767
train_test_70_15_15,extra_trees,target_interaction_energy_kcal_mol,fluorenyl,55,0.7527916651608052,0.8750691531339602
train_test_70_15_15,extra_trees,target_interaction_energy_kcal_mol,olympicenyl,80,0.8612185362766624,0.8730243977802827
train_test_70_15_15,extra_trees,target_interaction_energy_kcal_mol,phenalenyl,38,0.825207275307449,0.9485472265915564
train_test_70_15_15,extra_trees,target_interaction_energy_kcal_mol,phenalenyl_olympicenyl,96,0.9178589524211744,0.6489244292473291
train_test_70_15_15,extra_trees,target_somo_somo_elst_corrected_signed_kcal_mol,CPBP,119,0.9604274390052712,0.49363645766216924
train_test_70_15_15,extra_trees,target_somo_somo_elst_corrected_signed_kcal_mol,fluorenyl,55,0.884078097487381,0.7002179177021766
train_test_70_15_15,extra_trees,target_somo_somo_elst_corrected_signed_kcal_mol,olympicenyl,80,0.979245577475645,0.5584315174380265
train_test_70_15_15,extra_trees,target_somo_somo_elst_corrected_signed_kcal_mol,phenalenyl,38,0.9787534480946646,0.71472178764542
train_test_70_15_15,extra_trees,target_somo_somo_elst_corrected_signed_kcal_mol,phenalenyl_olympicenyl,96,0.9714918597077775,0.44953981023024453
train_test_70_15_15,mlp,target_fodft_coupling_abs_ev,CPBP,119,0.9080503192276274,0.04630277900417077
train_test_70_15_15,mlp,target_fodft_coupling_abs_ev,fluorenyl,55,0.9446432726853832,0.0346017806472284
train_test_70_15_15,mlp,target_fodft_coupling_abs_ev,olympicenyl,80,0.9592669512689864,0.03240910647523615
train_test_70_15_15,mlp,target_fodft_coupling_abs_ev,phenalenyl,38,0.9817659383827545,0.034340879247261515
train_test_70_15_15,mlp,target_fodft_coupling_abs_ev,phenalenyl_olympicenyl,96,0.9621946682286167,0.03282007600418788
train_test_70_15_15,mlp,target_frontier_gap_ev,CPBP,119,-0.011441218789271401,0.043284950079992175
train_test_70_15_15,mlp,target_frontier_gap_ev,fluorenyl,55,0.5265047513552319,0.06271877236382786
train_test_70_15_15,mlp,target_frontier_gap_ev,olympicenyl,80,0.7731281158995129,0.03560887092900069
train_test_70_15_15,mlp,target_frontier_gap_ev,phenalenyl,38,0.7379413450535655,0.06679890417759633
train_test_70_15_15,mlp,target_frontier_gap_ev,phenalenyl_olympicenyl,96,0.6723172111877593,0.0501923484214436
train_test_70_15_15,mlp,target_interaction_energy_kcal_mol,CPBP,119,0.840252104843936,1.0033230949132472
train_test_70_15_15,mlp,target_interaction_energy_kcal_mol,fluorenyl,55,0.7580426032396573,0.9528444884141718
train_test_70_15_15,mlp,target_interaction_energy_kcal_mol,olympicenyl,80,0.8815119657404007,0.858858674429625
train_test_70_15_15,mlp,target_interaction_energy_kcal_mol,phenalenyl,38,0.8189502420182584,0.9404328982366388
train_test_70_15_15,mlp,target_interaction_energy_kcal_mol,phenalenyl_olympicenyl,96,0.8692302394354849,0.7820774630098706
train_test_70_15_15,mlp,target_somo_somo_elst_corrected_signed_kcal_mol,CPBP,119,0.9265304346886627,0.676382127392803
train_test_70_15_15,mlp,target_somo_somo_elst_corrected_signed_kcal_mol,fluorenyl,55,0.9490181688470553,0.485536351356034
train_test_70_15_15,mlp,target_somo_somo_elst_corrected_signed_kcal_mol,olympicenyl,80,0.9748180494768904,0.5975524595498952
train_test_70_15_15,mlp,target_somo_somo_elst_corrected_signed_kcal_mol,phenalenyl,38,0.9877006990937939,0.5719233017615037
train_test_70_15_15,mlp,target_somo_somo_elst_corrected_signed_kcal_mol,phenalenyl_olympicenyl,96,0.9821974562959861,0.4510042428491654
