target,model_family,importance_type,feature,importance,importance_std,best_model,best_feature_group
target_fodft_coupling_abs_ev,mlp,permutation_neg_mae_drop,mean_top10_closest_c_distances,0.08776305504572793,0.0014201459399439912,mlp_64_64_32_16_a1e-4,core15_plus_asymmetry19
target_fodft_coupling_abs_ev,mlp,permutation_neg_mae_drop,projected_pi_overlap_fraction_min,0.05846475627332866,0.001050018649066716,mlp_64_64_32_16_a1e-4,core15_plus_asymmetry19
target_fodft_coupling_abs_ev,mlp,permutation_neg_mae_drop,n_interfragment_c_contacts_3p4,0.05101262936962382,0.0012383486960837321,mlp_64_64_32_16_a1e-4,core15_plus_asymmetry19
target_fodft_coupling_abs_ev,mlp,permutation_neg_mae_drop,contact_min_cc_distance,0.034104007613547135,0.0009333912817445573,mlp_64_64_32_16_a1e-4,core15_plus_asymmetry19
target_fodft_coupling_abs_ev,mlp,permutation_neg_mae_drop,stack_lateral_slip,0.03148699454467424,0.0008623049743853812,mlp_64_64_32_16_a1e-4,core15_plus_asymmetry19
target_fodft_coupling_abs_ev,mlp,permutation_neg_mae_drop,bla_fragment_mean,0.03116250616827938,0.0010532515592403073,mlp_64_64_32_16_a1e-4,core15_plus_asymmetry19
target_fodft_coupling_abs_ev,mlp,permutation_neg_mae_drop,contact_interfragment_distance_std,0.029036190208416184,0.000613647334040384,mlp_64_64_32_16_a1e-4,core15_plus_asymmetry19
target_fodft_coupling_abs_ev,mlp,permutation_neg_mae_drop,stack_plane_normal_angle_deg,0.02503811601975578,0.0008130375874014806,mlp_64_64_32_16_a1e-4,core15_plus_asymmetry19
target_fodft_coupling_abs_ev,mlp,permutation_neg_mae_drop,projected_pi_overlap_area,0.024045794264059665,0.0005119466146646063,mlp_64_64_32_16_a1e-4,core15_plus_asymmetry19
target_fodft_coupling_abs_ev,mlp,permutation_neg_mae_drop,n_interfragment_c_contacts_3p6,0.023564366761975826,0.0006856946900591378,mlp_64_64_32_16_a1e-4,core15_plus_asymmetry19
target_fodft_coupling_abs_ev,mlp,permutation_neg_mae_drop,stack_interplane_distance,0.02131912447339488,0.0010126218469769036,mlp_64_64_32_16_a1e-4,core15_plus_asymmetry19
target_fodft_coupling_abs_ev,mlp,permutation_neg_mae_drop,pi_projected_area_mean,0.020415476099794112,0.0007679767248101697,mlp_64_64_32_16_a1e-4,core15_plus_asymmetry19
target_fodft_coupling_abs_ev,mlp,permutation_neg_mae_drop,pi_projected_area_ratio_min_over_max,0.01951601573000279,0.0009668299989269074,mlp_64_64_32_16_a1e-4,core15_plus_asymmetry19
target_fodft_coupling_abs_ev,mlp,permutation_neg_mae_drop,delta_overlap_fraction,0.019190838994057175,0.0007335264528419427,mlp_64_64_32_16_a1e-4,core15_plus_asymmetry19
target_fodft_coupling_abs_ev,mlp,permutation_neg_mae_drop,contact_region_bla_mean,0.016935013706611095,0.0006338446805506502,mlp_64_64_32_16_a1e-4,core15_plus_asymmetry19
target_fodft_coupling_abs_ev,mlp,permutation_neg_mae_drop,n_interfragment_c_contacts_4p0,0.01588716913753067,0.0005032116155001394,mlp_64_64_32_16_a1e-4,core15_plus_asymmetry19
target_fodft_coupling_abs_ev,mlp,permutation_neg_mae_drop,delta_contact_atoms_3p4,0.010879602443884178,0.00048058789137614877,mlp_64_64_32_16_a1e-4,core15_plus_asymmetry19
target_fodft_coupling_abs_ev,mlp,permutation_neg_mae_drop,delta_contact_region_bla,0.009226210509537095,0.0003491054068555784,mlp_64_64_32_16_a1e-4,core15_plus_asymmetry19
target_fodft_coupling_abs_ev,mlp,permutation_neg_mae_drop,contact_density_3p6_per_overlap_area,0.0004991935867670536,0.00010229536894662833,mlp_64_64_32_16_a1e-4,core15_plus_asymmetry19
target_interaction_energy_kcal_mol,mlp,permutation_neg_mae_drop,mean_top10_closest_c_distances,2.779479023160417,0.03855896173510638,mlp_64_64_32_16_a1e-4,core15_plus_asymmetry19
target_interaction_energy_kcal_mol,mlp,permutation_neg_mae_drop,stack_lateral_slip,2.1029787599584795,0.0460951501521503,mlp_64_64_32_16_a1e-4,core15_plus_asymmetry19
target_interaction_energy_kcal_mol,mlp,permutation_neg_mae_drop,contact_interfragment_distance_std,1.7455508403723101,0.030275861288519345,mlp_64_64_32_16_a1e-4,core15_plus_asymmetry19
target_interaction_energy_kcal_mol,mlp,permutation_neg_mae_drop,pi_projected_area_mean,1.5120275322880619,0.027333620681873904,mlp_64_64_32_16_a1e-4,core15_plus_asymmetry19
target_interaction_energy_kcal_mol,mlp,permutation_neg_mae_drop,stack_interplane_distance,1.362312780127799,0.024899418482571354,mlp_64_64_32_16_a1e-4,core15_plus_asymmetry19
target_interaction_energy_kcal_mol,mlp,permutation_neg_mae_drop,bla_fragment_mean,1.3004478727820001,0.03092937714569416,mlp_64_64_32_16_a1e-4,core15_plus_asymmetry19
target_interaction_energy_kcal_mol,mlp,permutation_neg_mae_drop,projected_pi_overlap_area,1.258829312171483,0.031034555957297323,mlp_64_64_32_16_a1e-4,core15_plus_asymmetry19
target_interaction_energy_kcal_mol,mlp,permutation_neg_mae_drop,n_interfragment_c_contacts_4p0,1.2338660939878345,0.019811643307647564,mlp_64_64_32_16_a1e-4,core15_plus_asymmetry19
target_interaction_energy_kcal_mol,mlp,permutation_neg_mae_drop,n_interfragment_c_contacts_3p4,0.8843857743362122,0.02160612331361483,mlp_64_64_32_16_a1e-4,core15_plus_asymmetry19
target_interaction_energy_kcal_mol,mlp,permutation_neg_mae_drop,n_interfragment_c_contacts_3p6,0.8679898757398433,0.019884918621426273,mlp_64_64_32_16_a1e-4,core15_plus_asymmetry19
target_interaction_energy_kcal_mol,mlp,permutation_neg_mae_drop,projected_pi_overlap_fraction_min,0.7939784522389902,0.020355251439891472,mlp_64_64_32_16_a1e-4,core15_plus_asymmetry19
target_interaction_energy_kcal_mol,mlp,permutation_neg_mae_drop,contact_min_cc_distance,0.5711620041347701,0.01688371287866825,mlp_64_64_32_16_a1e-4,core15_plus_asymmetry19
target_interaction_energy_kcal_mol,mlp,permutation_neg_mae_drop,pi_projected_area_ratio_min_over_max,0.558491322176273,0.018698031527228546,mlp_64_64_32_16_a1e-4,core15_plus_asymmetry19
target_interaction_energy_kcal_mol,mlp,permutation_neg_mae_drop,contact_region_bla_mean,0.5224053579118431,0.008754393863813999,mlp_64_64_32_16_a1e-4,core15_plus_asymmetry19
target_interaction_energy_kcal_mol,mlp,permutation_neg_mae_drop,stack_plane_normal_angle_deg,0.4876835456305562,0.013394963893191015,mlp_64_64_32_16_a1e-4,core15_plus_asymmetry19
target_interaction_energy_kcal_mol,mlp,permutation_neg_mae_drop,delta_overlap_fraction,0.36984368666063455,0.010246436306771533,mlp_64_64_32_16_a1e-4,core15_plus_asymmetry19
target_interaction_energy_kcal_mol,mlp,permutation_neg_mae_drop,delta_contact_region_bla,0.21247233606331775,0.008832656329049648,mlp_64_64_32_16_a1e-4,core15_plus_asymmetry19
target_interaction_energy_kcal_mol,mlp,permutation_neg_mae_drop,delta_contact_atoms_3p4,0.17851308663458557,0.00639643056958468,mlp_64_64_32_16_a1e-4,core15_plus_asymmetry19
target_interaction_energy_kcal_mol,mlp,permutation_neg_mae_drop,contact_density_3p6_per_overlap_area,0.008197409984677467,0.0017039794877754737,mlp_64_64_32_16_a1e-4,core15_plus_asymmetry19
target_frontier_gap_ev,mlp,permutation_neg_mae_drop,pi_projected_area_mean,0.1968789301399077,0.0032171318802512385,mlp_64_32_16_a1e-3,core15_plus_asymmetry19
target_frontier_gap_ev,mlp,permutation_neg_mae_drop,projected_pi_overlap_area,0.06987377650918826,0.0019176694065532085,mlp_64_32_16_a1e-3,core15_plus_asymmetry19
target_frontier_gap_ev,mlp,permutation_neg_mae_drop,stack_plane_normal_angle_deg,0.06068927394475332,0.0013405616296654217,mlp_64_32_16_a1e-3,core15_plus_asymmetry19
target_frontier_gap_ev,mlp,permutation_neg_mae_drop,projected_pi_overlap_fraction_min,0.056901929099219185,0.0015095694257606482,mlp_64_32_16_a1e-3,core15_plus_asymmetry19
target_frontier_gap_ev,mlp,permutation_neg_mae_drop,n_interfragment_c_contacts_4p0,0.05079293155258362,0.0013390205175367622,mlp_64_32_16_a1e-3,core15_plus_asymmetry19
target_frontier_gap_ev,mlp,permutation_neg_mae_drop,bla_fragment_mean,0.04258430358356159,0.0010471782295746396,mlp_64_32_16_a1e-3,core15_plus_asymmetry19
target_frontier_gap_ev,mlp,permutation_neg_mae_drop,n_interfragment_c_contacts_3p4,0.0368739663121976,0.0008765281125098293,mlp_64_32_16_a1e-3,core15_plus_asymmetry19
target_frontier_gap_ev,mlp,permutation_neg_mae_drop,mean_top10_closest_c_distances,0.027677541456682053,0.0007305656969954542,mlp_64_32_16_a1e-3,core15_plus_asymmetry19
target_frontier_gap_ev,mlp,permutation_neg_mae_drop,n_interfragment_c_contacts_3p6,0.02673546713641155,0.0008979245625401598,mlp_64_32_16_a1e-3,core15_plus_asymmetry19
target_frontier_gap_ev,mlp,permutation_neg_mae_drop,pi_projected_area_ratio_min_over_max,0.02553150172940889,0.0008205225289572517,mlp_64_32_16_a1e-3,core15_plus_asymmetry19
target_frontier_gap_ev,mlp,permutation_neg_mae_drop,stack_lateral_slip,0.025258712617789336,0.0005765013139302184,mlp_64_32_16_a1e-3,core15_plus_asymmetry19
target_frontier_gap_ev,mlp,permutation_neg_mae_drop,contact_min_cc_distance,0.024239042755317266,0.0006253514572897257,mlp_64_32_16_a1e-3,core15_plus_asymmetry19
target_frontier_gap_ev,mlp,permutation_neg_mae_drop,stack_interplane_distance,0.02170413096034697,0.000602222304235431,mlp_64_32_16_a1e-3,core15_plus_asymmetry19
target_frontier_gap_ev,mlp,permutation_neg_mae_drop,contact_interfragment_distance_std,0.020771552199122297,0.0006727555106897341,mlp_64_32_16_a1e-3,core15_plus_asymmetry19
target_frontier_gap_ev,mlp,permutation_neg_mae_drop,contact_region_bla_mean,0.019750970099838578,0.0004934598798234714,mlp_64_32_16_a1e-3,core15_plus_asymmetry19
target_frontier_gap_ev,mlp,permutation_neg_mae_drop,delta_overlap_fraction,0.01666325855249104,0.00044549838118639783,mlp_64_32_16_a1e-3,core15_plus_asymmetry19
target_frontier_gap_ev,mlp,permutation_neg_mae_drop,delta_contact_atoms_3p4,0.01318887516835536,0.0005192024092230098,mlp_64_32_16_a1e-3,core15_plus_asymmetry19
target_frontier_gap_ev,mlp,permutation_neg_mae_drop,delta_contact_region_bla,0.010143797677563519,0.0005282616128642812,mlp_64_32_16_a1e-3,core15_plus_asymmetry19
target_frontier_gap_ev,mlp,permutation_neg_mae_drop,contact_density_3p6_per_overlap_area,0.0001574714401888229,6.839991236979592e-05,mlp_64_32_16_a1e-3,core15_plus_asymmetry19
target_somo_somo_elst_corrected_signed_kcal_mol,mlp,permutation_neg_mae_drop,mean_top10_closest_c_distances,1.5278983344023653,0.031047922201828834,mlp_64_64_32_16_a1e-4,core15_plus_asymmetry19
target_somo_somo_elst_corrected_signed_kcal_mol,mlp,permutation_neg_mae_drop,projected_pi_overlap_fraction_min,1.445466632046586,0.035619037547786586,mlp_64_64_32_16_a1e-4,core15_plus_asymmetry19
target_somo_somo_elst_corrected_signed_kcal_mol,mlp,permutation_neg_mae_drop,n_interfragment_c_contacts_3p4,1.0277103333164221,0.02395321302978517,mlp_64_64_32_16_a1e-4,core15_plus_asymmetry19
target_somo_somo_elst_corrected_signed_kcal_mol,mlp,permutation_neg_mae_drop,contact_min_cc_distance,1.021280960084415,0.018826723334845235,mlp_64_64_32_16_a1e-4,core15_plus_asymmetry19
target_somo_somo_elst_corrected_signed_kcal_mol,mlp,permutation_neg_mae_drop,stack_lateral_slip,0.9219582298967577,0.02274862104553674,mlp_64_64_32_16_a1e-4,core15_plus_asymmetry19
target_somo_somo_elst_corrected_signed_kcal_mol,mlp,permutation_neg_mae_drop,contact_interfragment_distance_std,0.8482693643628629,0.021769813594405482,mlp_64_64_32_16_a1e-4,core15_plus_asymmetry19
target_somo_somo_elst_corrected_signed_kcal_mol,mlp,permutation_neg_mae_drop,delta_overlap_fraction,0.715595646305371,0.023153197893708045,mlp_64_64_32_16_a1e-4,core15_plus_asymmetry19
target_somo_somo_elst_corrected_signed_kcal_mol,mlp,permutation_neg_mae_drop,stack_plane_normal_angle_deg,0.7004284264618614,0.025577627643987626,mlp_64_64_32_16_a1e-4,core15_plus_asymmetry19
target_somo_somo_elst_corrected_signed_kcal_mol,mlp,permutation_neg_mae_drop,projected_pi_overlap_area,0.5846753635359142,0.017152463794499882,mlp_64_64_32_16_a1e-4,core15_plus_asymmetry19
target_somo_somo_elst_corrected_signed_kcal_mol,mlp,permutation_neg_mae_drop,stack_interplane_distance,0.5245033247617344,0.01583815281843618,mlp_64_64_32_16_a1e-4,core15_plus_asymmetry19
target_somo_somo_elst_corrected_signed_kcal_mol,mlp,permutation_neg_mae_drop,n_interfragment_c_contacts_4p0,0.5156114959388864,0.017198008761319623,mlp_64_64_32_16_a1e-4,core15_plus_asymmetry19
target_somo_somo_elst_corrected_signed_kcal_mol,mlp,permutation_neg_mae_drop,n_interfragment_c_contacts_3p6,0.49107806540397353,0.016030926328280647,mlp_64_64_32_16_a1e-4,core15_plus_asymmetry19
target_somo_somo_elst_corrected_signed_kcal_mol,mlp,permutation_neg_mae_drop,pi_projected_area_ratio_min_over_max,0.4834255745443464,0.021622406911584898,mlp_64_64_32_16_a1e-4,core15_plus_asymmetry19
target_somo_somo_elst_corrected_signed_kcal_mol,mlp,permutation_neg_mae_drop,contact_region_bla_mean,0.3525806753969535,0.012533900722232625,mlp_64_64_32_16_a1e-4,core15_plus_asymmetry19
target_somo_somo_elst_corrected_signed_kcal_mol,mlp,permutation_neg_mae_drop,pi_projected_area_mean,0.3126331716522405,0.01341604961736337,mlp_64_64_32_16_a1e-4,core15_plus_asymmetry19
target_somo_somo_elst_corrected_signed_kcal_mol,mlp,permutation_neg_mae_drop,bla_fragment_mean,0.30904104135235005,0.01144290959490053,mlp_64_64_32_16_a1e-4,core15_plus_asymmetry19
target_somo_somo_elst_corrected_signed_kcal_mol,mlp,permutation_neg_mae_drop,delta_contact_atoms_3p4,0.22039661710303232,0.010141153820998464,mlp_64_64_32_16_a1e-4,core15_plus_asymmetry19
target_somo_somo_elst_corrected_signed_kcal_mol,mlp,permutation_neg_mae_drop,delta_contact_region_bla,0.1907192353153889,0.01118732034524466,mlp_64_64_32_16_a1e-4,core15_plus_asymmetry19
target_somo_somo_elst_corrected_signed_kcal_mol,mlp,permutation_neg_mae_drop,contact_density_3p6_per_overlap_area,0.004604259376221137,0.0019117934540383397,mlp_64_64_32_16_a1e-4,core15_plus_asymmetry19
