extreme_group,id,system,orca_index,fodft_status,fragment_a_alpha_somo_index,fragment_b_alpha_somo_index_local,fragment_b_alpha_somo_index_merged,projected_block_first,projected_block_second,h_aa_hartree,h_bb_hartree,h_ab_hartree,raw_fragment_somo_overlap_s_ab,fragment_somo_a_norm,fragment_somo_b_norm,lowdin_corrected_t_fo_hartree,target_fodft_coupling_abs_ev,target_fodft_coupling_abs_mev,site_energy_mismatch_abs_ev,generalized_two_state_splitting_ev,half_generalized_splitting_ev,block_eigenvalue_low_ev,block_eigenvalue_high_ev,case_archive_dir,split_method,projection_fragment_order,merge_id,tfo_reconstructed_ev,splitting_reconstructed_ev,orthogonalized_site_a_ev,orthogonalized_site_b_ev,overlap_matrix_min_eigenvalue,tfo_reconstruction_error_ev,splitting_reconstruction_error_ev,overlap_denominator,max_norm_deviation,flag_orbital_norm,flag_overlap_conditioning,flag_fock_diagonal,flag_reconstruction,flag_projection_order,review_high_tfo_gt_5ev,numerical_qc_status
lowest,phenalenyl_231,phenalenyl,231,OK,43,43,87,43,44,-0.216149,-0.203267,9e-06,-0.0001286643452492,1.000000000000003,0.9999999999999996,-1.7981942811219767e-05,0.0004893135912893,0.4893135912893684,0.3505370776208175,0.3505384465822059,0.1752692232911029,-5.881703,-5.531169,/home/rb1820/BLA-ML/FODFT_4Target_Complete_Run_20260629_211000/fodft_couplings/case_summaries/phenalenyl/orca_231,equal_contiguous_halves,A_then_B,phenalenyl_orca_231,0.0004893135912882205,0.3505384465821992,-5.881713990092014,-5.531176909569711,0.9998713356547508,1.0794316829265682e-15,6.716849298982197e-15,0.9999999834454862,3.1086244689504383e-15,False,False,False,False,False,False,PASS
lowest,phenalenyl_158,phenalenyl,158,OK,43,43,87,43,44,-0.205547,-0.206688,0.000186,-0.0010325010194468,0.9999999999999978,1.0000000000000029,-2.68165574638518e-05,0.0007297157029366,0.7297157029366037,0.0310481917066723,0.0310824898609973,0.0155412449304986,-5.625074,-5.592408,/home/rb1820/BLA-ML/FODFT_4Target_Complete_Run_20260629_211000/fodft_couplings/case_summaries/phenalenyl/orca_158,equal_contiguous_halves,A_then_B,phenalenyl_orca_158,0.0007297157029353431,0.03108248986091046,-5.593219553861496,-5.624267762117774,0.9989674989805533,1.2569155785624453e-15,8.684025720739896e-14,0.9999989339416449,2.886579864025407e-15,False,False,False,False,False,False,PASS
lowest,phenalenyl_215,phenalenyl,215,OK,43,43,87,43,44,-0.204205,-0.20914,-0.000396,0.0017195436288709,0.9999999999999968,1.0000000000000062,-4.0617739461923e-05,0.0011052649969372,1.1052649969372954,0.1342881911239506,0.1343065822654172,0.0671532911327086,-5.691858,-5.555826,/home/rb1820/BLA-ML/FODFT_4Target_Complete_Run_20260629_211000/fodft_couplings/case_summaries/phenalenyl/orca_215,equal_contiguous_halves,A_then_B,phenalenyl_orca_215,0.0011052649969379752,0.13430658226541273,-5.556699128543524,-5.690987518201611,0.9982804563711292,7.752045533271357e-16,4.468647674116255e-15,0.9999970431697084,6.217248937900877e-15,False,False,False,False,False,False,PASS
lowest,phenalenyl_206,phenalenyl,206,OK,43,43,87,43,44,-0.203075,-0.211217,-0.000174,0.0005840659206765,1.0000000000000036,0.9999999999999978,-5.301309888005142e-05,0.0014425599097218,1.442559909721833,0.2215551068148338,0.2215739290105689,0.1107869645052844,-5.747612,-5.525838,/home/rb1820/BLA-ML/FODFT_4Target_Complete_Run_20260629_211000/fodft_couplings/case_summaries/phenalenyl/orca_206,equal_contiguous_halves,A_then_B,phenalenyl_orca_206,0.0014425599097235193,0.2215739290105969,-5.525951400458984,-5.747506545063707,0.9994159340793236,1.719327805127513e-15,2.7977620220553945e-14,0.9999996588670003,3.552713678800501e-15,False,False,False,False,False,False,PASS
lowest,phenalenyl_150,phenalenyl,150,OK,43,43,87,43,44,-0.206022,-0.205759,2.8e-05,-0.0004386870994352,0.999999999999999,0.9999999999999976,-6.232151823982172e-05,0.0016958549042601,1.695854904260175,0.0071565945826952,0.0079196307532022,0.0039598153766011,-5.606217,-5.598901,/home/rb1820/BLA-ML/FODFT_4Target_Complete_Run_20260629_211000/fodft_couplings/case_summaries/phenalenyl/orca_150,equal_contiguous_halves,A_then_B,phenalenyl_orca_150,0.001695854904259504,0.007919630755456685,-5.606144961464922,-5.598988366193597,0.9995613129005647,5.960943544325303e-16,2.25448479329593e-12,0.9999998075536288,2.4424906541753444e-15,False,False,False,False,False,False,PASS
lowest,phenalenyl_193,phenalenyl,193,OK,43,43,87,43,44,-0.207209,-0.204964,0.000479,-0.0019644641629157,0.9999999999999994,1.0000000000000024,7.415074244583166e-05,0.0020177444931203,2.017744493120302,0.0610895621222429,0.0612228239603799,0.0306114119801899,-5.641116,-5.574689,/home/rb1820/BLA-ML/FODFT_4Target_Complete_Run_20260629_211000/fodft_couplings/case_summaries/phenalenyl/orca_193,equal_contiguous_halves,A_then_B,phenalenyl_orca_193,0.002017744493121143,0.06122282396036861,-5.638440227796327,-5.577350547797785,0.9980355358370843,8.430756093247282e-16,1.1296519275560968e-14,0.9999961408805527,2.4424906541753444e-15,False,False,False,False,False,False,PASS
lowest,phenalenyl_251,phenalenyl,251,OK,43,43,87,43,44,-0.214607,-0.207178,-8.2e-05,2.7049376338207327e-05,0.999999999999998,1.0000000000000029,-7.629548945641763e-05,0.0020761060324252,2.076106032425285,0.2021533884214446,0.2021960270262273,0.1010980135131136,-5.83978,-5.637589,/home/rb1820/BLA-ML/FODFT_4Target_Complete_Run_20260629_211000/fodft_couplings/case_summaries/phenalenyl/orca_251,equal_contiguous_halves,A_then_B,phenalenyl_orca_251,0.002076106032426638,0.20219602702625758,-5.839753911972348,-5.637600523476948,0.9999729506236619,1.438085761584773e-15,3.0281332996651145e-14,0.9999999992683313,2.886579864025407e-15,False,False,False,False,False,False,PASS
lowest,phenalenyl_186,phenalenyl,186,OK,43,43,87,43,44,-0.205904,-0.204745,-2.2e-05,0.0005778704491626,0.9999999999999996,1.0,9.665099331416728e-05,0.0026300075101302,2.630007510130209,0.0315379966590999,0.031973634817355,0.0159868174086775,-5.60294,-5.571393,/home/rb1820/BLA-ML/FODFT_4Target_Complete_Run_20260629_211000/fodft_couplings/case_summaries/phenalenyl/orca_186,equal_contiguous_halves,A_then_B,phenalenyl_orca_186,0.002630007510129382,0.031973634817282534,-5.6029347960304365,-5.571396794105527,0.9994221295508374,8.179221189230645e-16,7.246286903850319e-14,0.999999666065744,4.440892098500626e-16,False,False,False,False,False,False,PASS
lowest,phenalenyl_205,phenalenyl,205,OK,43,43,87,43,44,-0.203549,-0.207101,-0.000313,0.0010027742196773,1.0000000000000036,0.9999999999999998,-0.0001071054910453,0.0029144888859008,2.914488885900887,0.0966548439457493,0.096830497438373,0.0484152487191865,-5.636248,-5.538115,/home/rb1820/BLA-ML/FODFT_4Target_Complete_Run_20260629_211000/fodft_couplings/case_summaries/phenalenyl/orca_205,equal_contiguous_halves,A_then_B,phenalenyl_orca_205,0.002914488885902491,0.09683049743813059,-5.538847512112304,-5.635502404654026,0.9989972257803228,1.6909217082083927e-15,2.4241719742690293e-13,0.9999989944438643,3.552713678800501e-15,False,False,False,False,False,False,PASS
lowest,phenalenyl_197,phenalenyl,197,OK,43,43,87,43,44,-0.204098,-0.209985,-0.000539,0.0019287844914543,1.0000000000000002,1.000000000000001,-0.0001396620852847,0.0038003989466041,3.8003989466041967,0.1601934308301314,0.1603739470047714,0.0801869735023857,-5.715316,-5.552452,/home/rb1820/BLA-ML/FODFT_4Target_Complete_Run_20260629_211000/fodft_couplings/case_summaries/phenalenyl/orca_197,equal_contiguous_halves,A_then_B,phenalenyl_orca_197,0.0038003989466037884,0.16037394700472535,-5.553782030894405,-5.713975759701938,0.9980712155085456,3.1181654480683108e-16,4.604649994632837e-14,0.9999962797903855,1.1102230246251565e-15,False,False,False,False,False,False,PASS
highest,phenalenyl_5,phenalenyl,5,OK,43,43,87,43,44,-0.223906,-0.223927,-0.092356,0.1797842129646943,1.0000000000000016,1.0000000000000009,-0.0538395704293267,1.4650493462704834,1465.0493462704835,0.0005714391111655,2.930098750124325,1.4650493750621625,-8.606213,-3.579951,/home/rb1820/BLA-ML/FODFT_4Target_Complete_Run_20260629_211000/fodft_couplings/case_summaries/phenalenyl/orca_5,equal_contiguous_halves,A_then_B,phenalenyl_orca_5,1.4650493462704832,2.9300987501243196,-5.829395172513992,-5.82997607683819,0.8202157870353057,2.220446049250313e-16,5.329070518200751e-15,0.9676776367686655,1.5543122344752192e-15,False,False,False,False,False,False,PASS
highest,phenalenyl_4,phenalenyl,4,OK,43,43,87,43,44,-0.222144,-0.222188,0.08963,-0.1779264107154557,1.0000000000000009,0.999999999999999,0.0517387359879193,1.407882728846474,1407.8827288464738,0.0011973009948231,2.815765720569191,1.4078828602845954,-8.484409,-3.60647,/home/rb1820/BLA-ML/FODFT_4Target_Complete_Run_20260629_211000/fodft_couplings/case_summaries/phenalenyl/orca_4,equal_contiguous_halves,A_then_B,phenalenyl_orca_4,1.4078827288464741,2.8157657205691895,-5.794336958499227,-5.795553673649241,0.8220735892845443,2.220446049250313e-16,1.3322676295501878e-15,0.9683421923699149,9.992007221626409e-16,False,False,False,False,False,False,PASS
highest,phenalenyl_1,phenalenyl,1,OK,43,43,87,43,44,-0.216773,-0.216878,-0.08138,0.1707696811210454,0.9999999999999986,0.999999999999998,-0.0456850591758842,1.2431537909058037,1243.1537909058036,0.0028571955558285,2.486309272829855,1.2431546364149275,-8.114579,-3.685678,/home/rb1820/BLA-ML/FODFT_4Target_Complete_Run_20260629_211000/fodft_couplings/case_summaries/phenalenyl/orca_1,equal_contiguous_halves,A_then_B,phenalenyl_orca_1,1.243153790905805,2.486309272829861,-5.686379556694372,-5.68927934734976,0.8292303188789547,1.3322676295501878e-15,5.773159728050814e-15,0.9708377160098165,1.9984014443252818e-15,False,False,False,False,False,False,PASS
highest,phenalenyl_3,phenalenyl,3,OK,43,43,87,43,44,-0.216756,-0.21681,0.081037,-0.1695604584719207,0.9999999999999968,1.0000000000000018,0.0455899194661016,1.2405649075155782,1240.5649075155782,0.0014694148572833,2.4811302630317957,1.2405651315158976,-8.104106,-3.693827,/home/rb1820/BLA-ML/FODFT_4Target_Complete_Run_20260629_211000/fodft_couplings/case_summaries/phenalenyl/orca_3,equal_contiguous_halves,A_then_B,phenalenyl_orca_3,1.240564907515578,2.4811302630317966,-5.6878696876185355,-5.689360692544462,0.8304395415280793,2.220446049250313e-16,8.881784197001252e-16,0.971249250922792,3.219646771412954e-15,False,False,False,False,False,False,PASS
highest,phenalenyl_0,phenalenyl,0,OK,43,43,87,43,44,-0.216607,-0.216572,0.081,-0.1703443578807604,1.0000000000000022,0.9999999999999968,0.0454232564270729,1.2360297751876377,1236.0297751876374,0.0009523985186097,2.4720597393209403,1.23602986966047,-8.097826,-3.689568,/home/rb1820/BLA-ML/FODFT_4Target_Complete_Run_20260629_211000/fodft_couplings/case_summaries/phenalenyl/orca_0,equal_contiguous_halves,A_then_B,phenalenyl_orca_0,1.2360297751876368,2.4720597393209447,-5.683633105283696,-5.682666580615458,0.8296556421192396,8.881784197001252e-16,4.440892098500626e-15,0.9709827997381915,3.219646771412954e-15,False,False,False,False,False,False,PASS
highest,phenalenyl_2,phenalenyl,2,OK,43,43,87,43,44,-0.216095,-0.216113,0.078783,-0.1659858515942479,0.9999999999999956,1.0000000000000018,0.044128593782222,1.2008002099003494,1200.8002099003495,0.0004898049524275,2.401600471163516,1.200800235581758,-8.024286,-3.736691,/home/rb1820/BLA-ML/FODFT_4Target_Complete_Run_20260629_211000/fodft_couplings/case_summaries/phenalenyl/orca_2,equal_contiguous_halves,A_then_B,phenalenyl_orca_2,1.2008002099003507,2.401600471163525,-5.680925220348452,-5.681421915387807,0.8340141484057522,1.3322676295501878e-15,8.881784197001252e-15,0.9724486970705323,4.440892098500626e-15,False,False,False,False,False,False,PASS
highest,phenalenyl_22,phenalenyl,22,OK,43,43,87,43,44,-0.219202,-0.219964,-0.067001,0.12463069153883,0.9999999999999998,0.9999999999999968,-0.0402595629729197,1.0955185181507967,1095.5185181507968,0.0207350763194424,2.1911366961995475,1.0955683480997738,-7.798375,-4.151929,/home/rb1820/BLA-ML/FODFT_4Target_Complete_Run_20260629_211000/fodft_couplings/case_summaries/phenalenyl/orca_22,equal_contiguous_halves,A_then_B,phenalenyl_orca_22,1.0955185181507978,2.1911366961995427,-5.828173588568108,-5.849071602515998,0.87536930846117,1.1102230246251565e-15,4.884981308350689e-15,0.984467190726553,3.219646771412954e-15,False,False,False,False,False,False,PASS
highest,phenalenyl_7,phenalenyl,7,OK,43,43,87,43,44,-0.212809,-0.213196,-0.065191,0.1363485278847815,1.0000000000000002,0.9999999999999968,-0.0368331855337332,1.002282038228553,1002.2820382285532,0.0105308064771973,2.004592261597369,1.0022961307986844,-7.570021,-4.022156,/home/rb1820/BLA-ML/FODFT_4Target_Complete_Run_20260629_211000/fodft_couplings/case_summaries/phenalenyl/orca_7,equal_contiguous_halves,A_then_B,phenalenyl_orca_7,1.0022820382285529,2.004592261597373,-5.654118577648708,-5.664748659197761,0.8636514721152184,2.220446049250313e-16,3.9968028886505635e-15,0.9814090789436529,3.219646771412954e-15,False,False,False,False,False,False,PASS
highest,phenalenyl_8,phenalenyl,8,OK,43,43,87,43,44,-0.212404,-0.212601,0.062136,-0.1293622583886566,0.9999999999999988,1.0000000000000009,0.0352358544007184,0.9588164438053456,958.8164438053454,0.0053606430904597,1.917640507816448,0.958820253908224,-7.473288,-4.091682,/home/rb1820/BLA-ML/FODFT_4Target_Complete_Run_20260629_211000/fodft_couplings/case_summaries/phenalenyl/orca_8,equal_contiguous_halves,A_then_B,phenalenyl_orca_8,0.9588164438053455,1.9176405078164527,-5.655749911131329,-5.661155979243114,0.8706377416113433,1.1102230246251565e-16,4.6629367034256575e-15,0.9832654061045865,1.2212453270876722e-15,False,False,False,False,False,False,PASS
highest,phenalenyl_10,phenalenyl,10,OK,43,43,87,43,44,-0.211959,-0.2125,-0.060922,0.1267429109173902,1.0000000000000018,1.0000000000000004,-0.0345788824451964,0.9409393261708549,940.9393261708548,0.0147213599590791,1.8819371718335047,0.9409685859167526,-7.432862,-4.117279,/home/rb1820/BLA-ML/FODFT_4Target_Complete_Run_20260629_211000/fodft_couplings/case_summaries/phenalenyl/orca_10,equal_contiguous_halves,A_then_B,phenalenyl_orca_10,0.9409393261708545,1.881937171833503,-5.64838098605985,-5.6632220301348815,0.8732570890826099,3.3306690738754696e-16,1.7763568394002505e-15,0.9839362345321865,1.7763568394002505e-15,False,False,False,False,False,False,PASS
lowest,olympicenyl_288,olympicenyl,288,OK,62,62,125,62,63,-0.202282,-0.203172,-1.4e-05,4.8266101925725145e-05,1.0000000000000058,0.9999999999999992,-4.215157964723221e-06,0.0001147002914659,0.1147002914659362,0.0242181337589293,0.0242192202343356,0.0121096101171678,-5.528606,-5.504371,/home/rb1820/BLA-ML/FODFT_4Target_Complete_Run_20260629_211000/fodft_couplings/case_summaries/olympicenyl/orca_288,equal_contiguous_halves,A_then_B,olympicenyl_orca_288,0.00011470029146754916,0.024219220234334878,-5.504373627060701,-5.528591760847841,0.9999517338980743,1.6491663720405447e-15,7.216449660063518e-16,0.9999999976703834,5.773159728050814e-15,False,False,False,False,False,False,PASS
lowest,olympicenyl_235,olympicenyl,235,OK,62,62,125,62,63,-0.202738,-0.201717,-0.000116,0.0004995884028498,1.000000000000005,0.9999999999999998,-1.4969489998897331e-05,0.0004073405742654,0.4073405742654498,0.0277828253571535,0.0277947707825594,0.0138973853912797,-5.517151,-5.488645,/home/rb1820/BLA-ML/FODFT_4Target_Complete_Run_20260629_211000/fodft_couplings/case_summaries/olympicenyl/orca_235,equal_contiguous_halves,A_then_B,olympicenyl_orca_235,0.0004073405742669946,0.027794770782536057,-5.516781822970055,-5.488998994145763,0.9995004115971502,1.5945903451830556e-15,2.3342439092743916e-14,0.9999997504114277,5.10702591327572e-15,False,False,False,False,False,False,PASS
lowest,olympicenyl_521,olympicenyl,521,OK,62,62,125,62,63,-0.210721,-0.198989,2.7e-05,2.919634913995999e-05,0.9999999999999976,0.9999999999999988,3.298101813118041e-05,0.0008974592231534,0.8974592231534834,0.319243983437931,0.319249029411899,0.1596245147059495,-5.734006,-5.414759,/home/rb1820/BLA-ML/FODFT_4Target_Complete_Run_20260629_211000/fodft_couplings/case_summaries/olympicenyl/orca_521,equal_contiguous_halves,A_then_B,olympicenyl_orca_521,0.0008974592231518051,0.31924902941187255,-5.734010547411399,-5.414766563837403,0.9999708036508601,1.5949698159434256e-15,2.6423307986078726e-14,0.9999999991475732,2.4424906541753444e-15,False,False,False,False,False,False,PASS
lowest,olympicenyl_395,olympicenyl,395,OK,62,62,125,62,63,-0.204041,-0.204071,0.000288,-0.0016083630922386,0.9999999999999968,0.9999999999999994,-4.019624313076342e-05,0.0010937954974688,1.0937954974688453,0.0008163415873797,0.0023349453209889,0.0011674726604944,-5.560494,-5.544796,/home/rb1820/BLA-ML/FODFT_4Target_Complete_Run_20260629_211000/fodft_couplings/case_summaries/olympicenyl/orca_395,equal_contiguous_halves,A_then_B,olympicenyl_orca_395,0.0010937954974669108,0.0023349453253347983,-5.552240219710008,-5.553056562353259,0.9983916369077614,1.889113865338743e-15,4.345898207275267e-12,0.9999974131681635,3.219646771412954e-15,False,False,False,False,False,False,PASS
lowest,olympicenyl_508,olympicenyl,508,OK,62,62,125,62,63,-0.202756,-0.201673,7.4e-05,-0.0001484291118272,0.999999999999996,0.999999999999999,4.398548233545513e-05,0.0011969059490461,1.1969059490461518,0.029469931304405,0.0295669952078954,0.0147834976039477,-5.517403,-5.487653,/home/rb1820/BLA-ML/FODFT_4Target_Complete_Run_20260629_211000/fodft_couplings/case_summaries/olympicenyl/orca_508,equal_contiguous_halves,A_then_B,olympicenyl_orca_508,0.001196905949046412,0.029566995207890873,-5.517271652198168,-5.487801720569134,0.9998515708881728,3.120333852413282e-16,4.5276282722994665e-15,0.9999999779687988,3.9968028886505635e-15,False,False,False,False,False,False,PASS
lowest,olympicenyl_542,olympicenyl,542,OK,62,62,125,62,63,-0.202668,-0.201352,0.000125,-0.0003715957462982,1.000000000000003,1.0000000000000009,4.993395018533068e-05,0.0013587720052809,1.358772005280957,0.0358101842997197,0.0359131524944534,0.0179565762472267,-5.5152,-5.478755,/home/rb1820/BLA-ML/FODFT_4Target_Complete_Run_20260629_211000/fodft_couplings/case_summaries/olympicenyl/orca_542,equal_contiguous_halves,A_then_B,olympicenyl_orca_542,0.0013587720052811803,0.03591315249463845,-5.514876724024194,-5.479066537252078,0.9996284042537018,2.8037468180475145e-16,1.8505336152330187e-13,0.9999998619166013,3.1086244689504383e-15,False,False,False,False,False,False,PASS
lowest,olympicenyl_546,olympicenyl,546,OK,62,62,125,62,63,-0.206561,-0.19988,0.000153,-0.0005011260040269,0.9999999999999988,1.0000000000000044,5.116093574654394e-05,0.0013921599833053,1.3921599833053817,0.1817992715094456,0.1818206145052807,0.0909103072526403,-5.620898,-5.438913,/home/rb1820/BLA-ML/FODFT_4Target_Complete_Run_20260629_211000/fodft_couplings/case_summaries/olympicenyl/orca_546,equal_contiguous_halves,A_then_B,olympicenyl_orca_546,0.0013921599833068882,0.18182061450518935,-5.620810468123646,-5.439011173786819,0.9994988739959731,1.5881393422567669e-15,9.134359935103475e-14,0.9999997488727281,4.440892098500626e-15,False,False,False,False,False,False,PASS
lowest,olympicenyl_437,olympicenyl,437,OK,62,62,125,62,63,-0.203616,-0.204171,0.000165,-0.0004701212612604,1.000000000000003,0.9999999999999938,6.91453458992889e-05,0.0018815407143779,1.8815407143779928,0.0151023193665233,0.0155640895154778,0.0077820447577389,-5.557007,-5.53943,/home/rb1820/BLA-ML/FODFT_4Target_Complete_Run_20260629_211000/fodft_couplings/case_summaries/olympicenyl/orca_437,equal_contiguous_halves,A_then_B,olympicenyl_orca_437,0.00188154071437913,0.015564089517116072,-5.540672736476341,-5.555775057511777,0.9995298787387397,1.2299189444675562e-15,1.6382711159890206e-12,0.9999997789859997,6.217248937900877e-15,False,False,False,False,False,False,PASS
lowest,olympicenyl_551,olympicenyl,551,OK,62,62,125,62,63,-0.203349,-0.20338,-0.000115,0.0001478455187923,1.000000000000001,0.9999999999999982,-8.493347185005498e-05,0.0023111575077245,2.311157507724595,0.0008435529736257,0.0046986570129383,0.0023493285064691,-5.53699,-5.530656,/home/rb1820/BLA-ML/FODFT_4Target_Complete_Run_20260629_211000/fodft_couplings/case_summaries/olympicenyl/orca_551,equal_contiguous_halves,A_then_B,olympicenyl_orca_551,0.0023111575077250828,0.004698657014183047,-5.53340784003652,-5.534251393019366,0.9998521544812078,5.828670879282072e-16,1.244747360740206e-12,0.9999999781417026,1.7763568394002505e-15,False,False,False,False,False,False,PASS
lowest,olympicenyl_245,olympicenyl,245,OK,62,62,125,62,63,-0.202237,-0.202015,0.000215,-0.0006423680572338,1.000000000000004,1.0000000000000016,8.51607492040124e-05,0.002317342039588,2.317342039588097,0.0060409277466093,0.007614008115829,0.0038070040579145,-5.506713,-5.49356,/home/rb1820/BLA-ML/FODFT_4Target_Complete_Run_20260629_211000/fodft_couplings/case_summaries/olympicenyl/orca_245,equal_contiguous_halves,A_then_B,olympicenyl_orca_245,0.0023173420395872055,0.007614008117397694,-5.503147632266547,-5.497106703273584,0.9993576319427662,7.945033519973776e-16,1.5686939594528049e-12,0.9999995873632791,3.9968028886505635e-15,False,False,False,False,False,False,PASS
highest,olympicenyl_6,olympicenyl,6,OK,62,62,125,62,63,-0.258339,-0.263494,-0.081,0.1106016801878156,1.000000000000002,1.000000000000001,-0.052787937384201,1.4364329532905238,1436.4329532905238,0.1402746960980687,2.87633085576545,1.438165427882725,-9.305139,-4.89467,/home/rb1820/BLA-ML/FODFT_4Target_Complete_Run_20260629_211000/fodft_couplings/case_summaries/olympicenyl/orca_6,equal_contiguous_halves,A_then_B,olympicenyl_orca_6,1.4364329532905236,2.8763308557654517,-6.8704574513071295,-7.0115980713733626,0.8893983198121844,2.220446049250313e-16,1.7763568394002505e-15,0.9877672683396321,1.9984014443252818e-15,False,False,False,False,False,False,PASS
highest,olympicenyl_10,olympicenyl,10,OK,62,62,125,62,63,-0.25823,-0.263581,0.080886,-0.1104753831403185,0.999999999999998,1.0000000000000016,0.0527056271035711,1.4341931764522875,1434.1931764522876,0.1456081278022816,2.8721253379057763,1.436062668952888,-9.301845,-4.897376,/home/rb1820/BLA-ML/FODFT_4Target_Complete_Run_20260629_211000/fodft_couplings/case_summaries/olympicenyl/orca_10,equal_contiguous_halves,A_then_B,olympicenyl_orca_10,1.4341931764522882,2.872125337905782,-6.867904841169706,-7.014409745903939,0.8895246168596815,6.661338147750939e-16,5.773159728050814e-15,0.9877951897199998,1.9984014443252818e-15,False,False,False,False,False,False,PASS
highest,olympicenyl_0,olympicenyl,0,OK,62,62,125,62,63,-0.254498,-0.259359,0.079966,-0.1101997837474577,1.000000000000002,0.999999999999996,0.0522875140312086,1.422815740145736,1422.815740145736,0.1322745485417477,2.848741857015934,1.424370928507967,-9.168378,-4.814393,/home/rb1820/BLA-ML/FODFT_4Target_Complete_Run_20260629_211000/fodft_couplings/case_summaries/olympicenyl/orca_0,equal_contiguous_halves,A_then_B,olympicenyl_orca_0,1.4228157401457342,2.8487418570159293,-6.768044109629594,-6.901129218821971,0.8898002162525422,1.7763568394002505e-15,4.884981308350689e-15,0.9878560076620135,3.9968028886505635e-15,False,False,False,False,False,False,PASS
highest,olympicenyl_1,olympicenyl,1,OK,62,62,125,62,63,-0.254593,-0.259586,-0.077438,0.1046786674767961,0.9999999999999984,1.000000000000003,-0.0510859948111417,1.390120736566518,1390.120736566518,0.1358664515262172,2.7835960297683595,1.3917980148841798,-9.104037,-4.887482,/home/rb1820/BLA-ML/FODFT_4Target_Complete_Run_20260629_211000/fodft_couplings/case_summaries/olympicenyl/orca_1,equal_contiguous_halves,A_then_B,olympicenyl_orca_1,1.390120736566518,2.783596029768367,-6.7819371918691145,-6.918554204035446,0.8953213325232039,0.0,7.549516567451064e-15,0.9890423765752824,3.1086244689504383e-15,False,False,False,False,False,False,PASS
highest,olympicenyl_13,olympicenyl,13,OK,62,62,125,62,63,-0.257555,-0.262191,-0.077074,0.1047230900014129,1.000000000000003,1.0000000000000042,-0.050412162870563,1.3717848353665474,1371.7848353665474,0.1261519866364011,2.746500560421897,1.3732502802109487,-9.169744,-4.973259,/home/rb1820/BLA-ML/FODFT_4Target_Complete_Run_20260629_211000/fodft_couplings/case_summaries/olympicenyl/orca_13,equal_contiguous_halves,A_then_B,olympicenyl_orca_13,1.3717848353665485,2.7465005604218997,-6.86442229180687,-6.991271770447073,0.8952769099985871,1.1102230246251565e-15,2.6645352591003757e-15,0.989033074420556,4.218847493575595e-15,False,False,False,False,False,False,PASS
highest,olympicenyl_14,olympicenyl,14,OK,62,62,125,62,63,-0.257466,-0.261735,0.076489,-0.10365155336458,1.000000000000002,1.000000000000002,0.0501194706972237,1.3638202755866335,1363.8202755866334,0.1161654078841233,2.730139910695262,1.365069955347631,-9.146281,-4.981905,/home/rb1820/BLA-ML/FODFT_4Target_Complete_Run_20260629_211000/fodft_couplings/case_summaries/olympicenyl/orca_14,equal_contiguous_halves,A_then_B,olympicenyl_orca_14,1.3638202755866329,2.730139910695261,-6.864330134357549,-6.981124635796328,0.8963484466354199,6.661338147750939e-16,1.3322676295501878e-15,0.9892563554851096,1.9984014443252818e-15,False,False,False,False,False,False,PASS
highest,olympicenyl_32,olympicenyl,32,OK,62,62,125,62,63,-0.258006,-0.263053,-0.075911,0.1020880106359636,1.000000000000002,0.9999999999999988,-0.0498334236767006,1.3560365396266654,1356.0365396266654,0.1373358663835005,2.7155846824786094,1.3577923412393047,-9.156158,-5.02257,/home/rb1820/BLA-ML/FODFT_4Target_Complete_Run_20260629_211000/fodft_couplings/case_summaries/olympicenyl/orca_32,equal_contiguous_halves,A_then_B,olympicenyl_orca_32,1.356036539626665,2.7155846824786103,-6.881905198348121,-7.019962362239808,0.8979119893640364,4.440892098500626e-16,8.881784197001252e-16,0.9895780380843914,1.9984014443252818e-15,False,False,False,False,False,False,PASS
highest,olympicenyl_25,olympicenyl,25,OK,62,62,125,62,63,-0.257134,-0.26239,-0.075579,0.1018654322012438,1.0000000000000029,1.000000000000003,-0.0496332543539142,1.350589654869725,1350.5896548697249,0.1430230461089139,2.7050027244898844,1.3525013622449422,-9.126338,-5.010613,/home/rb1820/BLA-ML/FODFT_4Target_Complete_Run_20260629_211000/fodft_couplings/case_summaries/olympicenyl/orca_25,equal_contiguous_halves,A_then_B,olympicenyl_orca_25,1.3505896548697236,2.7050027244898844,-6.859020257378714,-7.002791172842277,0.8981345677987562,1.3322676295501878e-15,0.0,0.9896234337224538,3.1086244689504383e-15,False,False,False,False,False,False,PASS
highest,olympicenyl_27,olympicenyl,27,OK,62,62,125,62,63,-0.258046,-0.262985,-0.075164,0.1008624027779977,0.9999999999999998,0.9999999999999976,-0.0493902386851744,1.3439768616438204,1343.9768616438205,0.1343970366689354,2.6913460247800938,1.3456730123900469,-9.135408,-5.042572,/home/rb1820/BLA-ML/FODFT_4Target_Complete_Run_20260629_211000/fodft_couplings/case_summaries/olympicenyl/orca_27,equal_contiguous_halves,A_then_B,olympicenyl_orca_27,1.343976861643821,2.6913460247800973,-6.885888196576982,-7.020974119469525,0.8991375972220024,6.661338147750939e-16,3.552713678800501e-15,0.989826775705849,2.4424906541753444e-15,False,False,False,False,False,False,PASS
highest,olympicenyl_8,olympicenyl,8,OK,62,62,125,62,63,-0.256739,-0.259716,-0.073768,0.0965841512215996,0.9999999999999994,0.999999999999999,-0.0492870906299611,1.3411700600728886,1341.1700600728886,0.0810082968543064,2.683574604432913,1.3417873022164566,-9.03446,-5.018995,/home/rb1820/BLA-ML/FODFT_4Target_Complete_Run_20260629_211000/fodft_couplings/case_summaries/olympicenyl/orca_8,equal_contiguous_halves,A_then_B,olympicenyl_orca_8,1.341170060072888,2.6835746044329114,-6.856498067948903,-6.9378868719309,0.9034158487784003,6.661338147750939e-16,1.7763568394002505e-15,0.9906715017328032,9.992007221626409e-16,False,False,False,False,False,False,PASS
lowest,fluorenyl_365,fluorenyl,365,OK,43,43,87,43,44,-0.236989,-0.237082,-0.0,-1.054757597911027e-07,1.000000000000001,0.9999999999999978,-2.50014994599642e-08,6.803254585339463e-07,0.0006803254585339,0.0025306589208763,0.0025306592886955,0.0012653296443477,-6.451343,-6.448786,/home/rb1820/BLA-ML/FODFT_4Target_Complete_Run_20260629_211000/fodft_couplings/case_summaries/fluorenyl/orca_365,equal_contiguous_halves,A_then_B,fluorenyl_orca_365,6.803254578295414e-07,0.0025306592866661303,-6.44879921505052,-6.451329873971396,0.9999998945242403,7.0440488091441135e-16,2.0293697278184197e-12,0.9999999999999889,2.220446049250313e-15,False,False,False,False,False,False,PASS
lowest,fluorenyl_366,fluorenyl,366,OK,43,43,87,43,44,-0.237055,-0.237025,-0.0,2.6427669215873535e-07,1.0000000000000058,0.999999999999999,6.264414710931101e-08,1.7046340830419544e-06,0.0017046340830419,0.0008163415873789,0.0008163487080487,0.0004081743540243,-6.450596,-6.449781,/home/rb1820/BLA-ML/FODFT_4Target_Complete_Run_20260629_211000/fodft_couplings/case_summaries/fluorenyl/orca_366,equal_contiguous_halves,A_then_B,fluorenyl_orca_366,1.70463408257098e-06,0.0008163487063705509,-6.450595166543133,-6.449778824955754,0.9999997357233079,4.709744591123877e-16,1.67814915609521e-12,0.9999999999999302,5.773159728050814e-15,False,False,False,False,False,False,PASS
lowest,fluorenyl_358,fluorenyl,358,OK,43,43,87,43,44,-0.239233,-0.236019,-2.2e-05,7.592217705718546e-05,0.9999999999999954,1.0000000000000042,-3.958916777429143e-06,0.0001077276135463,0.1077276135463465,0.0874573953946052,0.0874576610380198,0.0437288305190099,-6.509868,-6.422387,/home/rb1820/BLA-ML/FODFT_4Target_Complete_Run_20260629_211000/fodft_couplings/case_summaries/fluorenyl/orca_358,equal_contiguous_halves,A_then_B,fluorenyl_orca_358,0.00010772761354737001,0.08745766103808326,-6.509861557733558,-6.422404162086893,0.9999240778229428,1.0700126765531004e-15,6.346312364513551e-14,0.999999994235823,4.551914400963142e-15,False,False,False,False,False,False,PASS
lowest,fluorenyl_342,fluorenyl,342,OK,43,43,87,43,44,-0.235827,-0.238049,-2.1e-05,0.0001056858646147,0.9999999999999976,0.9999999999999968,4.040997435213824e-06,0.0001099611420286,0.1099611420286502,0.0604637002385853,0.0604641005323356,0.0302320502661678,-6.477643,-6.417161,/home/rb1820/BLA-ML/FODFT_4Target_Complete_Run_20260629_211000/fodft_couplings/case_summaries/fluorenyl/orca_342,equal_contiguous_halves,A_then_B,fluorenyl_orca_342,0.00010996114202752096,0.06046410053235679,-6.417179595685113,-6.477643296261374,0.9998943141353853,1.0790386596390422e-15,2.1191381982532675e-14,0.999999988830498,3.219646771412954e-15,False,False,False,False,False,False,PASS
lowest,fluorenyl_347,fluorenyl,347,OK,43,43,87,43,44,-0.237954,-0.236484,9e-06,-1.1803951359345976e-05,0.9999999999999944,1.0000000000000009,6.199878463351157e-06,0.0001687072875444,0.1687072875444308,0.0400007377816023,0.0400021608402526,0.0200010804201263,-6.475067,-6.435043,/home/rb1820/BLA-ML/FODFT_4Target_Complete_Run_20260629_211000/fodft_couplings/case_summaries/fluorenyl/orca_347,equal_contiguous_halves,A_then_B,fluorenyl_orca_347,0.0001687072875452612,0.04000216084027081,-6.475058200787805,-6.4350574630034165,0.9999881960486408,8.612088906595483e-16,1.8214596497756474e-14,0.9999999998606667,5.551115123125783e-15,False,False,False,False,False,False,PASS
lowest,fluorenyl_361,fluorenyl,361,OK,43,43,87,43,44,-0.237717,-0.237501,-9e-06,7.989842260658495e-06,1.0000000000000036,1.000000000000001,-7.101541570740541e-06,0.0001932427906233,0.1932427906233611,0.0058776594291339,0.0058903524058646,0.0029451762029323,-6.468629,-6.462714,/home/rb1820/BLA-ML/FODFT_4Target_Complete_Run_20260629_211000/fodft_couplings/case_summaries/fluorenyl/orca_361,equal_contiguous_halves,A_then_B,fluorenyl_orca_361,0.00019324279062377223,0.005890352406402401,-6.468609102693644,-6.462731443264323,0.9999920101577393,4.722242562260615e-16,5.378007067458057e-13,0.9999999999361624,3.552713678800501e-15,False,False,False,False,False,False,PASS
lowest,fluorenyl_327,fluorenyl,327,OK,43,43,87,43,44,-0.230376,-0.238917,4.1e-05,-0.0002208668292575,1.0000000000000024,0.999999999999999,-1.08256289794897e-05,0.0002945803715166,0.2945803715166551,0.2324124499269833,0.2324132023496917,0.1162066011748458,-6.501271,-6.268845,/home/rb1820/BLA-ML/FODFT_4Target_Complete_Run_20260629_211000/fodft_couplings/case_summaries/fluorenyl/orca_327,equal_contiguous_halves,A_then_B,fluorenyl_orca_327,0.0002945803715157549,0.23241320234969176,-6.268850380034367,-6.501262835630141,0.9997791331707424,8.450813833438264e-16,5.551115123125783e-17,0.9999999512178437,2.4424906541753444e-15,False,False,False,False,False,False,PASS
lowest,fluorenyl_336,fluorenyl,336,OK,43,43,87,43,44,-0.236744,-0.236797,-2e-05,3.430617820659185e-05,1.000000000000001,1.0000000000000036,-1.1877309046914716e-05,0.0003231980440385,0.3231980440385639,0.0014422034710372,0.0015804362617585,0.0007902181308792,-6.443762,-6.441947,/home/rb1820/BLA-ML/FODFT_4Target_Complete_Run_20260629_211000/fodft_couplings/case_summaries/fluorenyl/orca_336,equal_contiguous_halves,A_then_B,fluorenyl_orca_336,0.0003231980440383628,0.0015804362552790695,-6.442132414332067,-6.443574617803954,0.9999656938217933,1.3720578492804059e-16,6.479430490410887e-12,0.9999999988230861,3.552713678800501e-15,False,False,False,False,False,False,PASS
lowest,fluorenyl_359,fluorenyl,359,OK,43,43,87,43,44,-0.236724,-0.236775,-2.1e-05,3.659556007205902e-05,1.0000000000000002,0.9999999999999966,-1.2336019467240892e-05,0.0003356801904611,0.335680190461119,0.001387780698546,0.001541641998021,0.0007708209990105,-6.443184,-6.441396,/home/rb1820/BLA-ML/FODFT_4Target_Complete_Run_20260629_211000/fodft_couplings/case_summaries/fluorenyl/orca_359,equal_contiguous_halves,A_then_B,fluorenyl_orca_359,0.00033568019046096236,0.0015416419918082645,-6.4415881854103905,-6.4429759661098664,0.9999634044399279,1.376394657970348e-16,6.212735621097254e-12,0.9999999986607649,3.4416913763379853e-15,False,False,False,False,False,False,PASS
lowest,fluorenyl_364,fluorenyl,364,OK,43,43,87,43,44,-0.237361,-0.237243,-1.9e-05,1.8883130144886183e-05,1.0000000000000029,1.000000000000005,-1.4518995455535296e-05,0.0003950819932443,0.3950819932443153,0.003210943577026,0.0033067382323981,0.001653369116199,-6.459,-6.455639,/home/rb1820/BLA-ML/FODFT_4Target_Complete_Run_20260629_211000/fodft_couplings/case_summaries/fluorenyl/orca_364,equal_contiguous_halves,A_then_B,fluorenyl_orca_364,0.00039508199324510425,0.0033067382394244456,-6.458921843273858,-6.455710899696259,0.9999811168698551,8.042611715497472e-16,7.026345651139909e-12,0.9999999996434275,5.10702591327572e-15,False,False,False,False,False,False,PASS
highest,fluorenyl_0,fluorenyl,0,OK,43,43,87,43,44,-0.245672,-0.247273,0.072075,-0.135987481936162,1.0000000000000002,1.0000000000000009,0.0392842939050965,1.0689800948524957,1068.9800948524958,0.0435654293798265,2.1384123733837126,1.0692061866918563,-8.668254,-4.745467,/home/rb1820/BLA-ML/FODFT_4Target_Complete_Run_20260629_211000/fodft_couplings/case_summaries/fluorenyl/orca_0,equal_contiguous_halves,A_then_B,fluorenyl_orca_0,1.0689800948524952,2.1384123733837104,-6.539503523828082,-6.583477446522724,0.864012518063838,4.440892098500626e-16,2.220446049250313e-15,0.981507404756662,8.881784197001252e-16,False,False,False,False,False,False,PASS
highest,fluorenyl_1,fluorenyl,1,OK,43,43,87,43,44,-0.24556,-0.244502,0.068891,-0.1310539329959738,0.9999999999999998,0.9999999999999992,0.037421442000714,1.0182893121632677,1018.2893121632676,0.0287896466482553,2.0367856590935576,1.0183928295467788,-8.542305,-4.792959,/home/rb1820/BLA-ML/FODFT_4Target_Complete_Run_20260629_211000/fodft_couplings/case_summaries/fluorenyl/orca_1,equal_contiguous_halves,A_then_B,fluorenyl_orca_1,1.0182893121632681,2.03678565909356,-6.548702419269148,-6.519662308638694,0.8689460670040262,4.440892098500626e-16,2.220446049250313e-15,0.9828248666462868,7.771561172376096e-16,False,False,False,False,False,False,PASS
highest,fluorenyl_7,fluorenyl,7,OK,43,43,87,43,44,-0.248201,-0.2481,0.05857,-0.1035404074312007,0.9999999999999998,1.0000000000000036,0.0332326708273753,0.9043070418694892,904.3070418694892,0.0027483500108452,1.808616194548119,0.9043080972740596,-8.346296,-5.158738,/home/rb1820/BLA-ML/FODFT_4Target_Complete_Run_20260629_211000/fodft_couplings/case_summaries/fluorenyl/orca_7,equal_contiguous_halves,A_then_B,fluorenyl_orca_7,0.904307041869491,1.8086161945481167,-6.660268383843831,-6.657505182310113,0.8964595925687993,1.7763568394002505e-15,2.220446049250313e-15,0.989279384028981,3.552713678800501e-15,False,False,False,False,False,False,PASS
highest,fluorenyl_2,fluorenyl,2,OK,43,43,87,43,44,-0.245647,-0.243492,-0.049092,0.0914466781257744,1.0000000000000018,1.0000000000000018,-0.0269523202962232,0.733409997806113,733.4099978061131,0.0586405373601046,1.4680015704583822,0.7340007852291911,-7.991279,-5.318886,/home/rb1820/BLA-ML/FODFT_4Target_Complete_Run_20260629_211000/fodft_couplings/case_summaries/fluorenyl/orca_2,equal_contiguous_halves,A_then_B,fluorenyl_orca_2,0.7334099978061139,1.468001570458383,-6.617450858763568,-6.558563582205551,0.9085533218742257,8.881784197001252e-16,8.881784197001252e-16,0.991637505059761,1.7763568394002505e-15,False,False,False,False,False,False,PASS
highest,fluorenyl_3,fluorenyl,3,OK,43,43,87,43,44,-0.242547,-0.241902,-0.045743,0.0876085171300729,0.999999999999998,1.000000000000001,-0.024711739577809,0.6724406904620306,672.4406904620306,0.0175513441286624,1.3449967885029863,0.6724983942514933,-7.836025,-5.346515,/home/rb1820/BLA-ML/FODFT_4Target_Complete_Run_20260629_211000/fodft_couplings/case_summaries/fluorenyl/orca_3,equal_contiguous_halves,A_then_B,fluorenyl_orca_3,0.6724406904620323,1.344996788502994,-6.541162440917089,-6.523543351066944,0.9123914828699271,1.6653345369377348e-15,7.771561172376096e-15,0.9923247477262698,1.9984014443252818e-15,False,False,False,False,False,False,PASS
highest,fluorenyl_11,fluorenyl,11,OK,43,43,87,43,44,-0.242025,-0.245558,0.044369,-0.0824842582296075,0.9999999999999984,0.9999999999999974,0.0244262265256717,0.6646714845220504,664.6714845220504,0.0961378276070758,1.3328385215939509,0.6664192607969754,-7.842197,-5.425605,/home/rb1820/BLA-ML/FODFT_4Target_Complete_Run_20260629_211000/fodft_couplings/case_summaries/fluorenyl/orca_11,equal_contiguous_halves,A_then_B,fluorenyl_orca_11,0.6646714845220516,1.3328385215939509,-6.5308464605468215,-6.627313010696394,0.9175157417703925,1.2212453270876722e-15,0.0,0.9931963471443114,2.55351295663786e-15,False,False,False,False,False,False,PASS
highest,fluorenyl_23,fluorenyl,23,OK,43,43,87,43,44,-0.242827,-0.242949,0.043327,-0.0799401888664669,0.9999999999999994,1.0000000000000056,0.0240642685214371,0.6548221054639966,654.8221054639965,0.0033197891220108,1.3096484456139263,0.6548242228069632,-7.788298,-5.430329,/home/rb1820/BLA-ML/FODFT_4Target_Complete_Run_20260629_211000/fodft_couplings/case_summaries/fluorenyl/orca_23,equal_contiguous_halves,A_then_B,fluorenyl_orca_23,0.6548221054639981,1.3096484456139226,-6.555307355890697,-6.5586378035709085,0.9200598111335332,1.5543122344752192e-15,3.774758283725532e-15,0.9936095662039937,5.551115123125783e-15,False,False,False,False,False,False,PASS
highest,fluorenyl_4,fluorenyl,4,OK,43,43,87,43,44,-0.240446,-0.240731,0.043892,-0.0858162337496801,0.9999999999999988,0.9999999999999954,0.0234180616278508,0.6372379200878012,637.2379200878012,0.0077552450801067,1.2744996105250257,0.6372498052625128,-7.741122,-5.352376,/home/rb1820/BLA-ML/FODFT_4Target_Complete_Run_20260629_211000/fodft_couplings/case_summaries/fluorenyl/orca_4,equal_contiguous_halves,A_then_B,fluorenyl_orca_4,0.6372379200878024,1.2744996105250128,-6.488169261415972,-6.495953221660958,0.9141837662503198,1.2212453270876722e-15,1.2878587085651816e-14,0.9926355740250202,4.551914400963142e-15,False,False,False,False,False,False,PASS
highest,fluorenyl_14,fluorenyl,14,OK,43,43,87,43,44,-0.241409,-0.244986,0.042481,-0.0791355193026045,0.9999999999999974,0.9999999999999974,0.0233818668585863,0.63625301024126,636.25301024126,0.0973351286018989,1.276246607981811,0.6381233039909057,-7.774727,-5.460738,/home/rb1820/BLA-ML/FODFT_4Target_Complete_Run_20260629_211000/fodft_couplings/case_summaries/fluorenyl/orca_14,equal_contiguous_halves,A_then_B,fluorenyl_orca_14,0.6362530102412615,1.2762466079818173,-6.518570221768813,-6.616211566601943,0.9208644806973956,1.4432899320127035e-15,6.217248937900877e-15,0.9937375695847072,2.55351295663786e-15,False,False,False,False,False,False,PASS
highest,fluorenyl_19,fluorenyl,19,OK,43,43,87,43,44,-0.240854,-0.244907,-0.04075,0.0757161338467824,0.9999999999999998,0.9999999999999982,-0.0224889552250786,0.611955646898344,611.9556468983441,0.1102877484549893,1.2288988471392133,0.6144494235696066,-7.719327,-5.498883,/home/rb1820/BLA-ML/FODFT_4Target_Complete_Run_20260629_211000/fodft_couplings/case_summaries/fluorenyl/orca_19,equal_contiguous_halves,A_then_B,fluorenyl_orca_19,0.6119556468983455,1.2288988471392095,-6.507477556247711,-6.618082806651964,0.9242838661532176,1.4432899320127035e-15,3.774758283725532e-15,0.9942670670752961,1.7763568394002505e-15,False,False,False,False,False,False,PASS
lowest,CPBP_316,CPBP,316,OK,88,88,177,88,89,-0.189191,-0.189565,4.3e-05,-0.0001396615315045,1.0000000000000009,1.0000000000000018,1.6551178809577077e-05,0.0004503805194138,0.4503805194138137,0.0101770584559998,0.0102168435092786,0.0051084217546393,-5.158454,-5.14802,/home/rb1820/BLA-ML/FODFT_4Target_Complete_Run_20260629_211000/fodft_couplings/case_summaries/CPBP/orca_316,equal_contiguous_halves,A_then_B,CPBP_orca_316,0.00045038051941375886,0.010216843508937975,-5.148149312314254,-5.158326370869507,0.9998603384684954,4.1145472445824893e-17,3.406250975723779e-13,0.9999999804946567,1.7763568394002505e-15,False,False,False,False,False,False,PASS
lowest,CPBP_701,CPBP,701,OK,88,88,177,88,89,-0.191921,-0.192259,0.000352,-0.0017287310422007,1.0,0.9999999999999952,1.992811365904355e-05,0.0005422715979301,0.5422715979301832,0.009197448551144,0.0092611849447657,0.0046305924723828,-5.237652,-5.216425,/home/rb1820/BLA-ML/FODFT_4Target_Complete_Run_20260629_211000/fodft_couplings/case_summaries/CPBP/orca_701,equal_contiguous_halves,A_then_B,CPBP_orca_701,0.0005422715979301774,0.009261184945928848,-5.222435515402832,-5.2316329776973465,0.9982712689577993,7.741203511546502e-17,1.163147703153733e-12,0.9999970114889837,4.773959005888173e-15,False,False,False,False,False,False,PASS
lowest,CPBP_787,CPBP,787,OK,88,88,177,88,89,-0.187975,-0.188381,-5.1e-05,0.0001285428743811,0.999999999999999,1.0000000000000022,-2.681105942771049e-05,0.0007295660937515,0.7295660937515681,0.0110478228158708,0.0111437631766645,0.0055718815883322,-5.126286,-5.114888,/home/rb1820/BLA-ML/FODFT_4Target_Complete_Run_20260629_211000/fodft_couplings/case_summaries/CPBP/orca_787,equal_contiguous_halves,A_then_B,CPBP_orca_787,0.0007295660937520912,0.011143763176244591,-5.115060235763434,-5.126108058670577,0.9998714571256189,5.912154446563456e-16,4.199088993184219e-13,0.9999999834767295,2.220446049250313e-15,False,False,False,False,False,False,PASS
lowest,CPBP_218,CPBP,218,OK,88,88,177,88,89,-0.18882,-0.188663,0.000167,-0.0007425615062961,1.000000000000001,0.9999999999999996,2.684784226323811e-05,0.0007305670056963,0.7305670056963328,0.0042721876406198,0.0045151422897897,0.0022575711448948,-5.140944,-5.130885,/home/rb1820/BLA-ML/FODFT_4Target_Complete_Run_20260629_211000/fodft_couplings/case_summaries/CPBP/orca_218,equal_contiguous_halves,A_then_B,CPBP_orca_218,0.0007305670056967574,0.004515142290094895,-5.138053409065435,-5.133781220246978,0.9992574384937039,4.574248965716343e-16,3.051951052990276e-13,0.9999994486024094,1.1102230246251565e-15,False,False,False,False,False,False,PASS
lowest,CPBP_411,CPBP,411,OK,88,88,177,88,89,-0.191024,-0.190878,-2.8e-05,0.0003444234876624,0.9999999999999976,0.9999999999999968,3.776801387295771e-05,0.0010277200132408,1.0277200132408857,0.0039728623919144,0.0044730829572754,0.0022365414786377,-5.198166,-5.193906,/home/rb1820/BLA-ML/FODFT_4Target_Complete_Run_20260629_211000/fodft_couplings/case_summaries/CPBP/orca_411,equal_contiguous_halves,A_then_B,CPBP_orca_411,0.0010277200132396234,0.004473082959204444,-5.1980282003423435,-5.194055337714784,0.9996555765123376,1.1765761975812694e-15,1.929043730308777e-12,0.9999998813724611,3.219646771412954e-15,False,False,False,False,False,False,PASS
lowest,CPBP_266,CPBP,266,OK,88,88,177,88,89,-0.189531,-0.189478,-0.000574,0.0026978689124894,1.000000000000002,0.9999999999999992,-6.274215734173016e-05,0.0017073010773323,1.707301077332371,0.0014422034710372,0.0037066796282051,0.0018533398141025,-5.172316,-5.141039,/home/rb1820/BLA-ML/FODFT_4Target_Complete_Run_20260629_211000/fodft_couplings/case_summaries/CPBP/orca_266,equal_contiguous_halves,A_then_B,CPBP_orca_266,0.0017073010773330701,0.0037066796281235745,-5.157396643138132,-5.15595443441853,0.9973021310875105,7.7021722333370235e-16,8.152549815787502e-14,0.9999927215033311,1.9984014443252818e-15,False,False,False,False,False,False,PASS
lowest,CPBP_384,CPBP,384,OK,88,88,177,88,89,-0.19008,-0.188649,-3.1e-05,0.0005391573933045,0.9999999999999948,1.0000000000000002,7.109729087174013e-05,0.0019346558429542,1.9346558429542773,0.0389394937180085,0.039131268631338,0.019565634315669,-5.172365,-5.133392,/home/rb1820/BLA-ML/FODFT_4Target_Complete_Run_20260629_211000/fodft_couplings/case_summaries/CPBP/orca_384,equal_contiguous_halves,A_then_B,CPBP_orca_384,0.0019346558429528791,0.039131268631458105,-5.172341343551236,-5.133401844173551,0.9994608426066955,1.3207750865218415e-15,1.2010531458273022e-13,0.9999997093093053,5.218048215738236e-15,False,False,False,False,False,False,PASS
lowest,CPBP_591,CPBP,591,OK,88,88,177,88,89,-0.190281,-0.190133,-0.000113,0.0001873040432577,1.0000000000000018,1.0000000000000036,-7.737346255855977e-05,0.0021054391748704,2.105439174870461,0.0040272851644064,0.0058267077193992,0.0029133538596996,-5.179454,-5.172121,/home/rb1820/BLA-ML/FODFT_4Target_Complete_Run_20260629_211000/fodft_couplings/case_summaries/CPBP/orca_591,equal_contiguous_halves,A_then_B,CPBP_orca_591,0.0021054391748722232,0.0058267077188426655,-5.177809391950892,-5.173782106715841,0.9998126959567424,1.8231943732516243e-15,5.565348529246172e-13,0.9999999649171953,3.552713678800501e-15,False,False,False,False,False,False,PASS
lowest,CPBP_579,CPBP,579,OK,88,88,177,88,89,-0.190647,-0.191132,0.000138,-0.0002113605889588,1.0000000000000022,1.0000000000000009,9.765348721644188e-05,0.0026572867589142,2.6572867589142515,0.0131975223293037,0.014227413506837,0.0071137067534185,-5.201961,-5.186784,/home/rb1820/BLA-ML/FODFT_4Target_Complete_Run_20260629_211000/fodft_couplings/case_summaries/CPBP/orca_579,equal_contiguous_halves,A_then_B,CPBP_orca_579,0.002657286758915141,0.014227413506673134,-5.187768591845784,-5.200966114469877,0.9997886394110411,9.406538048484236e-16,1.6386718371119713e-13,0.9999999553267014,2.220446049250313e-15,False,False,False,False,False,False,PASS
lowest,CPBP_181,CPBP,181,OK,88,88,177,88,89,-0.188603,-0.19019,0.0006,-0.0026440312594329,1.0000000000000022,0.9999999999999984,9.923042728292902e-05,0.0027001974841502,2.700197484150207,0.043184469972383,0.0435209805725114,0.0217604902862557,-5.180828,-5.126674,/home/rb1820/BLA-ML/FODFT_4Target_Complete_Run_20260629_211000/fodft_couplings/case_summaries/CPBP/orca_181,equal_contiguous_halves,A_then_B,CPBP_orca_181,0.0027001974841492048,0.04352098057284,-5.132141865270532,-5.175326486192891,0.9973559687405671,9.95297594341693e-16,3.285982597134307e-13,0.9999930090986991,2.220446049250313e-15,False,False,False,False,False,False,PASS
highest,CPBP_9,CPBP,9,OK,88,88,177,88,89,-0.168068,-0.168671,0.055874,-0.1009385655840421,1.0000000000000036,1.0000000000000009,0.0392792242512996,1.068842142544893,1068.842142544893,0.0164084659063305,2.1377479065277964,1.0688739532638982,-6.101992,-3.061141,/home/rb1820/BLA-ML/FODFT_4Target_Complete_Run_20260629_211000/fodft_couplings/case_summaries/CPBP/orca_9,equal_contiguous_halves,A_then_B,CPBP_orca_9,1.0688421425448942,2.1377479065277956,-4.4654337539783295,-4.481926453700909,0.8990614344159579,1.1102230246251565e-15,8.881784197001252e-16,0.989811405977836,3.552713678800501e-15,False,False,False,False,False,False,PASS
highest,CPBP_6,CPBP,6,OK,88,88,177,88,89,-0.169119,-0.16893,-0.055666,0.101249962229581,0.9999999999999976,0.999999999999999,-0.0389515901218127,1.0599267637000576,1059.9267637000576,0.0051429520004915,2.11985983063685,1.059929915318425,-6.114137,-3.084638,/home/rb1820/BLA-ML/FODFT_4Target_Complete_Run_20260629_211000/fodft_couplings/case_summaries/CPBP/orca_6,equal_contiguous_halves,A_then_B,CPBP_orca_6,1.0599267637000584,2.11985983063685,-4.494658168774605,-4.4894886507138825,0.898750037770419,8.881784197001252e-16,0.0,0.9897484451485085,2.4424906541753444e-15,False,False,False,False,False,False,PASS
highest,CPBP_375,CPBP,375,OK,88,88,177,88,89,-0.171905,-0.171894,0.055033,-0.1016901591550078,1.0,1.0000000000000024,0.037944896428265,1.032533232773531,1032.533232773531,0.0002993252487061,2.065066487466884,1.032533243733442,-6.175141,-3.180118,/home/rb1820/BLA-ML/FODFT_4Target_Complete_Run_20260629_211000/fodft_couplings/case_summaries/CPBP/orca_375,equal_contiguous_halves,A_then_B,CPBP_orca_375,1.032533232773531,2.0650664874668854,-4.572775663718939,-4.572474778718333,0.8983098408449922,0.0,1.3322676295501878e-15,0.9896591115310291,2.4424906541753444e-15,False,False,False,False,False,False,PASS
highest,CPBP_391,CPBP,391,OK,88,88,177,88,89,-0.173049,-0.1729,0.054064,-0.1011240879127997,1.0000000000000004,1.0000000000000029,0.0369499647940297,1.005459763786002,1005.459763786002,0.0040544965506524,2.0109236572171194,1.0054618286085597,-6.178017,-3.235727,/home/rb1820/BLA-ML/FODFT_4Target_Complete_Run_20260629_211000/fodft_couplings/case_summaries/CPBP/orca_391,equal_contiguous_halves,A_then_B,CPBP_orca_391,1.0054597637860017,2.0109236572171194,-4.607237422520457,-4.603162034801085,0.8988759120872003,4.440892098500626e-16,0.0,0.9897739188438044,2.886579864025407e-15,False,False,False,False,False,False,PASS
highest,CPBP_707,CPBP,707,OK,88,88,177,88,89,-0.173344,-0.173345,-0.054024,0.1009107082689347,0.9999999999999982,1.0000000000000036,-0.0369075118549765,1.0043045604641472,1004.3045604641472,2.721138624601521e-05,2.008609121114512,1.0043045605572558,-6.187019,-3.246857,/home/rb1820/BLA-ML/FODFT_4Target_Complete_Run_20260629_211000/fodft_couplings/case_summaries/CPBP/orca_707,equal_contiguous_halves,A_then_B,CPBP_orca_707,1.0043045604641478,2.0086091211145125,-4.615585383103608,-4.6156127341034034,0.8990892917310653,6.661338147750939e-16,4.440892098500626e-16,0.9898170289566619,3.552713678800501e-15,False,False,False,False,False,False,PASS
highest,CPBP_337,CPBP,337,OK,88,88,177,88,89,-0.173193,-0.173131,0.053944,-0.1010874322517449,1.000000000000001,1.0000000000000002,0.0368157055640839,1.0018063840228584,1001.8063840228584,0.0016871059472514,2.00361348567738,1.00180674283869,-6.179878,-3.244085,/home/rb1820/BLA-ML/FODFT_4Target_Complete_Run_20260629_211000/fodft_couplings/case_summaries/CPBP/orca_337,equal_contiguous_halves,A_then_B,CPBP_orca_337,1.0018063840228588,2.0036134856773793,-4.611555926437042,-4.60986013386995,0.898912567748255,4.440892098500626e-16,8.881784197001252e-16,0.9897813310407488,1.1102230246251565e-15,False,False,False,False,False,False,PASS
highest,CPBP_685,CPBP,685,OK,88,88,177,88,89,-0.175457,-0.175363,-0.052522,0.1002775947326075,0.999999999999999,0.9999999999999992,-0.0352871403353499,0.9602120051815892,960.2120051815892,0.0025578703071231,1.9204257311176984,0.9602128655588492,-6.202352,-3.343942,/home/rb1820/BLA-ML/FODFT_4Target_Complete_Run_20260629_211000/fodft_couplings/case_summaries/CPBP/orca_685,equal_contiguous_halves,A_then_B,CPBP_orca_685,0.96021200518159,1.9204257311176984,-4.67814692538175,-4.675576096809791,0.8997224052673924,7.771561172376096e-16,0.0,0.9899444039946429,9.992007221626409e-16,False,False,False,False,False,False,PASS
highest,CPBP_8,CPBP,8,OK,88,88,177,88,89,-0.184222,-0.184382,-0.050493,0.0967478932621358,0.9999999999999996,0.9999999999999986,-0.0329707813954102,0.8971806673825422,897.1806673825422,0.0043538217993579,1.794366666701523,0.8971833333507615,-6.389085,-3.641126,/home/rb1820/BLA-ML/FODFT_4Target_Complete_Run_20260629_211000/fodft_couplings/case_summaries/CPBP/orca_8,equal_contiguous_halves,A_then_B,CPBP_orca_8,0.8971806673825433,1.7943666667015261,-4.92612539736785,-4.93049973955875,0.9032521067378643,1.1102230246251565e-15,3.1086244689504383e-15,0.9906398451493383,1.4432899320127035e-15,False,False,False,False,False,False,PASS
highest,CPBP_15,CPBP,15,OK,88,88,177,88,89,-0.184763,-0.184384,-0.049631,0.0953844050700996,1.0000000000000042,0.9999999999999994,-0.0323196163507746,0.8794615638430793,879.4615638430793,0.0103131153872299,1.7589536395338563,0.8794768197669282,-6.373048,-3.671951,/home/rb1820/BLA-ML/FODFT_4Target_Complete_Run_20260629_211000/fodft_couplings/case_summaries/CPBP/orca_15,equal_contiguous_halves,A_then_B,CPBP_orca_15,0.8794615638430802,1.7589536395338525,-4.943794057865434,-4.933433704583911,0.9046155949299004,8.881784197001252e-16,3.774758283725532e-15,0.9909018152694231,4.218847493575595e-15,False,False,False,False,False,False,PASS
highest,CPBP_3,CPBP,3,OK,88,88,177,88,89,-0.184499,-0.184654,-0.048878,0.0945198863282284,1.0,1.0,-0.0317151940272067,0.8630143945407753,863.0143945407754,0.0042177648681285,1.72603398884362,0.86301699442181,-6.352623,-3.692526,/home/rb1820/BLA-ML/FODFT_4Target_Complete_Run_20260629_211000/fodft_couplings/case_summaries/CPBP/orca_3,equal_contiguous_halves,A_then_B,CPBP_orca_3,0.8630143945407756,1.72603398884362,-4.938892044544679,-4.943128777377288,0.9054801136717716,2.220446049250313e-16,0.0,0.9910659910884988,0.0,False,False,False,False,False,False,PASS
lowest,phenalenyl_olympicenyl_627,phenalenyl_olympicenyl,627,OK,43,62,62,62,63,-0.209262,-0.205095,-1e-06,8.147478104294418e-07,1.0000000000000036,0.9999999999999972,-8.312017707574956e-07,2.2618152432431385e-05,0.0226181524324313,0.1133898464870321,0.1133898555104606,0.0566949277552303,-5.6943,-5.580906,/home/rb1820/BLA-ML/FODFT_4Target_Complete_Run_20260629_211000/fodft_couplings/case_summaries/phenalenyl_olympicenyl/orca_627,Monomer_B_then_Monomer_A,B_then_A,phenalenyl_olympicenyl_orca_627,2.2618152432371893e-05,0.11338985551046593,-5.694309108589529,-5.5809192621024595,0.9999991852521897,5.949220608335304e-17,5.329070518200751e-15,0.9999999999993362,3.552713678800501e-15,False,False,False,False,False,False,PASS
lowest,phenalenyl_olympicenyl_628,phenalenyl_olympicenyl,628,OK,43,62,62,62,63,-0.209218,-0.205221,-1e-06,5.734192761605546e-07,1.000000000000002,1.0000000000000009,-8.811763443039377e-07,2.397802985568216e-05,0.0239780298556821,0.108763910825214,0.1087639213976618,0.0543819606988309,-5.693118,-5.584359,/home/rb1820/BLA-ML/FODFT_4Target_Complete_Run_20260629_211000/fodft_couplings/case_summaries/phenalenyl_olympicenyl/orca_628,Monomer_B_then_Monomer_A,B_then_A,phenalenyl_olympicenyl_orca_628,2.3978029855612367e-05,0.10876392139759768,-5.693111807599376,-5.584347896774143,0.9999994265807239,6.979212672196533e-17,6.41292574599106e-14,0.9999999999996712,1.9984014443252818e-15,False,False,False,False,False,False,PASS
lowest,phenalenyl_olympicenyl_626,phenalenyl_olympicenyl,626,OK,43,62,62,62,63,-0.209618,-0.204926,-2e-06,1.452681156930881e-06,1.0000000000000009,1.000000000000003,-1.6988998712442077e-06,4.6229420589685415e-05,0.0462294205896854,0.1276758242661757,0.1276758577442528,0.0638379288721264,-5.703986,-5.576326,/home/rb1820/BLA-ML/FODFT_4Target_Complete_Run_20260629_211000/fodft_couplings/case_summaries/phenalenyl_olympicenyl/orca_626,Monomer_B_then_Monomer_A,B_then_A,phenalenyl_olympicenyl_orca_626,4.622942059037505e-05,0.1276758577442083,-5.703996362044421,-5.57632053777811,0.9999985473188431,6.896338968637172e-16,4.449218771185315e-14,0.9999999999978897,3.1086244689504383e-15,False,False,False,False,False,False,PASS
lowest,phenalenyl_olympicenyl_630,phenalenyl_olympicenyl,630,OK,43,62,62,62,63,-0.208391,-0.205259,-2e-06,1.1513356743779056e-06,1.0000000000000004,0.9999999999999976,-1.761874999149125e-06,4.794306111899662e-05,0.0479430611189966,0.0852260617224343,0.0852261156623225,0.0426130578311612,-5.670608,-5.585388,/home/rb1820/BLA-ML/FODFT_4Target_Complete_Run_20260629_211000/fodft_couplings/case_summaries/phenalenyl_olympicenyl/orca_630,Monomer_B_then_Monomer_A,B_then_A,phenalenyl_olympicenyl_orca_630,4.794306111913531e-05,0.0852261156622448,-5.6706079911325125,-5.585381929410023,0.9999988486643256,1.3868978665163012e-16,7.768785614814533e-14,0.9999999999986744,2.4424906541753444e-15,False,False,False,False,False,False,PASS
lowest,phenalenyl_olympicenyl_632,phenalenyl_olympicenyl,632,OK,43,62,62,62,63,-0.207737,-0.204525,-3e-06,3.6108279025755335e-06,1.0,1.0000000000000022,-2.255696433643613e-06,6.138062690957399e-05,0.0613806269095739,0.0874029726221132,0.0874030588343587,0.0437015294171793,-5.652809,-5.565408,/home/rb1820/BLA-ML/FODFT_4Target_Complete_Run_20260629_211000/fodft_couplings/case_summaries/phenalenyl_olympicenyl/orca_632,Monomer_B_then_Monomer_A,B_then_A,phenalenyl_olympicenyl_orca_632,6.138062690978655e-05,0.08740305883438595,-5.652811744361458,-5.565408771738774,0.9999963891720973,2.1255783591578314e-16,2.7255975254547593e-14,0.9999999999869619,2.220446049250313e-15,False,False,False,False,False,False,PASS
lowest,phenalenyl_olympicenyl_198,phenalenyl_olympicenyl,198,OK,43,62,62,62,63,-0.203019,-0.202763,-8e-06,1.433903777699327e-05,1.000000000000001,0.9999999999999988,-5.090738287434754e-06,0.0001385260458166,0.1385260458166265,0.006966114878973,0.0069716220752921,0.003485811037646,-5.524423,-5.517463,/home/rb1820/BLA-ML/FODFT_4Target_Complete_Run_20260629_211000/fodft_couplings/case_summaries/phenalenyl_olympicenyl/orca_198,Monomer_B_then_Monomer_A,B_then_A,phenalenyl_olympicenyl_orca_198,0.00013852604581738272,0.006971622076568521,-5.524428422288263,-5.517462307408573,0.9999856609622231,7.827126533715978e-16,1.2764208093263285e-12,0.999999999794392,1.2212453270876722e-15,False,False,False,False,False,False,PASS
lowest,phenalenyl_olympicenyl_634,phenalenyl_olympicenyl,634,OK,43,62,62,62,63,-0.207999,-0.204644,8e-06,-6.129532737326543e-06,1.000000000000006,0.999999999999998,6.735345611588736e-06,0.0001832780909371,0.1832780909371613,0.0912942008552896,0.0912949367354197,0.0456474683677098,-5.659947,-5.568636,/home/rb1820/BLA-ML/FODFT_4Target_Complete_Run_20260629_211000/fodft_couplings/case_summaries/phenalenyl_olympicenyl/orca_634,Monomer_B_then_Monomer_A,B_then_A,phenalenyl_olympicenyl_orca_634,0.00018327809093769394,0.09129493673557915,-5.659941126656703,-5.568646925799698,0.9999938704672626,5.939530551418715e-16,1.594419041239803e-13,0.9999999999624288,5.995204332975845e-15,False,False,False,False,False,False,PASS
lowest,phenalenyl_olympicenyl_633,phenalenyl_olympicenyl,633,OK,43,62,62,62,63,-0.207776,-0.204719,-8e-06,5.941357527637238e-06,1.0,1.0000000000000029,-6.774609863557781e-06,0.0001843465256631,0.1843465256631508,0.0831852077539846,0.0831860248112693,0.0415930124056346,-5.653864,-5.570679,/home/rb1820/BLA-ML/FODFT_4Target_Complete_Run_20260629_211000/fodft_couplings/case_summaries/phenalenyl_olympicenyl/orca_633,Monomer_B_then_Monomer_A,B_then_A,phenalenyl_olympicenyl_orca_633,0.0001843465256633156,0.0831860248111666,-5.653872987551866,-5.570687779796413,0.9999940586424723,2.156207070530547e-16,1.0269562977782698e-13,0.9999999999647002,2.886579864025407e-15,False,False,False,False,False,False,PASS
lowest,phenalenyl_olympicenyl_344,phenalenyl_olympicenyl,344,OK,43,62,62,62,63,-0.204109,-0.202832,5.3e-05,-0.0003632541032432,1.0000000000000022,1.0000000000000044,-2.091149677329739e-05,0.0005690308156799,0.569030815679927,0.0347489402361266,0.0347675738458816,0.0173837869229408,-5.554141,-5.519275,/home/rb1820/BLA-ML/FODFT_4Target_Complete_Run_20260629_211000/fodft_couplings/case_summaries/phenalenyl_olympicenyl/orca_344,Monomer_B_then_Monomer_A,B_then_A,phenalenyl_olympicenyl_orca_344,0.0005690308156793353,0.034767573846088605,-5.5540890431314525,-5.519340100602703,0.9996367458967568,5.647609116476993e-16,2.0700802183526434e-13,0.9999998680464565,4.440892098500626e-15,False,False,False,False,False,False,PASS
lowest,phenalenyl_olympicenyl_635,phenalenyl_olympicenyl,635,OK,43,62,62,62,63,-0.206152,-0.203487,-3.3e-05,5.146307352086072e-05,1.0000000000000022,1.0000000000000029,-2.2459359072476515e-05,0.0006111502945584,0.6111502945584932,0.072518344345558,0.0725286446811051,0.0362643223405525,-5.609698,-5.537161,/home/rb1820/BLA-ML/FODFT_4Target_Complete_Run_20260629_211000/fodft_couplings/case_summaries/phenalenyl_olympicenyl/orca_635,Monomer_B_then_Monomer_A,B_then_A,phenalenyl_olympicenyl_orca_635,0.0006111502945579135,0.07252864468111268,-5.60968166597926,-5.537163321537673,0.9999485369264791,4.864815147942458e-16,7.577272143066693e-15,0.9999999973515521,2.886579864025407e-15,False,False,False,False,False,False,PASS
highest,phenalenyl_olympicenyl_5,phenalenyl_olympicenyl,5,OK,43,62,62,62,63,-0.219552,-0.216001,0.077287,-0.1439931267648625,1.0000000000000018,1.0000000000000009,0.0469011298188327,1.2762447588734842,1276.2447588734842,0.0966276325595033,2.554356538927593,1.2771782694637963,-8.029624,-3.822369,/home/rb1820/BLA-ML/FODFT_4Target_Complete_Run_20260629_211000/fodft_couplings/case_summaries/phenalenyl_olympicenyl/orca_5,Monomer_B_then_Monomer_A,B_then_A,phenalenyl_olympicenyl_orca_5,1.2762447588734849,2.5543565389275935,-5.791052595410956,-5.693407371492926,0.8560068732351376,6.661338147750939e-16,4.440892098500626e-16,0.9792659794444782,1.7763568394002505e-15,False,False,False,False,False,False,PASS
highest,phenalenyl_olympicenyl_4,phenalenyl_olympicenyl,4,OK,43,62,62,62,63,-0.219212,-0.218616,0.064862,-0.1180292952701975,1.0000000000000004,0.9999999999999956,0.0395750515158821,1.0768920125035422,1076.8920125035422,0.0162179862026084,2.1538459474554674,1.0769229737277335,-7.72197,-4.191944,/home/rb1820/BLA-ML/FODFT_4Target_Complete_Run_20260629_211000/fodft_couplings/case_summaries/phenalenyl_olympicenyl/orca_4,Monomer_B_then_Monomer_A,B_then_A,phenalenyl_olympicenyl_orca_4,1.0768920125035428,2.1538459474554643,-5.838014676361444,-5.82168253031119,0.8819707047298024,6.661338147750939e-16,3.1086244689504383e-15,0.9860690854580205,4.440892098500626e-15,False,False,False,False,False,False,PASS
highest,phenalenyl_olympicenyl_0,phenalenyl_olympicenyl,0,OK,43,62,62,62,63,-0.215847,-0.213943,-0.06709,0.1346789101242673,1.0000000000000009,0.9999999999999982,-0.0388529054929987,1.057241418148858,1057.2414181488575,0.0518104794123616,2.11512921109704,1.05756460554852,-7.673369,-4.021789,/home/rb1820/BLA-ML/FODFT_4Target_Complete_Run_20260629_211000/fodft_couplings/case_summaries/phenalenyl_olympicenyl/orca_0,Monomer_B_then_Monomer_A,B_then_A,phenalenyl_olympicenyl_orca_0,1.0572414181488587,2.115129211097045,-5.7313461501840095,-5.679059300610127,0.8653210898757326,6.661338147750939e-16,5.329070518200751e-15,0.9818615911677395,1.7763568394002505e-15,False,False,False,False,False,False,PASS
highest,phenalenyl_olympicenyl_6,phenalenyl_olympicenyl,6,OK,43,62,62,62,63,-0.218046,-0.21794,-0.061756,0.1120664736784962,1.0000000000000009,0.9999999999999988,-0.0378010323819387,1.028618492642035,1028.6184926420349,0.0028844069420745,2.057239033083074,1.028619516541537,-7.612338,-4.251429,/home/rb1820/BLA-ML/FODFT_4Target_Complete_Run_20260629_211000/fodft_couplings/case_summaries/phenalenyl_olympicenyl/orca_6,Monomer_B_then_Monomer_A,B_then_A,phenalenyl_olympicenyl_orca_6,1.028618492642035,2.057239033083071,-5.818069420607403,-5.815166728774148,0.8879335263215038,0.0,3.1086244689504383e-15,0.9874411054772669,1.2212453270876722e-15,False,False,False,False,False,False,PASS
highest,phenalenyl_olympicenyl_1,phenalenyl_olympicenyl,1,OK,43,62,62,62,63,-0.21468,-0.212671,0.064935,-0.1318544436723763,0.9999999999999982,0.9999999999999964,0.0374113544524105,1.018014815990106,1018.014815990106,0.0546676749681901,2.036776397665452,1.0183881988327257,-7.581584,-4.04724,/home/rb1820/BLA-ML/FODFT_4Target_Complete_Run_20260629_211000/fodft_couplings/case_summaries/phenalenyl_olympicenyl/orca_1,Monomer_B_then_Monomer_A,B_then_A,phenalenyl_olympicenyl_orca_1,1.018014815990106,2.0367763976654567,-5.70775137337221,-5.6526021958117765,0.8681455563276237,0.0,4.884981308350689e-15,0.9826144056838482,3.552713678800501e-15,False,False,False,False,False,False,PASS
highest,phenalenyl_olympicenyl_3,phenalenyl_olympicenyl,3,OK,43,62,62,62,63,-0.214408,-0.212122,0.063798,-0.1302922851784464,0.999999999999998,1.0000000000000069,0.0366331022605468,0.9968374950005158,996.8374950005158,0.062205228958328,1.994661946155211,0.9973309730776057,-7.539562,-4.066933,/home/rb1820/BLA-ML/FODFT_4Target_Complete_Run_20260629_211000/fodft_couplings/case_summaries/phenalenyl_olympicenyl/orca_3,Monomer_B_then_Monomer_A,B_then_A,phenalenyl_olympicenyl_orca_3,0.996837495000516,1.9946619461552164,-5.704726076818745,-5.641986028332157,0.8697077148215536,2.220446049250313e-16,5.329070518200751e-15,0.9830239204229784,6.8833827526759706e-15,False,False,False,False,False,False,PASS
highest,phenalenyl_olympicenyl_7,phenalenyl_olympicenyl,7,OK,43,62,62,62,63,-0.217335,-0.217259,0.059818,-0.1093821491913144,0.9999999999999984,1.0000000000000016,0.0364861236962719,0.9928380045181516,992.8380045181516,0.0020680653546948,1.9856770990135888,0.9928385495067946,-7.540697,-4.285226,/home/rb1820/BLA-ML/FODFT_4Target_Complete_Run_20260629_211000/fodft_couplings/case_summaries/phenalenyl_olympicenyl/orca_7,Monomer_B_then_Monomer_A,B_then_A,phenalenyl_olympicenyl_orca_7,0.9928380045181517,1.9856770990135848,-5.805394116924024,-5.803313567798854,0.8906178508086855,1.1102230246251565e-16,3.9968028886505635e-15,0.9880355454382891,1.5543122344752192e-15,False,False,False,False,False,False,PASS
highest,phenalenyl_olympicenyl_2,phenalenyl_olympicenyl,2,OK,43,62,62,62,63,-0.21362,-0.211367,-0.062651,0.1289979868789244,0.9999999999999948,1.000000000000002,-0.0358360961383881,0.975149853570038,975.149853570038,0.061307253212211,1.95127935722097,0.975639678610485,-7.487347,-4.077148,/home/rb1820/BLA-ML/FODFT_4Target_Complete_Run_20260629_211000/fodft_couplings/case_summaries/phenalenyl_olympicenyl/orca_2,Monomer_B_then_Monomer_A,B_then_A,phenalenyl_olympicenyl_orca_2,0.9751498535700394,1.9512793572209721,-5.687362235244307,-5.625538435247765,0.8710020131210756,1.3322676295501878e-15,2.220446049250313e-15,0.9833595193811848,5.218048215738236e-15,False,False,False,False,False,False,PASS
highest,phenalenyl_olympicenyl_8,phenalenyl_olympicenyl,8,OK,43,62,62,62,63,-0.216808,-0.216906,-0.058165,0.1062258319839574,1.0000000000000016,1.0000000000000022,-0.0355301038652991,0.9668233796387256,966.8233796387256,0.0026667158521064,1.9336486191130131,0.9668243095565068,-7.483712,-4.318226,/home/rb1820/BLA-ML/FODFT_4Target_Complete_Run_20260629_211000/fodft_couplings/case_summaries/phenalenyl_olympicenyl/orca_8,Monomer_B_then_Monomer_A,B_then_A,phenalenyl_olympicenyl_orca_8,0.9668233796387271,1.9336486191130142,-5.79693702431018,-5.7996189142149195,0.8937741680160427,1.5543122344752192e-15,1.1102230246251565e-15,0.988716072619316,2.220446049250313e-15,False,False,False,False,False,False,PASS
highest,phenalenyl_olympicenyl_9,phenalenyl_olympicenyl,9,OK,43,62,62,62,63,-0.214856,-0.215359,-0.052652,0.0967949522925099,0.9999999999999984,1.000000000000001,-0.0321317304259751,0.8743489273731737,874.3489273731738,0.013687327281732,1.7487519269435492,0.8743759634717746,-7.286111,-4.420621,/home/rb1820/BLA-ML/FODFT_4Target_Complete_Run_20260629_211000/fodft_couplings/case_summaries/phenalenyl_olympicenyl/orca_9,Monomer_B_then_Monomer_A,B_then_A,phenalenyl_olympicenyl_orca_9,0.874348927373174,1.7487519269435574,-5.761864753456639,-5.7756166549368935,0.9032050477074902,3.3306690738754696e-16,8.215650382226158e-15,0.9906307372106907,1.5543122344752192e-15,False,False,False,False,False,False,PASS
