target,n_estimators,min_samples_leaf,n_folds,mean_r2,sd_r2,se_r2,mean_mae,sd_mae,se_mae,mean_rmse,sd_rmse,se_rmse,mean_fit_seconds,sd_fit_seconds,se_fit_seconds,mean_nodes_total,sd_nodes_total,se_nodes_total,mean_leaves_total,sd_leaves_total,se_leaves_total,mean_mean_tree_depth,sd_mean_tree_depth,se_mean_tree_depth
target_fodft_coupling_abs_ev,1000,1,5,0.9424748524722781,0.00872967551515062,0.0039040295746784557,0.035544901289436645,0.0017072033660955198,0.0007634845556012084,0.05266271092002124,0.004303015155305778,0.0019243668790951069,7.218633275991306,0.23984499105808163,0.10726194081373994,3509400.0,894.4271909999159,400.0,1755200.0,447.21359549995793,200.0,28.090999999999998,0.13280436739806467,0.05939191864218589
target_fodft_coupling_abs_ev,500,1,5,0.942341735873498,0.009021024770260335,0.004034324922602307,0.03555343409161844,0.0018279193406270477,0.0008174703806057344,0.05271611158130425,0.0044368996628352505,0.0019842418510891036,3.5464681867975743,0.011213197179139697,0.00501469422753305,1754700.0,447.21359549995793,200.0,877600.0,223.60679774997897,100.0,28.1424,0.11796101050770917,0.052753767637960934
target_fodft_coupling_abs_ev,750,1,5,0.9424926969965599,0.00860566915804437,0.003848572245852119,0.035580059736294904,0.001737954028569802,0.0007772366699303377,0.05265707726453071,0.004257005444426679,0.0019037907108649514,5.322734020627104,0.03936462728949822,0.017604396505652264,2632050.0,670.820393249937,300.0,1316400.0,335.4101966249685,150.0,28.0968,0.1284180672646956,0.05743030558859996
target_fodft_coupling_abs_ev,300,1,5,0.9420609902259999,0.008765102760517686,0.003919873120457721,0.035651251564286425,0.00179603978460663,0.000803213409734901,0.05285261285330245,0.004310965604705137,0.0019279224281568345,2.138107929006219,0.011112404717898882,0.004969618468542255,1052820.0,268.32815729997475,119.99999999999999,526560.0,134.16407864998737,59.99999999999999,28.166666666666668,0.10643203360726351,0.04759785242587667
target_fodft_coupling_abs_ev,200,1,5,0.9418839452255068,0.008749319709254227,0.0039128147253542295,0.0357905253619587,0.0017465906254777609,0.0007810990734864299,0.05293410261800964,0.004295327215316378,0.0019209287278104594,1.4363028242019937,0.017730509270712187,0.007929324801000535,701880.0,178.88543819998318,80.0,351040.0,89.44271909999159,40.0,28.167999999999996,0.12075802250782489,0.054004629431189215
target_fodft_coupling_abs_ev,100,1,5,0.9403452065959325,0.008904451241302068,0.003982191655576761,0.03615984193185173,0.0017983406494477075,0.0008042423877732387,0.053633369790998066,0.004364314624466694,0.0019517808351007988,0.7175375492079183,0.004384280295327032,0.0019607097545528192,350940.0,89.44271909999159,40.0,175520.0,44.721359549995796,20.0,28.086000000000002,0.2294122926087432,0.10259629622944447
target_fodft_coupling_abs_ev,500,2,5,0.9375748110999667,0.010827246710047679,0.004842091930565513,0.03674190933116726,0.001904306343281936,0.0008516316867124917,0.054828873601461305,0.0050755928867323675,0.0022698741441695928,2.246933601796627,0.013741235507775288,0.006145267338043876,759120.8,344.61746908710245,154.1176174225387,379810.4,172.30873454355122,77.05880871126935,23.416800000000002,0.2851196240177098,0.12750937220455616
target_fodft_coupling_abs_ev,50,1,5,0.9384922893723828,0.0098601898416029,0.004409610951375394,0.036742157791403336,0.0018007843485923882,0.0008053352432540515,0.05444683816906067,0.004747590550808984,0.002123187040188911,0.3625192757928744,0.002931362870795679,0.0013109453291636141,175470.0,44.721359549995796,20.0,87760.0,22.360679774997898,10.0,27.8,0.3069201850644554,0.13725887949418758
target_fodft_coupling_abs_ev,750,2,5,0.9374464129556321,0.0109894053937801,0.004914611498559029,0.03675117757998689,0.0018252064615258664,0.0008162571441887383,0.05488062531279281,0.005105128271092579,0.002283082769603796,3.387825596611947,0.09121854739425095,0.040794174556466285,1138809.2,570.0624527189982,254.93967913998796,569779.6,285.0312263594991,127.46983956999398,23.395466666666664,0.25320979443931446,0.11323886258701107
target_fodft_coupling_abs_ev,1000,2,5,0.9374451197969995,0.011006316149279266,0.004922174218328432,0.03675159088024314,0.0018341733374943865,0.0008202672530310224,0.05488152510106624,0.005117528503999454,0.0022886283223471165,4.445374255231582,0.025128538251001916,0.011237823940888791,1518551.2,902.0439013706595,403.40629643078205,759775.6,451.0219506853297,201.70314821539102,23.373600000000003,0.23181522814517574,0.10367092167044709
target_fodft_coupling_abs_ev,300,2,5,0.9374360244011019,0.010363892320032132,0.004634873547815971,0.03679675374275032,0.0017923195527977324,0.0008015496714915505,0.05490227674006891,0.0048535860915221865,0.0021705896870582247,1.3447463656309993,0.0077570498593186,0.003469058158058314,455462.8,231.54524395892912,103.5501810717876,227881.4,115.77262197946456,51.7750905358938,23.480666666666668,0.2977265710532241,0.13314737031658605
target_fodft_coupling_abs_ev,200,2,5,0.937492942527627,0.010225025292916723,0.004572770325323298,0.03688166762763283,0.0018284932403159035,0.0008177270363490439,0.05487938833452306,0.004792239248570498,0.0021431545448492286,0.8936547498451546,0.0026608246393281464,0.001189956953948819,303645.6,149.648922481921,66.92503268583438,151922.8,74.8244612409605,33.46251634291719,23.455,0.34229008165589586,0.15307677812130738
target_fodft_coupling_abs_ev,100,2,5,0.9372332186910978,0.01049441759927176,0.00469324622724836,0.03691773371796425,0.0018734658761998312,0.0008378394105418056,0.054986315890784544,0.00488846801938912,0.0021861893594375664,0.45192555377725513,0.0019897509027094577,0.0008898436553499836,151835.2,77.73802158532207,34.76550014022522,75967.6,38.86901079266104,17.38275007011261,23.474,0.30883652633715436,0.13811589336495625
target_fodft_coupling_abs_ev,50,2,5,0.9365851514192723,0.009714419679165719,0.004344420552915249,0.03707351508258792,0.0016769232984558881,0.0007499428976801068,0.05528847940545414,0.004494897332816874,0.002010179197612205,0.22992440641392023,0.0024572707260289645,0.0010989248765042052,75911.6,85.74846937409437,38.34788129740677,37980.8,42.874234687047185,19.173940648703386,23.392,0.20957099035887505,0.09372299611087953
target_fodft_coupling_abs_ev,1000,3,5,0.9322815935822296,0.012833959112869556,0.005739520999365845,0.03844664648810263,0.0021202737274933136,0.0009482152371163828,0.05707807787848138,0.0057256188744161255,0.0025605746032900576,3.5966562142129987,0.012662417578395315,0.005662805292956039,957881.2,705.4680715666727,315.49491279575335,479440.6,352.73403578333637,157.74745639787668,20.8968,0.10181453727243368,0.04553284528776955
target_fodft_coupling_abs_ev,750,3,5,0.932461209502463,0.012623969001245681,0.005645610566527094,0.03845085485943364,0.00208191477607876,0.0009310605925346721,0.05700706517706546,0.005642799364543189,0.002523536592502237,2.7027440764242785,0.00809538422204879,0.003620365884896069,718478.4,627.0030302957076,280.40427956791245,359614.2,313.5015151478538,140.20213978395623,20.890666666666664,0.08434321417741837,0.037719432068306295
target_fodft_coupling_abs_ev,500,3,5,0.9323339658615198,0.012684975502026883,0.005672893503090326,0.038472002869396935,0.0020391567323036837,0.0009119386140414756,0.05705889274789159,0.005636522815406537,0.002520729634395503,1.8033593628089875,0.00509204054339382,0.00227722975984271,478946.4,315.9791132337706,141.31015533216288,239723.2,157.9895566168853,70.65507766608144,20.8732,0.07316556567129154,0.03272063569064658
target_fodft_coupling_abs_ev,300,3,5,0.932157894523866,0.012468109543534322,0.005575908098051323,0.03858237779859476,0.0020212099045800688,0.0009039125486873794,0.05713924933255836,0.005523475766519348,0.0024701734572020037,1.0839220186229794,0.006604778918419579,0.002953746927588743,287301.6,245.57442863620798,109.8242231932464,143800.8,122.78721431810399,54.9121115966232,20.851333333333333,0.06610597552415345,0.02956349099818888
target_fodft_coupling_abs_ev,200,3,5,0.9318428258310739,0.012025836458107878,0.005378117561324903,0.03869915233850076,0.0020314280053647894,0.0009084822222784953,0.05728565249455179,0.0053575777725971985,0.002395981618853849,0.7279933464014903,0.0012850889750581282,0.0005747092610731013,191575.2,223.26038609659352,99.8450799989664,95887.6,111.63019304829676,49.9225399994832,20.875,0.13024016277631098,0.05824517147369381
target_fodft_coupling_abs_ev,100,3,5,0.9317445152218389,0.010762862736923501,0.004813298542452077,0.03873152739380734,0.0020073711623052066,0.000897723674997441,0.05735898218711096,0.0048363255419169564,0.0021628705346089646,0.36389217658434064,0.000948581516138261,0.00042421855045699305,95761.6,71.62960281894631,32.0337322208949,47930.8,35.814801409473155,16.01686611044745,20.915999999999997,0.15852444606432195,0.07089428749906457
target_fodft_coupling_abs_ev,50,3,5,0.9308425056424161,0.01115893059595871,0.004990425473753183,0.038840751655313574,0.0020264864593169513,0.000906272295703113,0.05772925056041848,0.004929011450091008,0.0022043209328556613,0.18668858997989446,0.0004198566549705307,0.0001877656042639563,47903.6,32.19937887599698,14.400000000000002,23976.8,16.09968943799849,7.200000000000001,20.708,0.26480181268261743,0.1184229707446997
target_fodft_coupling_abs_ev,1000,5,5,0.9203614982842403,0.015936576759899106,0.007127053792755549,0.04185864110107765,0.0022053635675473005,0.0009862685704274425,0.06187290609354444,0.006624627130295714,0.0029626233177861144,2.8544270877726374,0.011843889339846023,0.005296748336376163,543617.6,464.05904796695864,207.533515365591,272308.8,232.02952398347932,103.7667576827955,18.039799999999996,0.14157224304220117,0.0633130318338967
target_fodft_coupling_abs_ev,750,5,5,0.920452272522739,0.015695039997875502,0.007019035268965555,0.041873365407220524,0.0022005270710334134,0.000984105623431844,0.06184400261254328,0.006539781157354226,0.0029246790451632593,2.141135593992658,0.004701031073652336,0.0021023650090050885,407656.4,321.0059189485453,143.558211189747,204203.2,160.50295947427264,71.7791055948735,18.0664,0.11727422753718998,0.05244662895638691
target_fodft_coupling_abs_ev,100,5,5,0.9216149753472953,0.013855631272201418,0.006196426679162852,0.04188178710078859,0.002145422646390151,0.0009594621755591743,0.061430477720664366,0.005823854898696614,0.002604507088916156,0.2891448771813884,0.0011952553424238893,0.0005345344392259209,54402.4,54.925403958459874,24.56338738855046,27251.2,27.462701979229937,12.28169369427523,17.918,0.13255187663703621,0.059279001341115835
target_fodft_coupling_abs_ev,300,5,5,0.9203769770386103,0.015272469230920354,0.006830055876922369,0.04193008819518369,0.0021256355751073995,0.000950613128266401,0.061883125354514124,0.006342805223391612,0.0028365887295088766,0.8607210114132613,0.0014803137476987222,0.0006620164335763632,163106.8,137.07370280254344,61.30122347881811,81703.4,68.53685140127172,30.650611739409054,18.069333333333333,0.09346419397585044,0.041798458238445586
target_fodft_coupling_abs_ev,500,5,5,0.9202337358545444,0.015558667927666504,0.006958047825121616,0.041931406230360735,0.0021870305930682186,0.0009780698149944435,0.06193355419658477,0.006477504161490347,0.0028968279259260384,1.4307786151766777,0.002960180749291522,0.001323833076220421,271788.4,220.67351449596305,98.68819584935171,136144.2,110.33675724798152,49.34409792467586,18.078,0.12412090879461087,0.055508557898760275
target_fodft_coupling_abs_ev,200,5,5,0.9207791766446001,0.0145973789378062,0.006528146319651667,0.04193936313662121,0.0021245876328828328,0.0009501444742562763,0.0617415050911828,0.006112899076857035,0.002733771575089608,0.577434888551943,0.0017547385850510586,0.0007847429517831927,108762.4,119.82821036800976,53.58880480100298,54481.2,59.91410518400488,26.79440240050149,18.047,0.14171273760675243,0.06337586291325785
target_fodft_coupling_abs_ev,50,5,5,0.9193467185572363,0.014437796826846728,0.006456779030032008,0.04235686719531954,0.0022285851495183204,0.0009966535775938995,0.06230780381513743,0.005987427446720319,0.0026776589562429263,0.14729058076627552,0.001332255671571227,0.0005958028490085796,27203.6,57.29572409874929,25.623426780975255,13626.8,28.647862049374645,12.811713390487627,17.82,0.29291637031753576,0.13099618315050232
target_fodft_coupling_abs_ev,1000,10,5,0.8919569960713887,0.024330113842266292,0.010880757690323204,0.04800842844253724,0.0027948463182115827,0.0012498932708372213,0.07198409334970202,0.008714264650144535,0.00389713762632932,2.193418096587993,0.0046414804848875805,0.002075733176089463,257625.2,227.91489639775634,101.92664028604102,129312.6,113.95744819887817,50.96332014302051,14.6072,0.10978023501523404,0.04909521361599319
target_fodft_coupling_abs_ev,750,10,5,0.8918974378056092,0.02437193795048301,0.010899462000137384,0.0480234178429909,0.0028223564277207393,0.001262196165823409,0.07200330476008363,0.008722811283349818,0.0039009597968944743,1.6411895775934682,0.0072762796964524834,0.0032540512049138576,193183.6,206.10385731470433,92.17244707611923,96966.8,103.05192865735216,46.08622353805961,14.613866666666667,0.10941297912039542,0.04893097178679386
target_fodft_coupling_abs_ev,500,10,5,0.891805943309867,0.02441713142213294,0.010919673135087073,0.04808101498850138,0.0028283035489130694,0.0012648557992747049,0.07203275853017425,0.008728233873731573,0.0039033848530360227,1.0974503142060712,0.0020213626412677764,0.0009039808546106539,128799.6,146.59740788977135,65.56035387335854,64649.8,73.29870394488567,32.78017693667927,14.609599999999997,0.09809587147275937,0.04386980738503447
target_fodft_coupling_abs_ev,100,10,5,0.8918670409679728,0.023584844744476034,0.010547463217485413,0.04810781667181049,0.002705695173626109,0.001210023666924215,0.0720322484006899,0.008478656182850356,0.003791770316540456,0.22235528281889855,0.0007423110294456769,0.0003319715844576763,25761.6,18.46076921474292,8.255906976220116,12930.8,9.23038460737146,4.127953488110058,14.475999999999999,0.16211107303327574,0.07249827584156751
target_fodft_coupling_abs_ev,300,10,5,0.8910706025605435,0.025169677719386226,0.011256222070461895,0.048132812493977585,0.002873908949956129,0.001285251154649389,0.07225761740953691,0.008951210056990453,0.0040031028336620835,0.6621483324328438,0.00429024881364389,0.001918657597539113,77332.0,96.42613753542138,43.12307966738924,38816.0,48.21306876771069,21.56153983369462,14.562666666666667,0.11877616670770992,0.05311831657305735
target_fodft_coupling_abs_ev,200,10,5,0.8912255572429555,0.02486825874957615,0.011121423409221237,0.048163069006822684,0.0028558582271375607,0.001277178625996324,0.07221388117245449,0.008872881962875463,0.00396807344506426,0.44120870302431286,0.0016479571737651052,0.0007369888529094416,51506.8,78.79847714264534,35.23975028288367,25853.4,39.39923857132267,17.619875141441835,14.587,0.11919521802488556,0.05330572201931046
target_fodft_coupling_abs_ev,50,10,5,0.8893973070902945,0.023545184468935408,0.01052972660306237,0.048588514039094095,0.0025930359102343302,0.001159640912676401,0.07286594937861354,0.008351509242395186,0.0037349084761426803,0.11331528858281673,0.0007181348819710861,0.0003211596826202273,12900.0,21.02379604162864,9.402127418834526,6475.0,10.51189802081432,4.701063709417263,14.372,0.17355114519933326,0.07761443164772909
target_frontier_gap_ev,500,1,5,0.9795880070584702,0.0016769309495548474,0.0007499463193555818,0.03568232899470565,0.0009146357310492264,0.00040903753385525705,0.05205426025959459,0.002546951596208211,0.001139031380904631,3.5648751540109513,0.011640921034856542,0.005205978150929285,1751498.0,1089.8926552647283,487.4148130699353,875999.0,544.9463276323642,243.70740653496765,30.043600000000005,0.3939832483748521,0.17619466507247056
target_frontier_gap_ev,750,1,5,0.9795157724530776,0.001794983442943332,0.0008027409993815811,0.03569739128585485,0.0009441224773567852,0.0004222244076910555,0.0521430635569136,0.0027173259592177274,0.001215225112367132,5.3522053471999245,0.1172361875021544,0.052429616935545695,2627261.2,1621.2591402980586,725.0491293698655,1314005.6,810.6295701490293,362.5245646849327,30.019466666666666,0.4404932588713596,0.19699457409335447
target_frontier_gap_ev,1000,1,5,0.9795984560205045,0.0017231073233470715,0.0007705970215063524,0.035698390376634984,0.0009645109856553328,0.0004313424257941297,0.05203958074408101,0.0026184507939100207,0.0011710067941842197,7.105657345987856,0.034601123714980905,0.015474092944915472,3503024.0,2115.391689498661,946.0319233514267,1752012.0,1057.6958447493305,473.01596167571336,30.0274,0.42912154455352264,0.19190898884627625
target_frontier_gap_ev,300,1,5,0.9793788875234318,0.001831532725036899,0.0008190863352395874,0.03574698016697701,0.0009329316886510142,0.00041721973483746733,0.052315988775871416,0.00275953045734182,0.0012340995377194785,2.1265470393933357,0.010552011440997836,0.004719002976285334,1050903.2,627.2345653740712,280.50782520279176,525601.6,313.6172826870356,140.25391260139588,30.095333333333333,0.4308815253510981,0.19269607618677084
target_frontier_gap_ev,200,1,5,0.9793350855528496,0.0017551667581118997,0.0007849344365972276,0.03582395743127284,0.0009441754313256405,0.00042224808942586327,0.05237545906810302,0.0026868230244349923,0.001201583785229644,1.4223583689890802,0.010452838764455333,0.004674651607033407,700605.6,417.7999521302031,186.84581879185845,350402.8,208.89997606510155,93.42290939592922,30.019,0.39908332463283935,0.178475488513129
target_frontier_gap_ev,100,1,5,0.9793438193486816,0.001975871767767433,0.0008836367175101316,0.035951772274055785,0.0011893073211205938,0.0005318744032327638,0.052353415971450865,0.002907423875604576,0.0013002394850515448,0.7164358852198347,0.013388229646397841,0.005987398317544709,350305.2,203.30568117984308,90.92106466600575,175202.6,101.65284058992154,45.460532333002874,29.894,0.5153930538918817,0.23049078072669202
target_frontier_gap_ev,50,1,5,0.9789017856226294,0.0018413642729579387,0.0008234831371346856,0.036135262959611385,0.0011513163327271359,0.0005148843167167283,0.05291923410425833,0.002760164998000798,0.001234383312929071,0.3621420610463247,0.006373720821119045,0.0028504146051255923,175150.8,98.79878541763559,44.18416005764962,87600.4,49.39939270881779,22.09208002882481,29.915999999999997,0.5776504133124117,0.2583331182794804
target_frontier_gap_ev,1000,2,5,0.976569069335763,0.0037625308800938273,0.0016826549630663816,0.03708878171644919,0.001206856062979841,0.0005397224391761383,0.055689524364070375,0.005039809278654041,0.002253871228140923,4.548434086027555,0.08960857167761965,0.040074171527563984,1519166.8,718.9862307443725,321.54041736615324,760083.4,359.49311537218625,160.77020868307662,25.3868,0.34026342736180165,0.15217043076761008
target_frontier_gap_ev,750,2,5,0.9765881924400178,0.0036916357345144275,0.0016509496901083252,0.03710113321074687,0.0011846339406219445,0.0005297844039368235,0.05567129130781242,0.004954494752335113,0.0022157174120774593,3.3577123207971455,0.02299932062956616,0.010285608872804637,1139390.8,485.74602417312695,217.2322259702736,570070.4,242.87301208656348,108.6161129851368,25.3616,0.324528238798687,0.14513344051442975
target_frontier_gap_ev,300,2,5,0.9766103530859862,0.003731031125002585,0.001668567844334659,0.03712542898532132,0.0012399156613185562,0.0005545071410149796,0.055640772714510955,0.0049960819789389805,0.0022343157852138464,1.3444644670002162,0.006359242468057489,0.0028439396887960156,455810.8,233.3306666514284,104.34864637358743,228055.4,116.6653333257142,52.174323186793714,25.299333333333333,0.3182102728979347,0.14230796026770817
target_frontier_gap_ev,500,2,5,0.9765639674871915,0.0037433717596792996,0.0016740867439391839,0.037160877236714386,0.0012002962387777222,0.0005367887966088612,0.05569635403429023,0.005017086515716539,0.0022437092996279496,2.2391820286167787,0.004558067286918089,0.002038429659913377,759557.6,391.42662147585213,175.05130676461687,380028.8,195.71331073792607,87.52565338230843,25.2924,0.27719451654027977,0.12396515639485108
target_frontier_gap_ev,200,2,5,0.9764484851893197,0.0038298535391004026,0.0017127625714593298,0.03720640163916363,0.0013352949784335734,0.0005971620683583171,0.05582809249393441,0.005116510664421119,0.0022881731306496475,0.9015351787908003,0.0056847132603274515,0.0025422810565373277,303814.4,211.8320089127231,94.73415434783803,152007.2,105.91600445636155,47.367077173919014,25.266,0.40120755227188803,0.17942547199324835
target_frontier_gap_ev,100,2,5,0.9761345627470372,0.00414804590167304,0.0018550625219860653,0.03742347408871689,0.0012724708940336125,0.0005690662836898177,0.056186239536785455,0.005432826287723399,0.00242963377785947,0.4498055597767234,0.0011444130567105325,0.0005117970778286145,151882.8,99.42434309564233,44.46391795602362,75991.4,49.712171547821164,22.23195897801181,25.118,0.4102072646845748,0.18345026573979162
target_frontier_gap_ev,50,2,5,0.9758213914493796,0.0036769790275880797,0.001644395011505604,0.03764081402814613,0.0014416245274155792,0.0006447140882664488,0.056581032984443266,0.004871005825004656,0.0021783800287015712,0.23083166959695517,0.0032313346492507233,0.0014450967867550113,75980.8,68.36080748499099,30.571882506643256,38015.4,34.18040374249549,15.285941253321628,25.104,0.4574713105758653,0.20458738964071066
target_frontier_gap_ev,750,3,5,0.9734794801132154,0.004980751135666202,0.0022274596236717807,0.03932318784329816,0.0014598249844299607,0.0006528535800875928,0.05919895246621789,0.006167309877478883,0.0027581048248697363,2.717975228978321,0.013534603165074044,0.006052858545117874,718710.4,605.9544537339419,270.9910699635691,359730.2,302.97722686697097,135.49553498178454,22.757066666666667,0.2795860432059422,0.125034679633736
target_frontier_gap_ev,1000,3,5,0.9734806775219859,0.005025825463905021,0.0022476174760682087,0.03934671204132013,0.0014511701749934025,0.0006489830316411026,0.05919524719142479,0.006221030664583713,0.002782129491223975,3.624844956654124,0.014318467349682552,0.006403413265500287,958344.0,675.5146186427056,302.0993214159873,479672.0,337.7573093213528,151.04966070799364,22.7738,0.27307453195052805,0.12212264327306378
target_frontier_gap_ev,500,3,5,0.9734967000115458,0.004883277762660724,0.0021838682060644926,0.039369484015943104,0.0015069716290066352,0.000673938200524486,0.05918339077682429,0.006066382064637952,0.0027129685348031966,1.8147910060128196,0.010166714242152172,0.004546692830653502,479130.4,377.1137759350618,168.6504076484845,239815.2,188.5568879675309,84.32520382424225,22.754399999999997,0.2608846488392906,0.11667116181816306
target_frontier_gap_ev,300,3,5,0.9732653934612274,0.005057485283454379,0.002261776177801757,0.03939941299374732,0.001492878086534719,0.000667635376722289,0.059431539610427034,0.006241042731851071,0.002791079159779997,1.101876339595765,0.018443049010933726,0.008247982260161614,287471.6,286.5428414740107,128.14585440036677,143885.8,143.27142073700534,64.07292720018339,22.791333333333334,0.19420207116414745,0.08684980649885708
target_frontier_gap_ev,200,3,5,0.9731200269193888,0.005262405108466116,0.0023534191095344777,0.03944738952927488,0.0015485165295577928,0.0006925176448746574,0.05958079601312678,0.006455404673274804,0.002886944734342456,0.7265517336083576,0.0020951928357577755,0.0009369987213449876,191674.4,175.33624839148348,78.41275406462904,95937.2,87.66812419574174,39.20637703231452,22.708000000000002,0.22615260334561738,0.10113851887386936
target_frontier_gap_ev,50,3,5,0.9729982009972709,0.005397017206917377,0.0024136194700806607,0.03966913010003166,0.0015780117380854626,0.0007057083031303375,0.05970284198055016,0.00659761178855274,0.002950541689671579,0.1862701514037326,0.0012706588688763806,0.0005682559214041157,47944.4,35.28172331391992,15.778466338652818,23997.2,17.64086165695996,7.889233169326409,22.732,0.3330465432938763,0.1489429420952868
target_frontier_gap_ev,100,3,5,0.9729001888512949,0.005275723776948347,0.0023593753991536883,0.03966960602287514,0.0015785441468642689,0.0007059464035745833,0.0598242792126228,0.006438721758750955,0.0028794839081548273,0.36498755803331734,0.0005465275470273295,0.00024441454934586435,95858.0,108.71062505569546,48.61686950020538,47979.0,54.35531252784773,24.30843475010269,22.634,0.2950084744545491,0.13193180056377637
target_frontier_gap_ev,300,5,5,0.9662002724002668,0.007451677629797257,0.0033324915453282356,0.043726591736177024,0.0016298216746096492,0.0007288784111259437,0.06674772568697626,0.008044289062914935,0.0035975154350671753,0.859452860802412,0.0028602822927929227,0.0012791571283047865,163340.0,202.02475095888622,90.34821525630707,81820.0,101.01237547944311,45.174107628153536,19.688,0.2630230239182705,0.11762747222576117
target_frontier_gap_ev,1000,5,5,0.9662169175289499,0.007543890239114,0.003373730277891209,0.0437280347000711,0.001738803451875668,0.0007776165435810556,0.06672396954093407,0.008134408126520208,0.003637817905525179,2.8544379906263204,0.011344887489346013,0.005073587924652921,544281.2,371.91020421601775,166.3232996305689,272640.6,185.95510210800887,83.16164981528445,19.735,0.3033685876949026,0.1356705568647817
target_frontier_gap_ev,750,5,5,0.9662592249876252,0.0074537793231279886,0.0033334314511593104,0.0437285016234483,0.0017183983827738088,0.000768491119261588,0.06668790528941275,0.008056255461291692,0.0036028669711104296,2.15007200979162,0.015745745699342336,0.007041711548030885,408260.8,360.8118623327121,161.35997025284803,204505.4,180.40593116635605,80.67998512642401,19.712,0.2868046179699502,0.12826292440833328
target_frontier_gap_ev,200,5,5,0.9661833829442086,0.007253128763460017,0.0032436977929311177,0.04376553459257697,0.001539567317773675,0.0006885154356957914,0.06677828262236837,0.0078475462027147,0.0035095293531680824,0.5780816089827567,0.007460427023031926,0.0033364043929351547,108912.8,70.95914317408294,31.733893552477927,54556.4,35.47957158704147,15.866946776238963,19.630000000000003,0.22212046281241127,0.09933529080845314
target_frontier_gap_ev,500,5,5,0.9662006073895396,0.007353962932659184,0.0032887922042879286,0.04376662210196072,0.0016596404874207797,0.0007422137896167496,0.06675457965614014,0.007941557210974266,0.0035515723541884193,1.4315053204074502,0.010755303724937954,0.0048099180495235925,272256.0,280.0214277515205,125.22938952178917,136378.0,140.01071387576025,62.61469476089459,19.700799999999997,0.2807440115122669,0.12555253880348247
target_frontier_gap_ev,100,5,5,0.9656125709030061,0.007546550673251015,0.0033749200602072142,0.04392797258517973,0.001432687239771285,0.0006407172117250267,0.06732908419244368,0.008087910804189299,0.0036170236708244524,0.28877772025298326,0.0012998862988856782,0.0005813268254657971,54450.0,60.530983801686226,27.07027890510181,27275.0,30.265491900843113,13.535139452550904,19.624000000000002,0.13164345787011197,0.05887274411814001
target_frontier_gap_ev,50,5,5,0.9654837304580484,0.007627293072178672,0.003411029158740944,0.044023690769826734,0.0015216736283366475,0.0006805131345058988,0.06744984461739835,0.008159859152569681,0.003649199950393927,0.14760199279990047,0.0014751666515138272,0.0006597145821851321,27160.0,59.61543424315552,26.660832695172893,13605.0,29.80771712157776,13.330416347586446,19.84,0.2517935662402839,0.11260550608207417
target_frontier_gap_ev,300,10,5,0.9537836805784599,0.010474942616566299,0.004684536750210352,0.05050759639143659,0.0016973396260396895,0.0007590733569457635,0.07802396084855326,0.009621629009161636,0.004302923303753873,0.650382962380536,0.005026261734459202,0.0022478125821913547,77233.2,94.80084387810058,42.39622624715553,38766.6,47.40042193905029,21.198113123577766,15.780000000000001,0.20200385034834262,0.09033886821911773
target_frontier_gap_ev,500,10,5,0.9537280569629882,0.010520326809695502,0.004704833178398527,0.05051462908898524,0.0017507806798343873,0.000782972922760597,0.07806904815307049,0.009658926935527055,0.004319603443508444,1.0806925417855382,0.009317904445966276,0.004167093549805621,128727.2,127.48803865461262,57.01438414996693,64613.6,63.74401932730631,28.507192074983465,15.7244,0.17339204133984928,0.07754327823867134
target_frontier_gap_ev,750,10,5,0.9537905386832268,0.010540619831703733,0.004713908493734388,0.05052492753684026,0.0017752583354767408,0.0007939196631498238,0.07801325332392203,0.009688700946429016,0.004332918785976365,1.6097216077847407,0.004017172980307872,0.0017965343722687649,193043.6,166.48363282917634,74.45374402943078,96896.8,83.24181641458817,37.22687201471539,15.748533333333336,0.1580368452116294,0.07067622576856308
target_frontier_gap_ev,1000,10,5,0.9538080529245011,0.01053993445177215,0.004713601982510901,0.05052563726726108,0.0017691068694477403,0.0007911686439093985,0.0779985354199098,0.00968744548890602,0.004332357328303509,2.1521045159781353,0.013294247228217074,0.005945368102396307,257373.2,256.02187406547904,114.4964628274603,129186.6,128.01093703273952,57.24823141373015,15.7644,0.1780766688816925,0.07963830736523717
target_frontier_gap_ev,200,10,5,0.9535013604429377,0.010479747480132683,0.004686685550521761,0.050563604176281786,0.0016117078456872546,0.0007207776605652885,0.07826835726359684,0.009598706525830048,0.004292672057565366,0.4342445428250358,0.0016842827756309356,0.0007532341559285596,51480.8,96.846269933333,43.31096858764532,25840.4,48.4231349666665,21.65548429382266,15.748,0.22673222091268866,0.10139773173005424
target_frontier_gap_ev,50,10,5,0.9536243022564281,0.009944216680691597,0.004447188896202746,0.05063341807550324,0.0017651270671002754,0.0007893888221922096,0.07819861558157673,0.00918474408615012,0.00410754242651417,0.1117593307979405,0.00035688929745437536,0.00015960574591002518,12880.8,26.252618916976648,11.740528097151337,6465.4,13.126309458488324,5.8702640485756685,15.964000000000002,0.35760313197733645,0.15992498241363062
target_frontier_gap_ev,100,10,5,0.9534660730822845,0.010741097672731747,0.004803564909838595,0.050703811336704575,0.0017172395613980756,0.0007679728785876042,0.07828124571936916,0.009819335957217378,0.0043913405388492045,0.22018601337913424,0.0014317050984105904,0.0006402779847558212,25728.0,56.69215113223346,25.353500744473138,12914.0,28.34607556611673,12.676750372236569,15.758,0.3282072515956958,0.14677874505527042
target_interaction_energy_kcal_mol,1000,1,5,0.9473128530283855,0.009392001017557152,0.004200230544000997,0.7551230653445249,0.033064123142469086,0.014786725392596968,1.114211845493109,0.08314957671314045,0.03718562116618312,7.00299747120589,0.04735073709878501,0.02117589338752089,3509400.0,894.4271909999159,400.0,1755200.0,447.21359549995793,200.0,27.621000000000002,0.25884647959746354,0.11575966482328817
target_interaction_energy_kcal_mol,750,1,5,0.9472324794496789,0.009396252552237186,0.004202131888111648,0.7557930125871231,0.03326311065158672,0.014875715312009045,1.1150745180707562,0.0830210734622381,0.037128152765313636,5.280458950181492,0.059737284748648194,0.02671532589784776,2632050.0,670.820393249937,300.0,1316400.0,335.4101966249685,150.0,27.6224,0.2645640439162757,0.11831663731980642
target_interaction_energy_kcal_mol,500,1,5,0.9470558010836383,0.00953488475139521,0.004264130092349175,0.7568209576377897,0.03298363523177664,0.014750730104661918,1.1168692429143898,0.08429902964615364,0.037699672145213914,3.511640484794043,0.006002007305922712,0.0026841792674987116,1754700.0,447.21359549995793,200.0,877600.0,223.60679774997897,100.0,27.6128,0.2758173308550414,0.12334926023288455
target_interaction_energy_kcal_mol,300,1,5,0.946759632899288,0.009519302965615766,0.004257161705906439,0.7596250000259037,0.03259156048388182,0.014575388946951137,1.120032004165879,0.0840051298363224,0.03756823615454253,2.1192726316163317,0.025584303687850352,0.011441648440606389,1052820.0,268.32815729997475,119.99999999999999,526560.0,134.16407864998737,59.99999999999999,27.55466666666667,0.3065905702688478,0.13711147127631393
target_interaction_energy_kcal_mol,200,1,5,0.9465191047925876,0.009587657097806271,0.004287730603130634,0.7606926969783462,0.03262811515023709,0.01459173669072418,1.1225477232916907,0.08463072231985863,0.037848009618422516,1.4037336160195992,0.011852885248945831,0.005300771429229479,701880.0,178.88543819998318,80.0,351040.0,89.44271909999159,40.0,27.597,0.310274072394069,0.13875878350576584
target_interaction_energy_kcal_mol,50,1,5,0.9457349008948561,0.009024148076613803,0.004035721707666489,0.7645859539529944,0.02863332000671698,0.012805209991304781,1.131180661891706,0.07919714095533358,0.035418038159951704,0.3563913453835994,0.0034331466544350623,0.0015353498592085557,175470.0,44.721359549995796,20.0,87760.0,22.360679774997898,10.0,27.583999999999996,0.36204972034238647,0.1619135571840729
target_interaction_energy_kcal_mol,100,1,5,0.9461996094551456,0.009530004714307585,0.004261947673417045,0.7652840860377468,0.03024280223703994,0.013524992326420801,1.1259547057438597,0.08374484643440401,0.03745183387852165,0.6999272519955412,0.0015680559743562604,0.000701255950237053,350940.0,89.44271909999159,40.0,175520.0,44.721359549995796,20.0,27.647999999999996,0.27797481900344767,0.12431411826498186
target_interaction_energy_kcal_mol,1000,2,5,0.9436302122733377,0.010717756780345509,0.004793126545432368,0.7850140088854505,0.03505995627934525,0.01567928910575732,1.1519637711163966,0.09302214000880503,0.041600765694438185,4.384583291201852,0.01658636438659086,0.007417647653599752,1520182.0,611.725428603389,273.5719283844744,760591.0,305.8627143016945,136.7859641922372,23.1224,0.20506657455567964,0.09170856012390567
target_interaction_energy_kcal_mol,750,2,5,0.9436752430443764,0.010961120730945136,0.004901962212795101,0.7851724058998639,0.035831739475637885,0.016024441043917797,1.1512947416166284,0.09532794629481073,0.0426319536141292,3.3024619921809064,0.026721103836251738,0.011950040922337857,1140110.8,499.3567862761054,223.31914382784115,570430.4,249.6783931380527,111.65957191392057,23.143466666666665,0.21771867678778087,0.09736675225375671
target_interaction_energy_kcal_mol,500,2,5,0.9435354401467275,0.01091602785176857,0.004881796064167104,0.786136396290591,0.03418387052411478,0.0152874916451944,1.152793127441498,0.09496305458141485,0.042468769079013285,2.1948016066337006,0.01347755074568141,0.006027343927509322,760079.6,528.4891673440432,236.34754071070847,380289.8,264.2445836720216,118.17377035535424,23.1212,0.1577884659916549,0.07056514720455083
target_interaction_energy_kcal_mol,300,2,5,0.9435254814527505,0.010549680751365587,0.0047179606601949016,0.7879048607664466,0.033784683058892026,0.01510896958359362,1.1531953309037615,0.09144299929206749,0.04089455249670561,1.317223381018266,0.004568779426471661,0.002043220274358627,456081.6,374.09196730215956,167.29901374485146,228190.8,187.04598365107978,83.64950687242573,23.133333333333336,0.21503229731575016,0.09616536683119258
target_interaction_energy_kcal_mol,200,2,5,0.9433233199506159,0.010721362433060176,0.004794739042347018,0.7903519147109116,0.03452054383938105,0.015438056529023522,1.1551513788457757,0.0929823973524739,0.04158299223820562,0.8866263800067827,0.01092389322607785,0.0048853135664919094,304069.2,342.1742246283317,153.02496528344645,152134.6,171.08711231416584,76.51248264172322,23.169,0.2308787560604057,0.10325211862233173
target_interaction_energy_kcal_mol,100,2,5,0.9430336630169609,0.010025475703112052,0.004483529035786209,0.7932416838911364,0.03157837529941852,0.014122278757700014,1.1587295662240122,0.08559699022259216,0.03828013776142018,0.4431919044116512,0.0024002040045601972,0.0010734038628127632,151976.4,193.2997672011014,86.44628389930939,76038.2,96.6498836005507,43.223141949654696,23.07,0.2143595111022612,0.09586448768965537
target_interaction_energy_kcal_mol,50,2,5,0.941993870435458,0.00953035293604649,0.004262103402912931,0.8040949959436761,0.03292956444312269,0.014726548912856468,1.1697277426412245,0.08072575331828219,0.03610165439091163,0.22727606582920998,0.007250007525478137,0.0032423019328708304,76049.2,151.89865042191784,67.93114160677708,38049.6,75.94932521095892,33.96557080338854,23.012,0.29549957698785373,0.1321514282934547
target_interaction_energy_kcal_mol,1000,3,5,0.9389710422280535,0.0106776131619638,0.004775173773519506,0.8297619584649327,0.033692538031324604,0.01506776107450775,1.199243735813047,0.08895453758785976,0.03978167859070292,3.5342889219755307,0.00927506662871687,0.004147935895530145,958672.4,736.775949661768,329.4962215261353,479836.2,368.387974830884,164.74811076306764,20.566200000000002,0.17031647013721304,0.07616784098292426
target_interaction_energy_kcal_mol,750,3,5,0.9388616130282493,0.010661297183825537,0.004767877046272194,0.8305294731213326,0.03380760014532044,0.015119218416213656,1.200356437395556,0.08853008579928098,0.039591857980216215,2.648251910391264,0.00619541563467227,0.0027706741015984396,719052.8,682.7131169092916,305.3185877079874,359901.4,341.3565584546458,152.6592938539937,20.611200000000004,0.17409218503105944,0.07785639201618405
target_interaction_energy_kcal_mol,500,3,5,0.938937283533613,0.0105967410100271,0.0047390066476760756,0.830811199347375,0.03417386768596981,0.015283018239982387,1.1996533763394743,0.0880618106085454,0.03938243894848392,1.7793888990301638,0.020306919394883157,0.009081530436113526,479350.0,431.13339003143795,192.80871349604507,239925.0,215.56669501571898,96.40435674802254,20.5848,0.15757284029933655,0.07046871646340697
target_interaction_energy_kcal_mol,200,3,5,0.93842070036407,0.011113327950480234,0.0049700313507044435,0.8308126744130891,0.034502443994752836,0.015429962032429348,1.2044241154731992,0.0922532384037708,0.04125690244306514,0.7574838359607383,0.10198515766640348,0.0456091490476224,191721.6,261.6501480985631,117.01350349425488,95960.8,130.82507404928154,58.50675174712744,20.532999999999998,0.054382901724715084,0.024320773014030694
target_interaction_energy_kcal_mol,300,3,5,0.93862131062649,0.010785896377382297,0.004823599499619108,0.8315310994265239,0.03479892782509362,0.015562553632203649,1.20265853387509,0.0895104428828328,0.040030286996425274,1.0694831412052737,0.011420097739941263,0.005107222971240076,287592.4,350.7375086870522,156.85458233663434,143946.2,175.3687543435261,78.42729116831717,20.526666666666664,0.12786711852544388,0.05718391382198304
target_interaction_energy_kcal_mol,100,3,5,0.9376234861221544,0.010950979170224985,0.004897426768961461,0.8384661623327375,0.03047040864766233,0.013626781007674081,1.2124797714337423,0.08981521451411477,0.040166585013457275,0.36042382000014184,0.006268929976157634,0.002803550714574921,95828.4,150.85357138629502,67.46376805367457,47964.2,75.42678569314751,33.731884026837285,20.534000000000002,0.11760102040373631,0.05259277516921883
target_interaction_energy_kcal_mol,50,3,5,0.9364513309262563,0.011431439530951354,0.005112295174377108,0.8424288412393451,0.03570892340784093,0.015969516028653152,1.2235489605029903,0.09380165270285,0.041949374369079896,0.19843982339370997,0.015088998755691457,0.006748005386027167,47944.8,135.42968655357657,60.56599706105728,23997.4,67.71484327678829,30.28299853052864,20.492,0.12537942414925943,0.05607138307550456
target_interaction_energy_kcal_mol,1000,5,5,0.9301054240301163,0.011169000206024694,0.004994928740276074,0.906769006978948,0.035938693837618975,0.01607227248869376,1.2840137410571983,0.08602717468417041,0.038472522101210806,2.8145978523883968,0.033510571245064014,0.014986383053762578,543597.2,365.1755742105433,163.31148153145878,272298.6,182.58778710527164,81.65574076572939,17.7996,0.07706036594774326,0.034462443326032786
target_interaction_energy_kcal_mol,750,5,5,0.9300114333088011,0.011231624097011476,0.005022934995728471,0.9076572080427227,0.036451839630794694,0.016301758263875553,1.2848074854525937,0.08686685091428104,0.03884803672713443,2.0967267754254864,0.0053590740223684276,0.002396650762093806,407654.0,290.292955477738,129.82295636750843,204202.0,145.146477738869,64.91147818375421,17.806933333333333,0.06483757483983406,0.028996244967619798
target_interaction_energy_kcal_mol,500,5,5,0.9299275562156002,0.011415820158711567,0.0051053099787583,0.9082410414415218,0.036657089526593224,0.016393548807751606,1.2854717469875514,0.08845404061099668,0.03955784953814312,1.403581206011586,0.009998719850371497,0.004471563454681438,271792.4,301.2786086000797,134.73588979926618,136146.2,150.63930430003984,67.36794489963309,17.7896,0.09371659404822619,0.04191133498231719
target_interaction_energy_kcal_mol,200,5,5,0.9297544201810368,0.011493238783934582,0.005139932640502948,0.9090810716574804,0.03604499951065391,0.016119813830953757,1.2870715762076153,0.08842630875576189,0.03954544747545369,0.6061135452007875,0.09604303989973711,0.042951753196307355,108684.8,136.43020193490884,61.0134411420959,54442.4,68.21510096745442,30.50672057104795,17.759999999999998,0.13518505834595795,0.06045659600076745
target_interaction_energy_kcal_mol,100,5,5,0.9297686210626118,0.01107016601080494,0.004950728744473503,0.9094689624846121,0.033525592226116646,0.014993100640707064,1.2872467559279457,0.08417870549418491,0.03764586154858649,0.283779427385889,0.00045071288172199704,0.00020156492837304155,54382.0,98.0612053770501,43.85430423573038,27241.0,49.03060268852505,21.92715211786519,17.766,0.16516658257650044,0.07386474125047747
target_interaction_energy_kcal_mol,300,5,5,0.9297418123013615,0.011156931279039611,0.004989531352045249,0.9094747544708495,0.036214297827988524,0.016195526340161064,1.2873877305825698,0.08565374506951413,0.03830551930057421,0.8463698679814116,0.007103574815616853,0.0031768152341949637,163047.6,207.02367014426153,92.58379987881248,81673.8,103.51183507213076,46.29189993940624,17.785999999999998,0.08917523323334904,0.03988037668383336
target_interaction_energy_kcal_mol,50,5,5,0.9288537290554943,0.011134248218412239,0.004979387178945138,0.9168833354921511,0.03480769582948928,0.015566474802974793,1.2955999511899279,0.08506855360166035,0.03804381372017942,0.14695398763287812,0.005918091186739593,0.002646650838118426,27203.6,47.945802736005994,21.44201483070096,13626.8,23.972901368002997,10.72100741535048,17.736,0.20899760764180952,0.09346657156438312
target_interaction_energy_kcal_mol,1000,10,5,0.9086075513330677,0.0108584231465138,0.0048560344568124025,1.0567468928123442,0.03447375999575219,0.01541713415810295,1.4701905132961834,0.06868945515127171,0.030718858211133328,2.125986784603447,0.005822582924222728,0.002603938244638305,257293.2,258.76089349049636,115.72138955266654,129146.6,129.38044674524818,57.86069477633327,14.217000000000002,0.07183313998427136,0.03212475680841779
target_interaction_energy_kcal_mol,750,10,5,0.9084821805606247,0.010890629716404652,0.004870437672732012,1.0572579345823307,0.03451758153518517,0.015436731746313118,1.4711817537526657,0.06897954303341465,0.03084858945591744,1.5971856577787549,0.00902690724330242,0.004036955644521889,192977.6,212.0254701680909,94.82067285144099,96863.8,106.01273508404545,47.410336425720494,14.210133333333332,0.06075524668701462,0.027170572316386712
target_interaction_energy_kcal_mol,500,10,5,0.9082189649784954,0.010983754715560918,0.004912084438435616,1.0577317956011223,0.03397663902458317,0.015194814901188023,1.4732628872249638,0.06971415735404321,0.031177118967551497,1.0717617280315608,0.007722802380083392,0.003453742219732726,128649.6,181.56211058478033,81.19704428118058,64574.8,90.78105529239016,40.59852214059029,14.1928,0.11830131022097783,0.052905954296279416
target_interaction_energy_kcal_mol,300,10,5,0.9080625102330011,0.010951806771962185,0.004897796883709996,1.059493533105681,0.03367434497464217,0.015059624892215663,1.4745411804577653,0.0694260591341934,0.03104827752679533,0.641055078431964,0.0020256246262604412,0.0009058868722431904,77166.4,108.95320096261514,48.72535274372059,38733.2,54.47660048130757,24.362676371860296,14.223333333333333,0.13256025883432157,0.05928274997370201
target_interaction_energy_kcal_mol,200,10,5,0.9077444813601196,0.010824012268474157,0.004840645444319984,1.0610717763439592,0.03234819570634532,0.01446655290977099,1.477170933002247,0.06830158075425674,0.030545395507441883,0.43096358578186483,0.0031513910452311777,0.0014093449201642056,51411.6,128.69654230009445,57.55484341043766,25805.8,64.34827115004722,28.77742170521883,14.213,0.1727932290340106,0.0772754812343476
target_interaction_energy_kcal_mol,100,10,5,0.9072000862543123,0.010461348269657247,0.0046784571734506805,1.066610702209469,0.03026681217583509,0.013535729897477115,1.4816974464823152,0.06549417206938557,0.02928988417544284,0.2185294416034594,0.0018805028580567216,0.0008409864444994935,25726.4,85.37446925164454,38.18062335792855,12913.2,42.68723462582227,19.090311678964277,14.154,0.20755722102591342,0.09282241108697821
target_interaction_energy_kcal_mol,50,10,5,0.9062951286365427,0.010060525031364573,0.004499203571893878,1.0673299993990184,0.02886027654840126,0.012906708042333643,1.4890972179048099,0.06271723471987672,0.028048000038890866,0.11082980956416577,0.0004916347056471241,0.00021986572438501383,12878.0,22.494443758403985,10.059821071967432,6464.0,11.247221879201993,5.029910535983716,14.148,0.23392306427541523,0.1046135746449762
target_somo_somo_elst_corrected_signed_kcal_mol,200,1,5,0.9640449888682955,0.006183231403801046,0.002765225147902118,0.5159674605737454,0.024361268759454387,0.010894690592856396,0.9505746715775836,0.0798225628134019,0.0356977353178027,1.4453136437572538,0.006585842585333125,0.002945278341983565,701880.0,178.88543819998318,80.0,351040.0,89.44271909999159,40.0,32.088,0.2675490609215432,0.1196515775073606
target_somo_somo_elst_corrected_signed_kcal_mol,1000,1,5,0.9640410124138373,0.00641002535262911,0.00286665048519515,0.5162837066431982,0.028708890529770176,0.012839006156633212,0.9507409017122368,0.08912650542097479,0.039858584943660624,7.225302516017109,0.02987942670114246,0.013362485846495367,3509400.0,894.4271909999159,400.0,1755200.0,447.21359549995793,200.0,32.1054,0.27411183848932835,0.12258654085991628
target_somo_somo_elst_corrected_signed_kcal_mol,750,1,5,0.9638902253619955,0.006561195228685002,0.0029342557089973883,0.5167319686623704,0.02844579408767485,0.012721345850800515,0.9525744185125113,0.09020914015788188,0.040342753916966,5.412632616981864,0.03049197461663389,0.013636425602198294,2632050.0,670.820393249937,300.0,1316400.0,335.4101966249685,150.0,32.08853333333333,0.30809176122274706,0.13778282428033922
target_somo_somo_elst_corrected_signed_kcal_mol,300,1,5,0.963834049691795,0.006431481507797867,0.0028762459694937747,0.5171635742704244,0.025286834500045978,0.011308616175577943,0.9532795702573278,0.08481495236237326,0.0379303997981346,2.165880398219451,0.00834908126233844,0.0037338226504517015,1052820.0,268.32815729997475,119.99999999999999,526560.0,134.16407864998737,59.99999999999999,32.19266666666667,0.22005554854273607,0.09841183307351252
target_somo_somo_elst_corrected_signed_kcal_mol,500,1,5,0.9635000177920793,0.006547629588047995,0.0029281889700728523,0.5180463857245485,0.027457410224005167,0.012279327149394656,0.9577036021514538,0.08796559468566607,0.03933940987966872,3.6088132048025727,0.019197631084529154,0.00858544162239404,1754700.0,447.21359549995793,200.0,877600.0,223.60679774997897,100.0,32.145599999999995,0.27818842535231514,0.12440964592828051
target_somo_somo_elst_corrected_signed_kcal_mol,100,1,5,0.9632669438783218,0.006948233852184858,0.0031073446434101135,0.5183786269857078,0.022552269674756136,0.010085681607932358,0.959828106622054,0.07867461515789556,0.03518435751933796,0.7263650954002514,0.0018342862492549798,0.0008203177487054516,350940.0,89.44271909999159,40.0,175520.0,44.721359549995796,20.0,32.11,0.32619012860600216,0.1458766602304839
target_somo_somo_elst_corrected_signed_kcal_mol,50,1,5,0.9614473371085586,0.006616457736220527,0.002958969853688694,0.5284539083873317,0.018106009486091368,0.008097253602431267,0.9837689027259359,0.0711126649288826,0.031802550568429344,0.3658382769674063,0.0013058360094579439,0.0005839876169230041,175470.0,44.721359549995796,20.0,87760.0,22.360679774997898,10.0,32.468,0.40114835161072443,0.17939899665271342
target_somo_somo_elst_corrected_signed_kcal_mol,500,2,5,0.9581957256240013,0.008481246371503425,0.0037929286841210186,0.541397870783884,0.03754249969171086,0.016789516271186078,1.025117943806226,0.12492694326742848,0.05586902747344595,2.2831043183803557,0.010411304133276914,0.004656076755286342,759706.8,440.4692951841252,196.98385720662492,380103.4,220.2346475920626,98.49192860331246,26.7012,0.23695400397545427,0.10596905208597422
target_somo_somo_elst_corrected_signed_kcal_mol,300,2,5,0.9583252469577757,0.00839861100431255,0.0037559730244441283,0.5416131931335804,0.03677327863781198,0.01644551015793769,1.0233791277948772,0.12055606874883665,0.05391431296450735,1.3707579598296433,0.005363357942812395,0.002398566589558389,455805.2,256.88363124185236,114.88185235275411,228052.6,128.44181562092618,57.440926176377054,26.6,0.15425447949555463,0.06898470039718152
target_somo_somo_elst_corrected_signed_kcal_mol,200,2,5,0.9587365608992264,0.008207015577674028,0.0036702889448157663,0.5416535954807883,0.035276217124157475,0.01577600389573165,1.018162088627856,0.11409539047198544,0.05102500980294825,0.9139743890147656,0.004761474507341543,0.002129396134309602,303916.0,325.7729270519575,145.69008202345142,152058.0,162.88646352597874,72.84504101172571,26.497000000000003,0.13989281611290863,0.06256196927846831
target_somo_somo_elst_corrected_signed_kcal_mol,750,2,5,0.9580713426601261,0.008233025718429947,0.0036819210333826806,0.5416905980906052,0.03759384706205577,0.01681247951329749,1.0269471339704588,0.12314338599370461,0.0550713964122838,3.4373309270013124,0.025319179623960186,0.011323081354740507,1139596.4,408.47864081246644,182.67720164267897,570173.2,204.23932040623322,91.33860082133948,26.6672,0.20955529633541242,0.09371597753021894
target_somo_somo_elst_corrected_signed_kcal_mol,1000,2,5,0.9580511067627404,0.008395902332740726,0.003754761669691464,0.5425478040838309,0.03938115889847378,0.01761178966594162,1.027128264439846,0.1261144059398465,0.0564000769247,4.572130639594979,0.030442243247831163,0.013614185057946891,1519479.2,500.0731946425443,223.63953138924253,760239.6,250.03659732127215,111.81976569462127,26.692200000000003,0.19338355669498,0.08648375570013196
target_somo_somo_elst_corrected_signed_kcal_mol,100,2,5,0.9574900531292074,0.00891896725000608,0.003988683412021591,0.546897473971512,0.03095812301814774,0.01384489350487586,1.0324040961002918,0.108604820982039,0.04856955248000693,0.45970864221453667,0.0012264037392927766,0.0005484644257837156,151954.8,210.27886246601204,94.03956614106639,76027.4,105.13943123300602,47.019783070533194,26.356,0.31611706692299923,0.1413718500975353
target_somo_somo_elst_corrected_signed_kcal_mol,50,2,5,0.9570622189993362,0.009575377868701168,0.004282239164932573,0.5494397507734987,0.03480192680081232,0.015563894814917626,1.037317800465622,0.12325831313162416,0.05512279339085332,0.2339432358276099,0.0010854527632599624,0.0004854292330028524,75988.4,124.76698281196032,55.79749098301822,38019.2,62.38349140598016,27.89874549150911,26.736,0.5279015059648913,0.2360847305524015
target_somo_somo_elst_corrected_signed_kcal_mol,750,3,5,0.9502798898349877,0.01202838640050424,0.005379257930232298,0.5811433728652663,0.0505047429597307,0.022586407688822353,1.1168971206329568,0.1691230237610501,0.07563411553800403,2.7803522461559624,0.008540764178459285,0.003819545856566021,718521.2,498.2120030669675,222.80718121281458,359635.6,249.10600153348375,111.40359060640729,23.734133333333332,0.14921006817384835,0.06672877107282056
target_somo_somo_elst_corrected_signed_kcal_mol,500,3,5,0.9503664485793044,0.011645021084663726,0.005207811748945285,0.5813865474312098,0.048649579345562806,0.021756753298689632,1.1163092241571602,0.1648148758231292,0.0737074532087407,1.8567479632329196,0.009520509964348388,0.0042577014921494185,479010.4,383.9150947800829,171.692049903308,239755.2,191.95754739004144,85.846024951654,23.734,0.16481504785668097,0.07370753014448393
target_somo_somo_elst_corrected_signed_kcal_mol,200,3,5,0.9505622277965957,0.010758681907977938,0.004811428818907161,0.5818433094400866,0.04449122871887448,0.019897082363578844,1.1149663157949938,0.15442019810002802,0.0690588120101293,0.7487011556280777,0.005202722183018594,0.0023267280938551356,191610.8,189.14861881599876,84.5898339045538,95905.4,94.57430940799938,42.2949169522769,23.662,0.20951133620880824,0.09369631796394165
target_somo_somo_elst_corrected_signed_kcal_mol,1000,3,5,0.950210933442556,0.011884546121068871,0.005314930601688288,0.5821404300444029,0.04980542071243715,0.02227366127219709,1.1179502734555933,0.1678222314592274,0.07505238353570723,3.7019876069854947,0.00882294004594325,0.003945738740826845,958098.4,693.736837712976,310.2485455243908,479549.2,346.868418856488,155.1242727621954,23.7216,0.10090986076692378,0.045128261654976125
target_somo_somo_elst_corrected_signed_kcal_mol,300,3,5,0.9501691242249553,0.011168732574358868,0.004994809051756531,0.5832233171735901,0.047367247521742366,0.021183277073134874,1.1191640281048132,0.15932264903063714,0.07125125471756912,1.120143434405327,0.006626366381243756,0.0029634011344560653,287358.0,310.795752866734,138.99208610564847,143829.0,155.397876433367,69.49604305282423,23.75466666666667,0.21769754757971504,0.09735730298464752
target_somo_somo_elst_corrected_signed_kcal_mol,100,3,5,0.9490551921527055,0.011198480453939215,0.005008112707942157,0.5852329698500874,0.04392791811567991,0.01964516220334095,1.1310994478349365,0.15344310690050658,0.06862184354165995,0.3744275834178552,0.0012619488685026742,0.0005643606908201846,95784.4,106.55890389826652,47.65459054487825,47942.2,53.27945194913326,23.827295272439127,23.733999999999998,0.23287335614019922,0.10414413089560069
target_somo_somo_elst_corrected_signed_kcal_mol,50,3,5,0.9477482103087039,0.011440929223145518,0.005116539093743448,0.5921217020307098,0.04737400031670367,0.021186297014849195,1.1460235833858265,0.15887114280011708,0.0710493349928276,0.19316202620975673,0.002881488874331664,0.00128864099988299,47899.6,127.0307049496302,56.80985829941842,23974.8,63.5153524748151,28.40492914970921,24.080000000000002,0.4147288270665551,0.1854723699099144
target_somo_somo_elst_corrected_signed_kcal_mol,300,5,5,0.935438781221424,0.016981700922055268,0.0075944475270572865,0.6533278474770118,0.05697345534018558,0.02547930381074067,1.2721847560453614,0.20919969657706863,0.0935569484837311,0.8922556476201862,0.00531669115270097,0.0023776965665622167,163047.2,148.88653397805996,66.58408218185485,81673.6,74.44326698902998,33.29204109092743,20.158,0.22396180229871585,0.10015876286065946
target_somo_somo_elst_corrected_signed_kcal_mol,500,5,5,0.9353786297479336,0.0168736199570354,0.0075461122500856456,0.654278069177481,0.05732295102289628,0.025635603031617434,1.2729059270803371,0.20858042302229937,0.0932800009307047,1.4797355830203742,0.006755371187143802,0.003021093837539399,271753.6,267.45616463263656,119.61003302399007,136126.8,133.72808231631828,59.805016511995035,20.174,0.26141920357923226,0.11691022196540393
target_somo_somo_elst_corrected_signed_kcal_mol,200,5,5,0.9347085594960095,0.016172746165977418,0.00723267196199492,0.6544974341522528,0.05411269377622603,0.024199932345854238,1.2802723743854247,0.20036483461932686,0.0896058781018636,0.5941310622030869,0.003123533906878152,0.0013968868291610091,108752.8,71.82757130795945,32.12226642066216,54476.4,35.91378565397972,16.06113321033108,20.155,0.24228082879171467,0.10835128056465244
target_somo_somo_elst_corrected_signed_kcal_mol,1000,5,5,0.9348531627109116,0.01674443013615163,0.00748833680578622,0.655039737970411,0.05659928956499316,0.02531197178910384,1.2780992527231223,0.2055990076310456,0.09194667143390318,2.951712953811511,0.019634898554848113,0.008780993579990553,543712.4,477.5927135122562,213.58595459439744,272356.2,238.7963567561281,106.79297729719872,20.160000000000004,0.2212227384334628,0.09893381626117563
target_somo_somo_elst_corrected_signed_kcal_mol,750,5,5,0.9348602883130959,0.0166745005466819,0.007457063342647626,0.655329679696188,0.057351800759678696,0.02564850502613313,1.2781134339731217,0.20527264564853814,0.09180071791827153,2.2067575587891044,0.009530361512638355,0.004262107238481416,407759.2,295.2002710025856,132.01757458762827,204254.6,147.6001355012928,66.00878729381414,20.147199999999998,0.21707674014299969,0.09707966945876094
target_somo_somo_elst_corrected_signed_kcal_mol,100,5,5,0.9345661268447595,0.01582107574153736,0.0070754001670500855,0.6556780586278543,0.05591481811955925,0.025005866852974287,1.2821668741549086,0.19733283782223127,0.08824992791269012,0.30015031062066555,0.001120624552600072,0.0005011585353738099,54384.4,78.35049457406123,35.03940638766586,27242.2,39.175247287030615,17.51970319383293,20.223999999999997,0.3098063911542182,0.1385496300969443
target_somo_somo_elst_corrected_signed_kcal_mol,50,5,5,0.931821146821204,0.01827312310748297,0.008171989085910823,0.658819644261847,0.058848862167006605,0.026318011240788468,1.3063492845444267,0.215486740032536,0.09636859979251515,0.15367554042022674,0.0007165279800282724,0.00032044105422476577,27214.4,77.15439067220997,34.504492461127434,13632.2,38.577195336104985,17.252246230563717,20.592,0.36155220923125336,0.16169106345126188
target_somo_somo_elst_corrected_signed_kcal_mol,750,10,5,0.8929981537790361,0.028688087405549165,0.0128297027166527,0.8013493495043613,0.07553386591633048,0.033779771758453876,1.6384217325424923,0.2775147839220586,0.12410838432217773,1.6879284360446036,0.008019889170478875,0.0035866034714410323,192976.8,192.8190861922128,86.23131681703578,96863.4,96.4095430961064,43.11565840851789,15.976533333333332,0.13651406113982886,0.06105094411864395
target_somo_somo_elst_corrected_signed_kcal_mol,1000,10,5,0.8927690225134384,0.0286976395502122,0.012833974565612192,0.8016630946014216,0.07528543438422422,0.033668669799745074,1.6400840963458088,0.27705362501079644,0.12390214778737535,2.2524919010233133,0.003612086028178071,0.0016153739799166773,257398.4,218.3547572186143,97.6512160702569,129199.2,109.17737860930715,48.82560803512845,15.977599999999999,0.1537702832149301,0.06876816123759573
target_somo_somo_elst_corrected_signed_kcal_mol,500,10,5,0.8927076783045129,0.028650212444967123,0.012812764519351387,0.80204860370112,0.07557054367437778,0.03379617455050509,1.6406776020563563,0.27708535252253774,0.12391633676197744,1.1324957673670724,0.002854137341999643,0.0012764090227663535,128645.6,139.0280547227789,62.17523622793886,64572.8,69.51402736138945,31.08761811396943,16.006400000000003,0.11182486306720858,0.0500095990785768
target_somo_somo_elst_corrected_signed_kcal_mol,100,10,5,0.8938082832345569,0.030173937777748436,0.013494195203978888,0.8021281186762623,0.08104957251248886,0.0362464707370447,1.6305350030916486,0.29039637396621143,0.1298692065215798,0.22973110298626126,0.001291665389577174,0.0005776503230556618,25730.0,76.17086057016817,34.064644427910885,12915.0,38.08543028508409,17.032322213955442,16.03,0.3714835124201345,0.1661324772583616
target_somo_somo_elst_corrected_signed_kcal_mol,300,10,5,0.8924565501846701,0.02841095454331643,0.012705765132902405,0.8042849170146041,0.07593775698069809,0.03396039733354002,1.6427516459976421,0.2748401850422878,0.12291226734063528,0.6782525463728234,0.003617297460254613,0.0016177046031933316,77182.0,102.24480426897007,45.72526653831555,38741.0,51.122402134485036,22.862633269157776,15.956666666666667,0.16855595839694051,0.0753805161976371
target_somo_somo_elst_corrected_signed_kcal_mol,200,10,5,0.8930182918235108,0.029191473512463356,0.013054823827450523,0.8049527385437927,0.07684097788034963,0.03436432999960389,1.6378168032119764,0.28163210224445034,0.12594970505295242,0.45512768579646945,0.002767032409848339,0.0012374545128731888,51455.6,86.8262633078264,38.82988539771911,25827.8,43.4131316539132,19.414942698859555,15.901999999999997,0.22554378732299438,0.10086624807139415
target_somo_somo_elst_corrected_signed_kcal_mol,50,10,5,0.891609587798488,0.031361842512918396,0.01402544235170567,0.8075313193994536,0.08284159518277091,0.03704788763863898,1.6471295023828456,0.2970504398128914,0.13284499523356702,0.11867879477795214,0.0003930852238797684,0.00017579305630917714,12891.6,61.87729793712715,27.672368890284762,6470.8,30.938648968563577,13.836184445142381,16.312,0.36622397518458494,0.16378034070058559
